115863
360906
360930
360931
360932
360961
360967
361045
361061
361069
361070
361166
361183
361207
361333
361377
361456
577521
580700
582278
582736
583080
584244
584981
585043
585235
589144
591952
592932
594436
594481
604907
604999
605131
605285
605291
605720
606512
606620
607608
625347
634128
635006
635007
635008
635012
640043
643280
643504
643601
791005
791009
791627
792197
792198
792199
792200
792201
792286
792287
792289
792290
792299
792301
792311
792313
796299
796865
796870
797199
797203
797260
797264
798930
800125
800598
800599
800600
800601
800602
800618
800620
800624
800652
800855
800859
800860
801076
801080
801798
802019
802023
802135
802139
802251
802255
802367
802371
802483
802487
802599
802603
802715
802719
802831
802835
802947
802951
803063
803067
803578
803582
803705
803710
803824
803828
804114
805144
805356
805357
806413
806443
806461
806488
806705
806706
806709
806710
806713
806714
806716
806717
808455
808983
808986
809218
809220
810338
811031
811033
811038
811040
811620
811622
811627
811629
812492
812494
812533
812535
812701
813538
813917
813972
813974
814069
814175
814177
814265
814409
814410
814417
814605
814608
814609
815570
815588
815590
815607
815609
816991
817099
817407
817585
820809
820813
820970
820974
821444
824409
824546
824581
824680
824769
824772
825523
825525
827489
827490
827737
827761
827763
827773
828488
828490
828513
828786
828788
830727
830728
830796
830798
830799
830815
830829
831284
831286
831708
831710
831716
831718
833568
833626
833646
834163
834292
834294
834312
834314
834348
834350
834355
834357
834362
834364
834489
834491
834496
834498
834551
834553
834702
834887
835060
835233
835249
835251
835330
835332
835364
835493
835495
835691
835695
835738
835809
835847
835861
835863
836274
836278
836337
836344
836346
839720
839905
840317
840321
840322
840450
846960
846989
847327
847329
847349
847478
847480
847763
847765
847785
847914
847916
848009
848011
848031
848160
848162
848255
848257
848277
848406
848408
848501
848503
848523
848652
848654
848747
848749
848752
848881
848883
851061
851211
851334
851445
851646
852202
852204
852210
852212
852545
853073
853092
853221
853223
853224
853293
853371
853373
853390
853392
853404
853434
853479
853481
853486
853488
853491
855842
855870
856018
856156
856216
856218
857476
857950
857973
858960
860147
860177
865894
865899
866709
868835
868839
869436
869438
869445
869447
869644
869646
869656
869658
869696
869698
869710
869712
869985
870022
870834
870838
870849
870851
870859
870861
870867
870869
870875
870877
872775
872777
872905
872907
872913
872915
873072
873088
873090
873166
873246
873270
873272
873290
873292
873310
873312
873330
873332
873356
873358
873491
873580
873582
873606
873608
873634
873636
873637
873661
873663
873664
873845
873871
873872
873886
873888
873894
873896
874003
874018
874036
874097
874113
874127
874129
874154
874176
874198
874200
874206
874208
874219
874221
874227
874229
874240
874242
874248
874250
874261
874263
874269
874271
874282
874284
874290
874292
874303
874305
874311
874313
874345
874347
874385
874423
874461
874505
874530
874552
874574
874596
874618
874646
874665
874667
874678
874680
874686
874688
874699
874701
874707
874709
874720
874722
874728
874730
874741
874743
874749
874751
874772
874774
874802
874824
874846
874868
874893
874895
874908
874910
874916
874918
874923
874925
874931
874933
874938
874940
874946
874948
874953
874955
874961
874963
874990
875005
875007
875013
875015
875020
875022
875028
875030
875035
875037
875043
875045
875050
875052
875058
875060
875086
875088
875269
875273
877400
877402
878537
878541
883810
884567
886430
886432
886447
886449
887734
887738
888704
888787
888788
888789
888790
888868
888870
888875
888877
889955
889960
889976
889981
891542
891625
891652
895474
895476
896683
896768
896778
897712
897776
897777
898988
898990
900126
900136
900194
900199
900952
900953
900954
900955
900956
904104
906067
906069
907029
907030
907032
907033
907669
907687
907717
907723
907725
907731
907733
907905
907913
907915
907933
907935
907947
907949
907961
907963
907975
907977
907992
907994
908022
908048
908132
908154
908156
908174
908176
908194
908196
908324
908343
908345
908357
908359
908371
908373
908379
908381
908397
908399
908419
908630
908632
908661
908663
908674
908676
908682
908684
908723
908725
908726
908950
908952
908964
908966
908972
908974
908991
909068
909070
909277
909299
909364
909391
909393
909411
909413
909431
909433
909445
909447
909458
909460
909472
909474
909490
909492
909501
909503
909509
909511
909522
909524
909530
909532
909544
909546
909558
909560
909572
909574
909580
909582
909623
909647
909649
909680
909699
909702
909708
909711
909771
909952
909956
910129
910133
910288
910292
910447
910451
910656
910660
910815
910819
910892
911331
911335
912525
914132
914136
914289
914293
914456
914460
914479
914890
914895
915212
915216
915720
915724
919534
919536
919611
919613
920457
921251
921253
921254
921554
921556
921557
921741
921743
921744
923781
923903
924035
924409
924653
924657
925245
925246
927291
927821
929754
929760
929813
929839
929848
929882
929893
929912
929941
929942
929943
929944
929945
929946
930065
930066
930068
930069
930073
930102
930105
930163
930176
931174
934877
934879
934885
934887
934894
934896
935160
935162
937712
937716
937947
937969
937999
938004
938110
938118
938122
938123
940248
940263
940265
940846
940848
940860
940862
940943
940958
940960
940972
940974
940987
940994
940996
941008
941010
941028
941030
941036
941038
941044
941046
941051
941053
941059
941061
941066
941068
941074
941076
941081
941083
941089
941091
941096
941098
941104
941106
941111
941113
941119
941121
941126
941128
941134
941136
941153
941155
941156
941168
941170
941176
941178
941183
941185
941191
941193
941198
941200
941206
941208
941213
941215
941221
941223
941228
941230
941236
941238
941272
941400
941655
941659
942174
942176
944056
944061
944741
945281
945831
946147
946150
946153
946154
946929
946942
948035
948089
948109
948111
948485
948597
949017
949025
949376
949379
949384
949385
949573
949638
949642
949737
949753
951578
951703
951824
952054
952154
952156
952183
952198
952322
952386
952440
952537
952685
952707
952761
952838
952936
952967
952988
953011
953125
953130
954064
955730
955732
955898
955902
960122
960124
960457
960706
960707
960708
960709
960713
960835
960837
960849
960851
960863
960865
961767
961769
962012
962014
965315
965320
965342
965347
966395
966404
966406
966427
966453
966480
966512
966545
966568
966570
966593
966619
966642
966644
966674
966697
966705
966707
966713
966715
966730
966738
966740
966755
966772
966774
966775
966798
966820
966827
966829
966842
966878
966885
966887
966899
966901
966902
966912
966914
966920
966922
966928
966930
966947
966953
966955
966961
966963
966975
966977
967024
967043
967065
967073
967075
967081
967083
967089
967091
967115
967154
967193
967230
967266
967280
967308
967315
967317
967520
967524
967703
967707
968189
968377
968381
969533
969858
969862
970017
970021
970195
970199
970396
970400
970401
970402
982200
982202
982203
982328
982330
982331
983133
983135
984465
984467
985051
985053
994527
994534
997471
997556
997558
997938
998411
998412
1000246
1000251
1001969
1001972
1001983
1001988
1004352
1005380
1005425
1009376
1009377
1009378
1009477
1009478
1009480
1009481
1009879
1010521
1011323
1011377
1012211
1012311
1012540
1012720
1012723
1013778
1013780
1013785
1013787
1017648
1017650
1017879
1018198
1019658
1019708
1019710
1019921
1019922
1019923
1019924
1019925
1019926
1019946
1020042
1020044
1020096
1020100
1020579
1020581
1020583
1020584
1021456
1021483
1021485
1021512
1021519
1021521
1021534
1021542
1021544
1021557
1021583
1021628
1021715
1021735
1021763
1021772
1021774
1021796
1021806
1021808
1021828
1021848
1021850
1021856
1021858
1021863
1021865
1021871
1021873
1021878
1021880
1021886
1021888
1021893
1021895
1021901
1021903
1021930
1021932
1021933
1021950
1021952
1021964
1021966
1021978
1021980
1021992
1021994
1022017
1022019
1022134
1022136
1022137
1022147
1022149
1022155
1022157
1022162
1022164
1022170
1022172
1022177
1022179
1022185
1022187
1022192
1022194
1022200
1022202
1022214
1022216
1022217
1022238
1022259
1022266
1022268
1022274
1022276
1022281
1022283
1022289
1022291
1022296
1022298
1022304
1022306
1022311
1022313
1022319
1022321
1022425
1022427
1022428
1022473
1022475
1022493
1022495
1022513
1022515
1022533
1022535
1022553
1022555
1022579
1022581
1022755
1022757
1022758
1022777
1022779
1022797
1022799
1022817
1022819
1022837
1022839
1022857
1022859
1022871
1022873
1022892
1022894
1022900
1022902
1022908
1022910
1022916
1022918
1022924
1022926
1022932
1022934
1022940
1022942
1023442
1023446
1023459
1023952
1023956
1024119
1024123
1024308
1024312
1024504
1024508
1024829
1024833
1025400
1025404
1025571
1025575
1029370
1030062
1033763
1036553
1036803
1036806
1038566
1038568
1038607
1038612
1039061
1039067
1039072
1039074
1039196
1039214
1039215
1039243
1039270
1039335
1041126
1042578
1042607
1042611
1042616
1042618
1042797
1042799
1042810
1042812
1042813
1042938
1042941
1044031
1044037
1046210
1046211
1046212
1046622
1046625
1047532
1047537
1047542
1047543
1047939
1047949
1050150
1050154
1053165
1053168
1054767
1054768
1054924
1054926
1057179
1057180
1057181
1057182
1057183
1057184
1057185
1057186
1057187
1057188
1057189
1057190
1057191
1057192
1057193
1057194
1057215
1057216
1057218
1057219
1058902
1058905
1062703
1064339
1064341
1064347
1064349
1064354
1064356
1064362
1064364
1064370
1064372
1064438
1064513
1064534
1064536
1064554
1064556
1064574
1064576
1064594
1064596
1064614
1064616
1064634
1064636
1064654
1064656
1064696
1064718
1064720
1064732
1064734
1064746
1064748
1064760
1064762
1064793
1064813
1064833
1064870
1064905
1064907
1064908
1064932
1064996
1065033
1065056
1065080
1065093
1065095
1066233
1066237
1066392
1066396
1066397
1073151
1073157
1075835
1076375
1080173
1080429
1080691
1080697
1080864
1081108
1081113
1081207
1082167
1082268
1082300
1082483
1082486
1082495
1082498
1082507
1082510
1082917
1083921
1084010
1084119
1084207
1084349
1084439
1084609
1084698
1085789
1085791
1085927
1085929
1087095
1087456
1087555
1087556
1087557
1087558
1087559
1087560
1087591
1087593
1089672
1089673
1089703
1089797
1089911
1090005
1090608
1090610
1090812
1091537
1091867
1093562
1093563
1093564
1094155
1094250
1095714
1095716
1096005
1096007
1096115
1096209
1096734
1096821
1096823
1100558
1100562
1100797
1100892
1100984
1100986
1102270
1102516
1102518
1102570
1102638
1103222
1104428
1104430
1104435
1104437
1105363
1105500
1106438
1106443
1107514
1107519
1107525
1107526
1107670
1107672
1107677
1107679
1107687
1107688
1107690
1107691
1107700
1107701
1107703
1107704
1108039
1108041
1108053
1108055
1108193
1108214
1108216
1108234
1108236
1108254
1108256
1108467
1108481
1108483
1108496
1108532
1108534
1108553
1108561
1108563
1108569
1108571
1108614
1108628
1108630
1108678
1108694
1108696
1108722
1108738
1108740
1108766
1108782
1108784
1108810
1108826
1108828
1108994
1109009
1109011
1109032
1109057
1109111
1109129
1109131
1109149
1109151
1109169
1109171
1109216
1109241
1109255
1109257
1109293
1109307
1109309
1109395
1109409
1109411
1109582
1109586
1109668
1110005
1110009
1110705
1110758
1110760
1111892
1111896
1111897
1112072
1112076
1112310
1112314
1112541
1112545
1116914
1117551
1118027
1118099
1119525
1119527
1119532
1119534
1119559
1119560
1119562
1119563
1119572
1119573
1119575
1119576
1119582
1119584
1119589
1119591
1121905
1124037
1124045
1124274
1124674
1124974
1124976
1125884
1125886
1126075
1129101
1129181
1129255
1129279
1129281
1129544
1129546
1131981
1132172
1132265
1132270
1133117
1133777
1134118
1134123
1134265
1134277
1134395
1134412
1134421
1134467
1134775
1134793
1135993
1135996
1138062
1138064
1138871
1138874
1138888
1138918
1139373
1139375
1139418
1139420
1140337
1140557
1140563
1140577
1140589
1140590
1140634
1140667
1140854
1140972
1140975
1140985
1140988
1140998
1141001
1141011
1141014
1141068
1141071
1141081
1141085
1141175
1141617
1141801
1141805
1141861
1141865
1141926
1141930
1142003
1142101
1142105
1142203
1143964
1145457
1145626
1146151
1146626
1146644
1146646
1146664
1146666
1146698
1146712
1146714
1146768
1146784
1146786
1146813
1146835
1146837
1146863
1146890
1146892
1146923
1146925
1146944
1146973
1146975
1146993
1147048
1147073
1147075
1147096
1147098
1147147
1147231
1147250
1147271
1147273
1147287
1147289
1147290
1147311
1147313
1147392
1147437
1147461
1147489
1147491
1147492
1147593
1147654
1147656
1147657
1147691
1147693
1147694
1147746
1147748
1147749
1147787
1147789
1147790
1147812
1147814
1147815
1147825
1147827
1147833
1147835
1147853
1147875
1147877
1147894
1147903
1147910
1147917
1147929
1147931
1147944
1147946
1147961
1147963
1147978
1147980
1148004
1148027
1148029
1148030
1148040
1148042
1148048
1148050
1148056
1148058
1148065
1148067
1148129
1148131
1148141
1148143
1148211
1148213
1148223
1148225
1148239
1148241
1148251
1148253
1148267
1148269
1148279
1148281
1148363
1148377
1148379
1148385
1148387
1148399
1148401
1148470
1148489
1148491
1148557
1148571
1148573
1148586
1148608
1148618
1148620
1148626
1148628
1148831
1148835
1148990
1148994
1149006
1149187
1149191
1149770
1149771
1149792
1149822
1149889
1150665
1150695
1154556
1157514
1157527
1158320
1160659
1160959
1162048
1162551
1162777
1163112
1163116
1163746
1164862
1164864
1164873
1164875
1165422
1165475
1167876
1168358
1168409
1169949
1169953
1169994
1170002
1170035
1170041
1170619
1170620
1172174
1172957
1172977
1174672
1174674
1175401
1176091
1176093
1176370
1176467
1176519
1176751
1176754
1177235
1177236
1177273
1177275
1177281
1177283
1178155
1178156
1179920
1180356
1180358
1180364
1180366
1180378
1180380
1180392
1180394
1180434
1180449
1180451
1180463
1180465
1180472
1180490
1180492
1180513
1180515
1180516
1180538
1180540
1180548
1180550
1180556
1180558
1180578
1180580
1180588
1180590
1180596
1180598
1180658
1180660
1180661
1180676
1180678
1180696
1180698
1180723
1180724
1180755
1180757
1180758
1180780
1180782
1180783
1180805
1180807
1180808
1180859
1180861
1180866
1180868
1180874
1180876
1180890
1180892
1180893
1180894
1181132
1181134
1181140
1181142
1181185
1181187
1181193
1181195
1181224
1181226
1181232
1181234
1181245
1181247
1181253
1181255
1181290
1181292
1181298
1181300
1181311
1181313
1181319
1181321
1181332
1181334
1181340
1181342
1181585
1181587
1181593
1181595
1181629
1181631
1181637
1181639
1181650
1181652
1181658
1181660
1181689
1181691
1181697
1181699
1181722
1181724
1181730
1181732
1181743
1181745
1181751
1181753
1181770
1181772
1181783
1181785
1181790
1181792
1181798
1181800
1181866
1181868
1181869
1182200
1182202
1182220
1182222
1182240
1182242
1182260
1182262
1182280
1182282
1182300
1182302
1182320
1182322
1182340
1182342
1182360
1182362
1182380
1182382
1182400
1182402
1182420
1182422
1182440
1182442
1182460
1182462
1182480
1182482
1182546
1182587
1182606
1182625
1182685
1182687
1182688
1182702
1182704
1182722
1182725
1182726
1182972
1182976
1183157
1183161
1183401
1183499
1183501
1183663
1183667
1183668
1184801
1188687
1189750
1190588
1190590
1190605
1190764
1190795
1190855
1192105
1192208
1192210
1194264
1195575
1196207
1196338
1196910
1196914
1197463
1197473
1197658
1197660
1198459
1198461
1198970
1199056
1199130
1199139
1202225
1202251
1203430
1203658
1203660
1203666
1203668
1203681
1203683
1203684
1203685
1203694
1203696
1203702
1203704
1203711
1203713
1203720
1203722
1203728
1203730
1203753
1203928
1203932
1204122
1204190
1204448
1204452
1205230
1205644
1205810
1205814
1205815
1205994
1205998
1206156
1206160
1207335
1212772
1212834
1212855
1212899
1212914
1213290
1213310
1213460
1213462
1215644
1218697
1218959
1219768
1219770
1219775
1219777
1219780
1220761
1221173
1221178
1221516
1221521
1221599
1221604
1221619
1221622
1222208
1222217
1222713
1222722
1222737
1222740
1222760
1222763
1222797
1222823
1222824
1224926
1226973
1226974
1226999
1227072
1227324
1227357
1227654
1228241
1228295
1228297
1228345
1228347
1228501
1230587
1230592
1233490
1233547
1233549
1233551
1233553
1233562
1233563
1233564
1233565
1234393
1234402
1234404
1234407
1234408
1234412
1234600
1234604
1235210
1235211
1236435
1236472
1236522
1236524
1236794
1236810
1239510
1239514
1243275
1243308
1243502
1244137
1246087
1246088
1246090
1246091
1246503
1246566
1248518
1248539
1248561
1248582
1248609
1248611
1251648
1251680
1252019
1252711
1252712
1252714
1252715
1254857
1254997
1255266
1255268
1255300
1255308
1255310
1255316
1255318
1255334
1255336
1255337
1255344
1255346
1255352
1255354
1255385
1255402
1255404
1255460
1255475
1255477
1255489
1255491
1255536
1255551
1255553
1255565
1255567
1255574
1255593
1255606
1255619
1255625
1255627
1255738
1255740
1255895
1255899
1255965
1263016
1264424
1264887
1267036
1267038
1267055
1267057
1267066
1267299
1267304
1267331
1267355
1267362
1267934
1267935
1267936
1269275
1269867
1270554
1270560
1270820
1270821
1273382
1273388
1273469
1273477
1275779
1275968
1276202
1276222
1276223
1276224
1276246
1277040
1277476
1278063
1278064
1278065
1278066
1278067
1278232
1278257
1278260
1278261
1278264
1278265
1278373
1278892
1278929
1281762
1281765
1281952
1282208
1282954
1282959
1284322
1286549
1287272
1287276
1289155
1290884
1290887
1291373
1291377
1291605
1291607
1293194
1293196
1293832
1293833
1293834
1293835
1293836
1293839
1293850
1293852
1297571
1297727
1297760
1298473
1299376
1299378
1299661
1299664
1299853
1299898
1299993
1300065
1300118
1300295
1300296
1300298
1300299
1301981
1302298
1303835
1303894
1303897
1304434
1304437
1306157
1306159
1306936
1306955
1306957
1306960
1306989
1306991
1307507
1307760
1307903
1307907
1307913
1307914
1307915
1307930
1307934
1308040
1308455
1308459
1308495
1308497
1309432
1309434
1309951
1310297
1310300
1310314
1310317
1310513
1311439
1311751
1311803
1311807
1311816
1311818
1312070
1312228
1312232
1312252
1312255
1312266
1312269
1312281
1312284
1312310
1312314
1312368
1312394
1312427
1312429
1312434
1312436
1312585
1312589
1313835
1313838
1315646
1315656
1317242
1317373
1317398
1317399
1317478
1317482
1318306
1321581
1321697
1322289
1322291
1323273
1323276
1323338
1323342
1323477
1323482
1323866
1323886
1323992
1323995
1324218
1324229
1324231
1324282
1324295
1324308
1324311
1324510
1324513
1325292
1325293
1325338
1325357
1325376
1325395
1325420
1325453
1325455
1325456
1325471
1325473
1325491
1325493
1325526
1325544
1325546
1325564
1325566
1325584
1325586
1325605
1325606
1325607
1325843
1325847
1326085
1326089
1326240
1326242
1326291
1326293
1326319
1326321
1327536
1327790
1327794
1328248
1328998
1329840
1330788
1331060
1331064
1331430
1331736
1331766
1332349
1332665
1332696
1332959
1334219
1334253
1334597
1334632
1334869
1334903
1335137
1335173
1335435
1335471
1335998
1336849
1337336
1337340
1337525
1337529
1338096
1338134
1338403
1338436
1339696
1341301
1341426
1341461
1342331
1342354
1342356
1342365
1342367
1344762
1344765
1345105
1345108
1345219
1345238
1345271
1345272
1346253
1346274
1346414
1346426
1346717
1347004
1347007
1347022
1347025
1347163
1347291
1347310
1347313
1348064
1348171
1348603
1348606
1349082
1349189
1350090
1350197
1350631
1350634
1350649
1350652
1350661
1350664
1350673
1350676
1350987
1350992
1352166
1352231
1352234
1352445
1352448
1352458
1352461
1353393
1353400
1353479
1353480
1353481
1353482
1353483
1353663
1353744
1353747
1354019
1354456
1354459
1354473
1354476
1356572
1356575
1356998
1357000
1357005
1357007
1357837
1357839
1357939
1357942
1357951
1357954
1358286
1358483
1358486
1358553
1358560
1358870
1359752
1359795
1359845
1359871
1359907
1360003
1360036
1360037
1360038
1360041
1360042
1360043
1360392
1360514
1360559
1360595
1360596
1360598
1360659
1360665
1360700
1360705
1360946
1364517
1364708
1364710
1365532
1365535
1365673
1365676
1367654
1367656
1368347
1368349
1369023
1369449
1374265
1374268
1374317
1374347
1374386
1374417
1374793
1374812
1376265
1376289
1376369
1376371
1376383
1376385
1376391
1376393
1376400
1376402
1376408
1376410
1376417
1376419
1376425
1376427
1376434
1376436
1376442
1376444
1376451
1376453
1376459
1376461
1376468
1376470
1376476
1376478
1376485
1376487
1376493
1376495
1376502
1376504
1376510
1376512
1376519
1376521
1376527
1376529
1376536
1376538
1376544
1376546
1376553
1376555
1376561
1376563
1376570
1376572
1376578
1376580
1376587
1376589
1376752
1376754
1376755
1376834
1376836
1376866
1376868
1376886
1376888
1376906
1376908
1376926
1376928
1376946
1376948
1376972
1376974
1376992
1376994
1377012
1377014
1377032
1377034
1377052
1377054
1377072
1377074
1377092
1377094
1377112
1377114
1377132
1377134
1377158
1377160
1377211
1377213
1378083
1378087
1378242
1378246
1378925
1378958
1381228
1381260
1381464
1381496
1381957
1382109
1382110
1382112
1382113
1382144
1382177
1383220
1383505
1383637
1383669
1383867
1383950
1383997
1384028
1384290
1384974
1385560
1385594
1385813
1385844
1386368
1386928
1387104
1387429
1387543
1387648
1388266
1389159
1389330
1390357
1390762
1391333
1391341
1392075
1392155
1392210
1392229
1392327
1392387
1392471
1392489
1392678
1392694
1393062
1393174
1393227
1393292
1393322
1393448
1395808
1396911
1396914
1397129
1397130
1397174
1397175
1397483
1397643
1397755
1399478
1399481
1400183
1400466
1401404
1401424
1401600
1401893
1401894
1401895
1401896
1402928
1403925
1403927
1403933
1403936
1404049
1404052
1404064
1404067
1404503
1405789
1407298
1407300
1407322
1407324
1407999
1408001
1408164
1408230
1408232
1408247
1408788
1409328
1409386
1409444
1409554
1409695
1409701
1409866
1409868
1409956
1409958
1409970
1409972
1410381
1410407
1410445
1410469
1410777
1410784
1410936
1410951
1410953
1410965
1410967
1411010
1411012
1411013
1411040
1411042
1411060
1411062
1411080
1411082
1411106
1411108
1411126
1411128
1411141
1411154
1411167
1411180
1411197
1411198
1411227
1411228
1411249
1411250
1411271
1411272
1411295
1411296
1411325
1411331
1411333
1411339
1411341
1411347
1411349
1411356
1411358
1411364
1411366
1411431
1411467
1411469
1411713
1411730
1411732
1411744
1411746
1411795
1411809
1411845
1411875
1411888
1411907
1411908
1411923
1411968
1411984
1412023
1412062
1412064
1412065
1412099
1412101
1412137
1412139
1412157
1412159
1412160
1412182
1412183
1412184
1412205
1412207
1412215
1412217
1412227
1412229
1412243
1412245
1412255
1412257
1412271
1412273
1412285
1412287
1412305
1412307
1412325
1412327
1412345
1412347
1412365
1412367
1412385
1412387
1412399
1412401
1412413
1412415
1412433
1412435
1412453
1412455
1412473
1412475
1412493
1412495
1412513
1412515
1412534
1412565
1412580
1412582
1412594
1412596
1412609
1412611
1412617
1412619
1412632
1412634
1412640
1412642
1412677
1412678
1412690
1412692
1412698
1412700
1412711
1412713
1412719
1412721
1412732
1412734
1412740
1412742
1412759
1412761
1412767
1412769
1412782
1412838
1412856
1412858
1412870
1412872
1412884
1412886
1412898
1412900
1412912
1412914
1412949
1412965
1412983
1413001
1413019
1413037
1413055
1413073
1413087
1413135
1413341
1413345
1413500
1413504
1413516
1413723
1413727
1413882
1413886
1414049
1414053
1414253
1414257
1414707
1414711
1415003
1415007
1415189
1415193
1415423
1415633
1415664
1416124
1416969
1417361
1417391
1418053
1418083
1418250
1418280
1418509
1418540
1418776
1418808
1423257
1424415
1424520
1424522
1424620
1424720
1425817
1426463
1426882
1426884
1427019
1427496
1427599
1428357
1428366
1428370
1428371
1428819
1429066
1429069
1430499
1430507
1430566
1430622
1430714
1431811
1431813
1431844
1431846
1433985
1433988
1434002
1434047
1434068
1434115
1434168
1434176
1434196
1434236
1434237
1434238
1434251
1434450
1434455
1434961
1435131
1435259
1435261
1435264
1435265
1435403
1435741
1435858
1435946
1435948
1435950
1435952
1435953
1435954
1435955
1435991
1435992
1435994
1435995
1436050
1436058
1436531
1436539
1436635
1438267
1438354
1438355
1438357
1438359
1438360
1438361
1438773
1438844
1439236
1440233
1440235
1440395
1440570
1440595
1441086
1441857
1442404
1443834
1444036
1444790
1444813
1445917
1447227
1448743
1448759
1448778
1448784
1448786
1448792
1448794
1448806
1448808
1448815
1448817
1448823
1448825
1448838
1448840
1448846
1448848
1448883
1448913
1448964
1448982
1448984
1448996
1448998
1449010
1449012
1449024
1449026
1449038
1449040
1449055
1449076
1449106
1449137
1449176
1449220
1449229
1449230
1449244
1449246
1449253
1449260
1449266
1449268
1449273
1449275
1449281
1449283
1449340
1449358
1449362
1449374
1449378
1449381
1449404
1449405
1449407
1449409
1449410
1449411
1453380
1453876
1453879
1455236
1455541
1455543
1456740
1457376
1458047
1458049
1459788
1459828
1459948
1459967
1460427
1461111
1461556
1461558
1461592
1461599
1461662
1461664
1461750
1462060
1462062
1462587
1462694
1462912
1462947
1463186
1463401
1463402
1463404
1463405
1464147
1464149
1465689
1465691
1465803
1465805
1466293
1466962
1467037
1467087
1467736
1467741
1467751
1467754
1468390
1468475
1468560
1469893
1469901
1469910
1470500
1470503
1470525
1470528
1470565
1470704
1472172
1472216
1472222
1472439
1472467
1472588
1473261
1473392
1473474
1473491
1473493
1473569
1473650
1473732
1473827
1473907
1473989
1474073
1474155
1474188
1474189
1474191
1474193
1474195
1474197
1474198
1474199
1474200
1474201
1474338
1474341
1475164
1475312
1475829
1476293
1476297
1476458
1476466
1476858
1479851
1479853
1480727
1480728
1480749
1480751
1480752
1480800
1480802
1480803
1480819
1480821
1480839
1480841
1480859
1480861
1480888
1480914
1480950
1480966
1480996
1480998
1480999
1481015
1481017
1481035
1481037
1481049
1481051
1481058
1481060
1481066
1481068
1481077
1481098
1481105
1481107
1481119
1481121
1481139
1481141
1481159
1481161
1481179
1481181
1481199
1481201
1481219
1481221
1481239
1481241
1481260
1481278
1481280
1481286
1481288
1481299
1481301
1481307
1481309
1481320
1481322
1481328
1481330
1481341
1481343
1481349
1481351
1481362
1481364
1481370
1481372
1481383
1481385
1481391
1481393
1481410
1481412
1481418
1481420
1481431
1481433
1481439
1481441
1481474
1481482
1481489
1481501
1481503
1481504
1481505
1481512
1481514
1481520
1481522
1481533
1481535
1481541
1481543
1481585
1481587
1481588
1481604
1481606
1481624
1481626
1481651
1481652
1481660
1481662
1481668
1481670
1481681
1481683
1481689
1481691
1481704
1481723
1481937
1481941
1482096
1482100
1482150
1483535
1484353
1486327
1488030
1488895
1488896
1488905
1488933
1489508
1489625
1489626
1489629
1489630
1489632
1489634
1489636
1489637
1489638
1489639
1489640
1489641
1489647
1489660
1489675
1489683
1490005
1490049
1490218
1490220
1490763
1490765
1490887
1490889
1490892
1490923
1490924
1490925
1491771
1492129
1492133
1493993
1494370
1494426
1495077
1495095
1496368
1496406
1496633
1496814
1496816
1496949
1496952
1496961
1496964
1497136
1497139
1497153
1497154
1497156
1497157
1497226
1497770
1498336
1498922
1500583
1500805
1501045
1501478
1501481
1503286
1503339
1506221
1506572
1507056
1507118
1507132
1507336
1507712
1507715
1507798
1507800
1507803
1507959
1507964
1508764
1509237
1509946
1510592
1510647
1510652
1512563
1512575
1512619
1512621
1512622
1512677
1512679
1512715
1512717
1512729
1512731
1512737
1512740
1512745
1512747
1512753
1512755
1512771
1512773
1512774
1512781
1512783
1512789
1512791
1512802
1512804
1512810
1512812
1512890
1512892
1512893
1512909
1512911
1512931
1512933
1512934
1512961
1512968
1512970
1512976
1512978
1513005
1513007
1513008
1513024
1513026
1513033
1513035
1513041
1513043
1513053
1513055
1513067
1513069
1513079
1513081
1513093
1513095
1513102
1513104
1513110
1513112
1513122
1513124
1513130
1513132
1513142
1513144
1513160
1513162
1513163
1513172
1513174
1513180
1513182
1513187
1513189
1513195
1513197
1513203
1513205
1513217
1513219
1513231
1513233
1513252
1513272
1513274
1513280
1513282
1513293
1513295
1513301
1513303
1513314
1513316
1513322
1513324
1513335
1513337
1513343
1513345
1513356
1513358
1513364
1513366
1513377
1513379
1513385
1513387
1513398
1513400
1513406
1513408
1513419
1513421
1513427
1513429
1513531
1513739
1513743
1513962
1513966
1514142
1514146
1514320
1514324
1514502
1514506
1514661
1514665
1514873
1514877
1515059
1515063
1515218
1515222
1515373
1515377
1515555
1515559
1520953
1521629
1522197
1523129
1523794
1523852
1523858
1524007
1524087
1526105
1526111
1526707
1526810
1526955
1526993
1526995
1527374
1527532
1528947
1528949
1528985
1528987
1530153
1530157
1530448
1530455
1530485
1530486
1530487
1530488
1530489
1530563
1532368
1532568
1532575
1534591
1534592
1534594
1534595
1534598
1534604
1534611
1534615
1534625
1534627
1534629
1534638
1534639
1534640
1534658
1534659
1534661
1534663
1534665
1534666
1534667
1534668
1534674
1535149
1536479
1536484
1536526
1536527
1536528
1536546
1536577
1536578
1536580
1536581
1536585
1536612
1536615
1536616
1538046
1538054
1538438
1538472
1541092
1542670
1542695
1542909
1542911
1542917
1542919
1542949
1542950
1542956
1542958
1542964
1542966
1542972
1542974
1542979
1542981
1542987
1542989
1542995
1542997
1543002
1543004
1543010
1543012
1543040
1543075
1543086
1543088
1543094
1543096
1543101
1543103
1543109
1543111
1543143
1543145
1543146
1543160
1543162
1543186
1543201
1543203
1543215
1543217
1543359
1543374
1543376
1543388
1543390
1543403
1543405
1543406
1543428
1543430
1543431
1543447
1543449
1543450
1543508
1543510
1543511
1543531
1543533
1543551
1543553
1543571
1543573
1543808
1543812
1544197
1544201
1544323
1544329
1544666
1544673
1544812
1544819
1545250
1545312
1545453
1545455
1546630
1547123
1547471
1547473
1547920
1549071
1549208
1549210
1550357
1550359
1550822
1551292
1551293
1551297
1551298
1551468
1552244
1552570
1552572
1552584
1553297
1553439
1554591
1554593
1555156
1555158
1555450
1557115
1557168
1557265
1557304
1557310
1557607
1557609
1557638
1557644
1557665
1557668
1557680
1557684
1557693
1557842
1557844
1558222
1558225
1558295
1558297
1558331
1558333
1558338
1558340
1558345
1558347
1558352
1558354
1558378
1558932
1559982
1560409
1560449
1561378
1561384
1561721
1561754
1561758
1561781
1561785
1561808
1561812
1561835
1561839
1561990
1561994
1562506
1562507
1562508
1562509
1562510
1562526
1562658
1562700
1563098
1563099
1563284
1563312
1563316
1564035
1564039
1564882
1564886
1564895
1564897
1565955
1566337
1567096
1568589
1568590
1568621
1568623
1568633
1568635
1568649
1568651
1568753
1568755
1568756
1568774
1568776
1568794
1568796
1569167
1569507
1571660
1572245
1572308
1572310
1572319
1572871
1573186
1573234
1573424
1573472
1574224
1574850
1574855
1574926
1574937
1575281
1575283
1575738
1575742
1577198
1577246
1577248
1577253
1577375
1577378
1578443
1578445
1581058
1581706
1581967
1581973
1582221
1582223
1582358
1583296
1583488
1584580
1584962
1585007
1586333
1586606
1586865
1586868
1586888
1586891
1586914
1587009
1587235
1587243
1587936
1588042
1588046
1589197
1589234
1589236
1590118
1590154
1590813
1590822
1591373
1591375
1591376
1591392
1591394
1591412
1591414
1591426
1591428
1591433
1591435
1591441
1591443
1591449
1591451
1591456
1591458
1591464
1591466
1591481
1591482
1591490
1591492
1591498
1591500
1591519
1591521
1591522
1591530
1591532
1591538
1591540
1591545
1591547
1591553
1591555
1591561
1591563
1591568
1591570
1591576
1591578
1591613
1591628
1591630
1591642
1591644
1591688
1591690
1591691
1591705
1591707
1591722
1591723
1591729
1591731
1591737
1591739
1591745
1591747
1591764
1591783
1591791
1591793
1591799
1591801
1591814
1591821
1591823
1591829
1591831
1591837
1591839
1591845
1591847
1591867
1591869
1591870
1591884
1591886
1591887
1591888
1591909
1591911
1591912
1591928
1591930
1591931
1591940
1591942
1591948
1591950
1591955
1591957
1591963
1591965
1592021
1592023
1592024
1592038
1592040
1592075
1592077
1592078
1592094
1592096
1592142
1592144
1592145
1592159
1592161
1592181
1592183
1592184
1592210
1592212
1592213
1592239
1592241
1592242
1592252
1592254
1592259
1592261
1592267
1592269
1592275
1592277
1592293
1592295
1592296
1592303
1592305
1592311
1592313
1592325
1592327
1592328
1592347
1592349
1592355
1592357
1592374
1592376
1592377
1592384
1592386
1592392
1592394
1592399
1592401
1592404
1593886
1593888
1593893
1593895
1593898
1593911
1593918
1593921
1595609
1595640
1597385
1597414
1597609
1597639
1601488
1601490
1601552
1601554
1604005
1604037
1604891
1604895
1605131
1605133
1605611
1605615
1606399
1606405
1611577
1611578
1611579
1611776
1612817
1612829
1614192
1614243
1614259
1614832
1617142
1618675
1618677
1618683
1618685
1619732
1620224
1623706
1624212
1624616
1625144
1625146
1625291
1628203
1630022
1630641
1634732
1634734
1635041
1635791
1635792
1635814
1635816
1635845
1635846
1637475
1637548
1637550
1638551
1638553
1638869
1638871
1640167
1640495
1640771
1642310
1642312
1644230
1644333
1644392
1644537
1644830
1645043
1645267
1649094
1649929
1654695
1654697
1654698
1654712
1654714
1654737
1654739
1654771
1654773
1654805
1654807
1655045
1655047
1655048
1655063
1655065
1655080
1655108
1655124
1655126
1655127
1655149
1655151
1655152
1655168
1655170
1655171
1655186
1655188
1655193
1655195
1655201
1655203
1655227
1655229
1655230
1655244
1655246
1655290
1655306
1655308
1655326
1655328
1655346
1655348
1655372
1655373
1655384
1655386
1655392
1655394
1655405
1655407
1655413
1655415
1655464
1655466
1655467
1655483
1655485
1655503
1655505
1655559
1655694
1655713
1655732
1655839
1655841
1655847
1655849
1655855
1655857
1655882
1655884
1655885
1655900
1655902
1655920
1655922
1656107
1656111
1656267
1656271
1656422
1656426
1656444
1662264
1662278
1662368
1662370
1662495
1662562
1662564
1662610
1662733
1662735
1662759
1662883
1662896
1663170
1663171
1663172
1663173
1663209
1663371
1663381
1663621
1664659
1665527
1665954
1666080
1666376
1666378
1666855
1667476
1667618
1667622
1667638
1667642
1667658
1667662
1667678
1667682
1668356
1668983
1669277
1669289
1670368
1670370
1670410
1670413
1670444
1670446
1670449
1670480
1670520
1671613
1671617
1671994
1672251
1672252
1672253
1672254
1673099
1673101
1673261
1673272
1673274
1673692
1675101
1676165
1677961
1677963
1678502
1678503
1678524
1678526
1678531
1678533
1678539
1678541
1678546
1678548
1678554
1678556
1678565
1678568
1678571
1678616
1678619
1678622
1678643
1678646
1678649
1678670
1678673
1678676
1678721
1678724
1678727
1678754
1678757
1678760
1678772
1678774
1678827
1678829
1678835
1678837
1678848
1678850
1678856
1678858
1678869
1678871
1678877
1678879
1678902
1678904
1678910
1678912
1678929
1678931
1678937
1678939
1678951
1678953
1678958
1678960
1678966
1678968
1679000
1679002
1679003
1679017
1679019
1679054
1679069
1679071
1679083
1679085
1679168
1679178
1679179
1679195
1679197
1679215
1679217
1679240
1679241
1679249
1679251
1679257
1679259
1679305
1679307
1679308
1679322
1679324
1679376
1679394
1679396
1679408
1679410
1679620
1679624
1679797
1679801
1680108
1680112
1680317
1680321
1680864
1680868
1681053
1681057
1687233
1687235
1687241
1687243
1690192
1690755
1691035
1692049
1692056
1692068
1692072
1692430
1692433
1692493
1692602
1693384
1693520
1693643
1693648
1693720
1693725
1694367
1694375
1694447
1694455
1694484
1694999
1695000
1695001
1695400
1695402
1695505
1695510
1696570
1696931
1697131
1697133
1697527
1697531
1698691
1698703
1698717
1699095
1699110
1699112
1699193
1699604
1699607
1699617
1699620
1700009
1700011
1700650
1701245
1701246
1701247
1701248
1701249
1701250
1701251
1701252
1701253
1701254
1701255
1701256
1701257
1701258
1701259
1701260
1701261
1701262
1701263
1701264
1701265
1701266
1701267
1701268
1701269
1701270
1701271
1701272
1701273
1701274
1701275
1701276
1701277
1701625
1701772
1701843
1701863
1701877
1701879
1701880
1701881
1701882
1701913
1701994
1702001
1702003
1703143
1703145
1703241
1703243
1703432
1703434
1703920
1703922
1704053
1704055
1704169
1704171
1704260
1704262
1704780
1704795
1704805
1704994
1705151
1705153
1705406
1705408
1705743
1705745
1705870
1705872
1706746
1706748
1706943
1706945
1706987
1706989
1708054
1708056
1708250
1708252
1708435
1709306
1709791
1709795
1709905
1709907
1709927
1712335
1714087
1714097
1714529
1714557
1714568
1714570
1714581
1714583
1714593
1714595
1714609
1714611
1714619
1714621
1714626
1714628
1714634
1714636
1714652
1714674
1714696
1714718
1714728
1714730
1714735
1714737
1714743
1714745
1714751
1714753
1714805
1714807
1714808
1714825
1714827
1714845
1714847
1715010
1715016
1715017
1715032
1715034
1715052
1715054
1715066
1715068
1715073
1715075
1715081
1715083
1715089
1715091
1715103
1715105
1715111
1715113
1715126
1715128
1715134
1715136
1715149
1715151
1715157
1715159
1715172
1715174
1715180
1715182
1715195
1715197
1715203
1715205
1715218
1715220
1715226
1715228
1715248
1715250
1715255
1715257
1715263
1715265
1715287
1715289
1715290
1715304
1715306
1715312
1715314
1715319
1715321
1715327
1715329
1715363
1715396
1715411
1715413
1715433
1715435
1715436
1715453
1715455
1715456
1715473
1715475
1715476
1715493
1715508
1715569
1715571
1715621
1715644
1715646
1715652
1715654
1715659
1715661
1715667
1715669
1715689
1715691
1715721
1715723
1715738
1715740
1715760
1715762
1715763
1715793
1715795
1715796
1715820
1715822
1715823
1715838
1715840
1715847
1715849
1715855
1715857
1715866
1715881
1715903
1715911
1715913
1715919
1715921
1715932
1715934
1715939
1715941
1715961
1715963
1715964
1715978
1715980
1715986
1715988
1716159
1716163
1716318
1716322
1716485
1716489
1716652
1716656
1716811
1716815
1716988
1716992
1717203
1717207
1717362
1717366
1717438
1717750
1719040
1719679
1719709
1721261
1722083
1722085
1722202
1722355
1724184
1724188
1725663
1726345
1727385
1727525
1727527
1727826
1727829
1728463
1729147
1729488
1729490
1729702
1731397
1731399
1731410
1731412
1731428
1731430
1731441
1731443
1731453
1731554
1731556
1731562
1731564
1731570
1731572
1731578
1731580
1732190
1734538
1735273
1735282
1736150
1736152
1736294
1736295
1736296
1736297
1736298
1736299
1736300
1736301
1736302
1736303
1736314
1736372
1736374
1737141
1739614
1739618
1740910
1740912
1741137
1741665
1741700
1741701
1741706
1741707
1741709
1741710
1741711
1741712
1741998
1742000
1742552
1742828
1742829
1743379
1743384
1743695
1743697
1743702
1743704
1743709
1743711
1744131
1744133
1744175
1744177
1744532
1744537
1744620
1744623
1744641
1744646
1744663
1744668
1745288
1745355
1745374
1745411
1745430
1745733
1745868
1746862
1746864
1747597
1747600
1747601
1747613
1747615
1747616
1747634
1747677
1747696
1747698
1747854
1747885
1747887
1747911
1747913
1747943
1747976
1747978
1747995
1747997
1748003
1748005
1748028
1748059
1748076
1748077
1748083
1748085
1748091
1748093
1748104
1748106
1748112
1748114
1748125
1748127
1748133
1748135
1748160
1748162
1748163
1748164
1748173
1748175
1748181
1748183
1748194
1748196
1748202
1748204
1748239
1748255
1748257
1748269
1748271
1748288
1748290
1748291
1748306
1748359
1748530
1748532
1748533
1748550
1748552
1748580
1748582
1748583
1748590
1748592
1748598
1748600
1748612
1748614
1748619
1748621
1748627
1748629
1748641
1748643
1748644
1748651
1748653
1748659
1748661
1748714
1748741
1748766
1748768
1748769
1749298
1749316
1749317
1749577
1749579
1749597
1749599
1749629
1749803
1749807
1750360
1750539
1750543
1750698
1750702
1750703
1751622
1751626
1752411
1752526
1754051
1754215
1755316
1755971
1758742
1758743
1758744
1765353
1765998
1766278
1767025
1767026
1767027
1767028
1767029
1768491
1768500
1768599
1768673
1768675
1768680
1769440
1769442
1769539
1769543
1770738
1770746
1773542
1773545
1773553
1773556
1773751
1773755
1773764
1773768
1773789
1773793
1773799
1773801
1773860
1773866
1773899
1773908
1773932
1773938
1774584
1774590
1774644
1774671
1775780
1776004
1776375
1776377
1776523
1776745
1776747
1779891
1780535
1780553
1781019
1781051
1781161
1781177
1782603
1782609
1783171
1783174
1784600
1784603
1785133
1786594
1786596
1787062
1787179
1787224
1787276
1787325
1787347
1787417
1787439
1787487
1787494
1787496
1787502
1787504
1787509
1787511
1787517
1787519
1787537
1787539
1787540
1787547
1787549
1787555
1787557
1788004
1788022
1788023
1788063
1788065
1788083
1788085
1788166
1788182
1788184
1788196
1788198
1788220
1788230
1788232
1788238
1788240
1788255
1788451
1788455
1788610
1788614
1788785
1788789
1788943
1788947
1789102
1789106
1789261
1789265
1789439
1789443
1789642
1789646
1789862
1789866
1791231
1791260
1791327
1791627
1791629
1791660
1791688
1791853
1792785
1793169
1793391
1793423
1794366
1795629
1796415
1796445
1797581
1798092
1798283
1801437
1802793
1802795
1804740
1804746
1804828
1804835
1804842
1804844
1805240
1805284
1805447
1809252
1809254
1809501
1809509
1811141
1811142
1811416
1811417
1812274
1812277
1813566
1814423
1816791
1816794
1817209
1817749
1817751
1817777
1817800
1817802
1817810
1817812
1817818
1817820
1817825
1817827
1817833
1817835
1817864
1817866
1817867
1817881
1817883
1817895
1817897
1817950
1817965
1817967
1817979
1817981
1818001
1818003
1818004
1818020
1818022
1818034
1818036
1818042
1818044
1818056
1818058
1818070
1818072
1818097
1818099
1818100
1818114
1818116
1818128
1818130
1818136
1818138
1818150
1818152
1818164
1818166
1818186
1818188
1818203
1818205
1818217
1818219
1818239
1818242
1818250
1818252
1818258
1818260
1818265
1818267
1818273
1818275
1818281
1818283
1818295
1818297
1818309
1818311
1818346
1818361
1818363
1818375
1818377
1818383
1818385
1818403
1818405
1818431
1818433
1818441
1818443
1818449
1818451
1818456
1818458
1818464
1818466
1818588
1818603
1818605
1818617
1818619
1818640
1818666
1818678
1818680
1818686
1818688
1818693
1818695
1818701
1818703
1818718
1818719
1818728
1818730
1818736
1818738
1818744
1818746
1818753
1818755
1818761
1818763
1818778
1818780
1818781
1818791
1818793
1818799
1818801
1818806
1818808
1818814
1818816
1818822
1818824
1818837
1818839
1818845
1818847
1818854
1818856
1818862
1818864
1818894
1819139
1819149
1819150
1819170
1819172
1819186
1819207
1819363
1819367
1819725
1819729
1819730
1825922
1828308
1829445
1829448
1835094
1836867
1836868
1836869
1836870
1836871
1836872
1836873
1836874
1837893
1838056
1838058
1838171
1842009
1842264
1843170
1843179
1844000
1844120
1844517
1844609
1844610
1846432
1848778
1848899
1848901
1848957
1849009
1850612
1851823
1851824
1853312
1853314
1853315
1853413
1853592
1853600
1853641
1853643
1853670
1853672
1853692
1853694
1853716
1853718
1853738
1853740
1853762
1853764
1853784
1853786
1853832
1853834
1853835
1853851
1853853
1853871
1853873
1853891
1853893
1853905
1853907
1853913
1853915
1853921
1853923
1853929
1853931
1854416
1854420
1854421
1854588
1854592
1854788
1854792
1855045
1855049
1855225
1855229
1855432
1855436
1855799
1855826
1855908
1855935
1855951
1858165
1858551
1858587
1859283
1859286
1859349
1859352
1859612
1859615
1865777
1865778
1865783
1866604
1866639
1866641
1866649
1866651
1866696
1866698
1866699
1867329
1867331
1867403
1867405
1867409
1867525
1867653
1867655
1867682
1867798
1867927
1867929
1868314
1868605
1868632
1868689
1868691
1868692
1869066
1869080
1869146
1869151
1869716
1869721
1869803
1869856
1869857
1869859
1869860
1869861
1871883
1873009
1873084
1873538
1876677
1876678
1877424
1877605
1877611
1878074
1878081
1878292
1878966
1878999
1879528
1879531
1879541
1879544
1880129
1880132
1880324
1880330
1880645
1880647
1880772
1881771
1881796
1881898
1881923
1882074
1882471
1882901
1882968
1882998
1884122
1884664
1884686
1884997
1884999
1885198
1885202
1887017
1887724
1887730
1887738
1887740
1887982
1887988
1887996
1887998
1888089
1888095
1888103
1888105
1888138
1888144
1889098
1889115
1889259
1889262
1889818
1890401
1890572
1890797
1893123
1893124
1893125
1893236
1893243
1893245
1893257
1893259
1893288
1893302
1893316
1893329
1893331
1893343
1893345
1893358
1893359
1893365
1893367
1893373
1893375
1893386
1893388
1893394
1893396
1893452
1893454
1893455
1893469
1893471
1893478
1893538
1893539
1893554
1893642
1893661
1893663
1893675
1893677
1893698
1893699
1893705
1893707
1893713
1893715
1893737
1893765
1893793
1893803
1893805
1893812
1893814
1893820
1893822
1893831
1893851
1893869
1893878
1893891
1893904
1893917
1893923
1893925
1894146
1894167
1894169
1894195
1894197
1894198
1894240
1894242
1894243
1894285
1894287
1894288
1894330
1894332
1894333
1894375
1894377
1894378
1894420
1894422
1894423
1894465
1894467
1894468
1894510
1894512
1894513
1894555
1894557
1894558
1894600
1894602
1894603
1894645
1894647
1894648
1894690
1894692
1894693
1894738
1894740
1894782
1894784
1894785
1894827
1894829
1894830
1894872
1894874
1894875
1894916
1894918
1894983
1895000
1895002
1895024
1895051
1895085
1895102
1895104
1895110
1895112
1895118
1895120
1895140
1895142
1895190
1895192
1895240
1895242
1895290
1895292
1895340
1895342
1895414
1895416
1895443
1895445
1895446
1895482
1895492
1895493
1895507
1895509
1895515
1895517
1895524
1895526
1895532
1895534
1895543
1895556
1895569
1895582
1895617
1895619
1895667
1895669
1895717
1895719
1895767
1895769
1895817
1895819
1895867
1895869
1895917
1895919
1895943
1895944
1895973
1895974
1895995
1895996
1896017
1896018
1896041
1896042
1896090
1896092
1896093
1896121
1896123
1896141
1896143
1896161
1896163
1896181
1896183
1896201
1896203
1896221
1896223
1896241
1896243
1896261
1896263
1896281
1896283
1896301
1896303
1896321
1896323
1896341
1896343
1896361
1896363
1896381
1896383
1896401
1896403
1896415
1896417
1896436
1896437
1896496
1896653
1896657
1896786
1896939
1896943
1896944
1896945
1896959
1896961
1897113
1897117
1897118
1897304
1897308
1897486
1897490
1897491
1898824
1899197
1899998
1900000
1900001
1900342
1900773
1900886
1903367
1903427
1903432
1903623
1903626
1904390
1904392
1904500
1906053
1906485
1906539
1906541
1907569
1907578
1907684
1907686
1907747
1907760
1908530
1909273
1911115
1911131
1911380
1912098
1912187
1912232
1912529
1913581
1913613
1913620
1914033
1914861
1914868
1915530
1915534
1915543
1915547
1915996
1916272
1916438
1917438
1917459
1917460
1917462
1917463
1917506
1918236
1918405
1918425
1918646
1918685
1918754
1918762
1918794
1918802
1918926
1918958
1919023
1919418
1920630
1920642
1920649
1921053
1921385
1923090
1923096
1924726
1924728
1924729
1924730
1924781
1924783
1924784
1924820
1924822
1924823
1924859
1924861
1924862
1924898
1924900
1924901
1924937
1924939
1924940
1924976
1924978
1924979
1924995
1924997
1925008
1925010
1925016
1925018
1925029
1925031
1925037
1925039
1925050
1925052
1925058
1925060
1925089
1925090
1925119
1925120
1925141
1925142
1925163
1925164
1925187
1925188
1925321
1925323
1925324
1925347
1925349
1925367
1925369
1925463
1925480
1925482
1925494
1925496
1925538
1925555
1925557
1925574
1925576
1925617
1925619
1925620
1925635
1925637
1925655
1925657
1925675
1925677
1925678
1925703
1925727
1925753
1925777
1925803
1925819
1925825
1925827
1925832
1925834
1925840
1925842
1925880
1925902
1925904
1925916
1925918
1925930
1925932
1925944
1925946
1925953
1925966
1926010
1926012
1926013
1926027
1926029
1926042
1926043
1926053
1926055
1926065
1926067
1926081
1926083
1926101
1926103
1926104
1926112
1926114
1926120
1926122
1926128
1926130
1926136
1926138
1926144
1926146
1926152
1926154
1926160
1926162
1926179
1926180
1926336
1926340
1926577
1926581
1926789
1926793
1927043
1927047
1927223
1927227
1927228
1931073
1932967
1932994
1933271
1933303
1933937
1935026
1935776
1936114
1936971
1937467
1937482
1937500
1939062
1939215
1939996
1940001
1943190
1943196
1943759
1945209
1945215
1945217
1945218
1945603
1946553
1946919
1946921
1948669
1948674
1948689
1948694
1948973
1948974
1950244
1950247
1950666
1950671
1950680
1950683
1951520
1951984
1951987
1952230
1952235
1952588
1952592
1953480
1955154
1955157
1955158
1955159
1955160
1955161
1955162
1955163
1955164
1955165
1955166
1955167
1955168
1955169
1955170
1955171
1955172
1955173
1955174
1955175
1955176
1955177
1955178
1955179
1955180
1955181
1955182
1955183
1955184
1955185
1955186
1955187
1955188
1955189
1955190
1955191
1955192
1955193
1955194
1955195
1955196
1955197
1955198
1955199
1955200
1955201
1955202
1955257
1955293
1955760
1955776
1955898
1955930
1956081
1956125
1957030
1957032
1957215
1957254
1957257
1959562
1959564
1959856
1959858
1959991
1959993
1960221
1960223
1960224
1960967
1960973
1962718
1962719
1963635
1963639
1963660
1963664
1964029
1964216
1964306
1964369
1964394
1964959
1964962
1965000
1965065
1965535
1965848
1966146
1966451
1966453
1968222
1968316
1968324
1968454
1968462
1969049
1969052
1969865
1969866
1969868
1969869
1969902
1969904
1969929
1969932
1969956
1969980
1970015
1970459
1970463
1970622
1970642
1970722
1971029
1971037
1971133
1972022
1972026
1974043
1975266
1975431
1975437
1975614
1975661
1975790
1975968
1976496
1976675
1977334
1977360
1977362
1977371
1977397
1977399
1977434
1977436
1977445
1977471
1977473
1977502
1977507
1977530
1977535
1977558
1977563
1977586
1977591
1977673
1977678
1977794
1977968
1978065
1978221
1978261
1978377
1978383
1978484
1979175
1979190
1979360
1979378
1979965
1979971
1980470
1980481
1981054
1981085
1981112
1981142
1981174
1981205
1981232
1981262
1981753
1981914
1981929
1983196
1983411
1983417
1983491
1983497
1983571
1983577
1983654
1983660
1983874
1983880
1983954
1983960
1984034
1984040
1984114
1984120
1984194
1984200
1984274
1984280
1984354
1984360
1984434
1984440
1984514
1984520
1984594
1984600
1984978
1984979
1985038
1985039
1985383
1985405
1985437
1985438
1985991
1986017
1986099
1986122
1986123
1986124
1986404
1986461
1986502
1986528
1986570
1986585
1986586
1986587
1986588
1986589
1986968
1987023
1987559
1987753
1987768
1987769
1988097
1988125
1988281
1988284
1988918
1988924
1988955
1988960
1989171
1989175
1989492
1989596
1989604
1991016
1991039
1991346
1991436
1991442
1991610
1992080
1992100
1992102
1992260
1992279
1992330
1992332
1992333
1992654
1992795
1993195
1993839
1993841
1993847
1993849
1993860
1993862
1993868
1993870
1993881
1993883
1993889
1993891
1993902
1993904
1993910
1993912
1993923
1993925
1993931
1993933
1993944
1993946
1993952
1993954
1993965
1993967
1993973
1993975
1993986
1993988
1993994
1993996
1994007
1994009
1994015
1994017
1994028
1994030
1994036
1994038
1994049
1994051
1994057
1994059
1994070
1994072
1994078
1994080
1994091
1994093
1994099
1994101
1994118
1994120
1994126
1994128
1994145
1994147
1994153
1994155
1994192
1994194
1994200
1994202
1996333
1996415
1996416
1996443
1996445
1996463
1996465
1996483
1996485
1996503
1996505
1996523
1996525
1996543
1996545
1996786
1996790
1997095
1997099
1997254
1997258
1997421
1997425
1997607
1997611
1997793
1997797
1997994
1997996
1998044
1998226
1998230
1998385
1998389
1998552
1998556
1999033
1999037
1999361
1999365
1999899
2000694
2001039
2001041
2001136
2001508
2001540
2002437
2004416
2004449
2004856
2005462
2005476
2005493
2005501
2005555
2005591
2006333
2007033
2007888
2008263
2008298
2009034
2009870
2010966
2011343
2011347
2012891
2012937
2015606
2016337
2016338
2016339
2016340
2016616
2016818
2016970
2017112
2017198
2017262
2017281
2017432
2017448
2017613
2017630
2017652
2017669
2018002
2018012
2018270
2019996
2020013
2020583
2020604
2021053
2021294
2021319
2022236
2022696
2022904
2022910
2023041
2023198
2023554
2023557
2023824
2023849
2024521
2024524
2024624
2024634
2024695
2024698
2024706
2024709
2025627
2025637
2025733
2025742
2025753
2025757
2025768
2025772
2025840
2025853
2025936
2025961
2026203
2026230
2026295
2026324
2026325
2026326
2026525
2026626
2026697
2026734
2026735
2026736
2027279
2027294
2027298
2027310
2027314
2027326
2027330
2027364
2028151
2028172
2030635
2030691
2030697
2031101
2031107
2031300
2031307
2031309
2032467
2032717
2032742
2032747
2032750
2032849
2032854
2033921
2033922
2033924
2033925
2033941
2033942
2033944
2033947
2033949
2033951
2033952
2033953
2033954
2033955
2034433
2034786
2034864
2038166
2038168
2038330
2038564
2038565
2038566
2038567
2038568
2038569
2038570
2038571
2038572
2038573
2038574
2038575
2038576
2040056
2040062
2041569
2041661
2042328
2042345
2042873
2042877
2042957
2042959
2043096
2043867
2043896
2043898
2043910
2043912
2043919
2043932
2043950
2043952
2043953
2043964
2043966
2043972
2043974
2043979
2043981
2043987
2043989
2044427
2044431
2045382
2045412
2045878
2045910
2046591
2047418
2048886
2050665
2050945
2050976
2051482
2053031
2053062
2053256
2053287
2053727
2054008
2054040
2054804
2054951
2054957
2055906
2055907
2056150
2056302
2056325
2056381
2056427
2056461
2056524
2056554
2056591
2058221
2058247
2058249
2059362
2059881
2059882
2059916
2059934
2059953
2059954
2060006
2060027
2060099
2060100
2060197
2060198
2060286
2060511
2060602
2060935
2060936
2060940
2061124
2061125
2061129
2061460
2061461
2061647
2061648
2061652
2061746
2061747
2061930
2061935
2061974
2061975
2062072
2062073
2062074
2062141
2063920
2063924
2064213
2064215
2064303
2064366
2064601
2064806
2064836
2065287
2065915
2066180
2066189
2066190
2066450
2066453
2066803
2066810
2068012
2068014
2069711
2069715
2069842
2069844
2069905
2071708
2072114
2072138
2072140
2072385
2072387
2073978
2074216
2074218
2074260
2074261
2075400
2075402
2075414
2075416
2075437
2075438
2075451
2075453
2075459
2075461
2075467
2075469
2075475
2075477
2075483
2075485
2075491
2075493
2075499
2075501
2075507
2075509
2075515
2075517
2075523
2075525
2075531
2075533
2075539
2075541
2075547
2075549
2075555
2075557
2075563
2075565
2075571
2075573
2075579
2075581
2075587
2075589
2075595
2075597
2075642
2075656
2075658
2075672
2075686
2075688
2075700
2075702
2075725
2075727
2075728
2075742
2075744
2075756
2075758
2075810
2075826
2075828
2075840
2075842
2075945
2075961
2075963
2075975
2075977
2076053
2076063
2076064
2076080
2076082
2076102
2076104
2076112
2076114
2076120
2076122
2076142
2076144
2076145
2076153
2076155
2076161
2076163
2076179
2076181
2076182
2076189
2076191
2076197
2076199
2076204
2076206
2076212
2076214
2076220
2076222
2076228
2076230
2076242
2076244
2076250
2076252
2076258
2076260
2076266
2076268
2076274
2076276
2076299
2076301
2076302
2076330
2076332
2076333
2076355
2076357
2076358
2076396
2076398
2076399
2076419
2076421
2076427
2076429
2076441
2076443
2076461
2076463
2076481
2076483
2076501
2076503
2076521
2076523
2076541
2076543
2076688
2076690
2076691
2076717
2076719
2076731
2076733
2076745
2076747
2076759
2076761
2076767
2076769
2076781
2076783
2076815
2076834
2076836
2076848
2076850
2076862
2076864
2076876
2076878
2076890
2076892
2076912
2076926
2076927
2076938
2076940
2076952
2076954
2076970
2076972
2076990
2076992
2077008
2077010
2077052
2077054
2077102
2077104
2077152
2077154
2077202
2077204
2077252
2077254
2077302
2077304
2077318
2077320
2077326
2077328
2077337
2077340
2077343
2077348
2077350
2077359
2077362
2077365
2077370
2077372
2077381
2077384
2077387
2078124
2078128
2078498
2078502
2078657
2078661
2080973
2080981
2081117
2081123
2082836
2082838
2082839
2083338
2083887
2083924
2084946
2085390
2085586
2085936
2086011
2086810
2086862
2086918
2087149
2087151
2087258
2087278
2087283
2087654
2087677
2087679
2087704
2087706
2088079
2088194
2088277
2088591
2088593
2088922
2088985
2089234
2089236
2090050
2090070
2090893
2090930
2091140
2091142
2092560
2092563
2093749
2094034
2094035
2094036
2094037
2095032
2097896
2097898
2098923
2098968
2099380
2099738
2099740
2102086
2102540
2105183
2105203
2105796
2106010
2106011
2107864
2107866
2107867
2107874
2107876
2107882
2107884
2107891
2107909
2107911
2107912
2107971
2107973
2107974
2108002
2108004
2108005
2108066
2108068
2108069
2108095
2108097
2108098
2108126
2108128
2108129
2108165
2108167
2108168
2108214
2108216
2108217
2108261
2108263
2108264
2108306
2108308
2108309
2108353
2108355
2108356
2108389
2108421
2108430
2108432
2108447
2108479
2108486
2108488
2108520
2108534
2108822
2108840
2108841
2108862
2108864
2108876
2108878
2108885
2108892
2108995
2109029
2109042
2109057
2109122
2109326
2109330
2109507
2109511
2110485
2110489
2110698
2110702
2110857
2110861
2111048
2111068
2111471
2111665
2111697
2113369
2115606
2115640
2115641
2115643
2115644
2115683
2115685
2115687
2115688
2115725
2115762
2116315
2123762
2123962
2124008
2124426
2124915
2124930
2124932
2125156
2125355
2125758
2127483
2127538
2127714
2127813
2127816
2128003
2128131
2130162
2131773
2131775
2131856
2131860
2132809
2132841
2132843
2132946
2133001
2133003
2133842
2133844
2133942
2133944
2134353
2134891
2135221
2135223
2137099
2137103
2137425
2137448
2137542
2137544
2137632
2140515
2140517
2140668
2140670
2140782
2140786
2141448
2141450
2141459
2141461
2141930
2141937
2142017
2142026
2142094
2142101
2142258
2142268
2143330
2144073
2144547
2144552
2144569
2144574
2144592
2144597
2144615
2144620
2144638
2144643
2145107
2145124
2145126
2145131
2145133
2145139
2145141
2145147
2145149
2145162
2145256
2145274
2145275
2145320
2145322
2145323
2145337
2145339
2145353
2145355
2145356
2145363
2145365
2145371
2145373
2145385
2145387
2145388
2145395
2145397
2145403
2145405
2145443
2145445
2145446
2145462
2145464
2145532
2145534
2145535
2145549
2145551
2145567
2145569
2145570
2145590
2145592
2145593
2145601
2145603
2145614
2145616
2145622
2145624
2145635
2145637
2145643
2145645
2145666
2145707
2145743
2145924
2145926
2145927
2145962
2145964
2145982
2145984
2146002
2146004
2146022
2146024
2146042
2146044
2146062
2146064
2146082
2146084
2146110
2146126
2146128
2146134
2146136
2146147
2146149
2146155
2146157
2146168
2146170
2146176
2146178
2146189
2146191
2146197
2146199
2146210
2146212
2146218
2146220
2146231
2146233
2146239
2146241
2146252
2146254
2146260
2146262
2146273
2146275
2146281
2146283
2146295
2146297
2146309
2146311
2146323
2146325
2146337
2146339
2146351
2146353
2146365
2146367
2146379
2146381
2146393
2146395
2146539
2146541
2146542
2146569
2146571
2146583
2146585
2146597
2146599
2146611
2146613
2146625
2146627
2146639
2146641
2146653
2146655
2146667
2146669
2146675
2146677
2146689
2146691
2146703
2146705
2146717
2146719
2146731
2146733
2146745
2146747
2146759
2146761
2146773
2146775
2146831
2146853
2146855
2146873
2146875
2146893
2146895
2146913
2146915
2146933
2146935
2146953
2146955
2146973
2146975
2146993
2146995
2147013
2147015
2147034
2147040
2147042
2147048
2147050
2147091
2147093
2147094
2147113
2147115
2147121
2147123
2147185
2147187
2147188
2147206
2147208
2147226
2147228
2147240
2147242
2147248
2147250
2147256
2147258
2147265
2147267
2147273
2147275
2147282
2147284
2147290
2147292
2147299
2147301
2147307
2147309
2147316
2147318
2147324
2147326
2147356
2147376
2147378
2147390
2147392
2147404
2147406
2147418
2147420
2147432
2147434
2147446
2147448
2147460
2147462
2147468
2147470
2147482
2147484
2147496
2147498
2147510
2147512
2147524
2147526
2147538
2147540
2147552
2147554
2147727
2147731
2147886
2147890
2148043
2148047
2148222
2148226
2148381
2148385
2148588
2148592
2148829
2148833
2149001
2149005
2149232
2149236
2153357
2155851
2156131
2156748
2157592
2157596
2157597
2157644
2157645
2157647
2157648
2157689
2157691
2159647
2159648
2159659
2159661
2162895
2162918
2162919
2162921
2162922
2162936
2162937
2162939
2162941
2162942
2162943
2164225
2164229
2164301
2164395
2164499
2164602
2164877
2164879
2164889
2164893
2164952
2164968
2165307
2165314
2166845
2166848
2166956
2166959
2167545
2167548
2167556
2167560
2167664
2167667
2167874
2167877
2167987
2167990
2168024
2168027
2168109
2168111
2168274
2168280
2168468
2168475
2168506
2168508
2168512
2168513
2170367
2170369
2170722
2170778
2170780
2170823
2170838
2170895
2170897
2170911
2171187
2171200
2171213
2171230
2171232
2171233
2171234
2171258
2171288
2171338
2171346
2171348
2171354
2171356
2171362
2171364
2171376
2171378
2171384
2171386
2171392
2171394
2171406
2171408
2171421
2171423
2171428
2171430
2171436
2171438
2171637
2171641
2172237
2172239
2172391
2172393
2175050
2175054
2177237
2177844
2178033
2180416
2180418
2181322
2181933
2182007
2182035
2182037
2182499
2184933
2185065
2186771
2187116
2187117
2189931
2191013
2191014
2191016
2191017
2191031
2191034
2191049
2191053
2191400
2191402
2192971
2193013
2193015
2193021
2193023
2193047
2193050
2193051
2193102
2193104
2193110
2193112
2193148
2193150
2193212
2193214
2193215
2193232
2193234
2193246
2193248
2193280
2193282
2193283
2193308
2193310
2193419
2193429
2193430
2193447
2193449
2193461
2193463
2193506
2193508
2193509
2193526
2193528
2193540
2193542
2193563
2193613
2193641
2193675
2193701
2193703
2193883
2193887
2194047
2194051
2194265
2194269
2196219
2196223
2196402
2196406
2196585
2196589
2196744
2196748
2196749
2196937
2196941
2197101
2197661
2197665
2197820
2197824
2198312
2198316
2198562
2198566
2198642
2198643
2198644
2198759
2198763
2198850
2198938
2199118
2204351
2207586
2207588
2208160
2211520
2212548
2212847
2212852
2213128
2213131
2213785
2213797
2213801
2214897
2214937
2215694
2215697
2216177
2217148
2217154
2217835
2217840
2218948
2218950
2218961
2220049
2220907
2220928
2221980
2222233
2222599
2222609
2223745
2223828
2223984
2224044
2225211
2226303
2226305
2226624
2227183
2227848
2227849
2227850
2227851
2227852
2227868
2227869
2227871
2227872
2227890
2227891
2227893
2227894
2229390
2229575
2230874
2230877
2231536
2231540
2232174
2232178
2232620
2232626
2232691
2232863
2232904
2232910
2232947
2232953
2233048
2233054
2233149
2233152
2233158
2233161
2233190
2233193
2233199
2233204
2234037
2234084
2234086
2234113
2234115
2234116
2234144
2234146
2234147
2234247
2234249
2234250
2234265
2234267
2234320
2234329
2234331
2234355
2234357
2234627
2234704
2235179
2235298
2235707
2235709
2235732
2236394
2236398
2236441
2236652
2236656
2236807
2236811
2236990
2236994
2237168
2237172
2238124
2238128
2238291
2238295
2238458
2238462
2238989
2238993
2239156
2239160
2239315
2239319
2251290
2251294
2253034
2253289
2254948
2258181
2258182
2258316
2258393
2258395
2258795
2258798
2258806
2258810
2258857
2258859
2259335
2259528
2260157
2260382
2261088
2261205
2261215
2261757
2263163
2263529
2263537
2263654
2263657
2263666
2263669
2263712
2263714
2264426
2264431
2265686
2265691
2265816
2265820
2266189
2266196
2266262
2268320
2268322
2268330
2268331
2268342
2268390
2268392
2268407
2268431
2268433
2268434
2268493
2268495
2268522
2268563
2269192
2269406
2269435
2269437
2269448
2269459
2269472
2269474
2269475
2269510
2269747
2269751
2269955
2269959
2270139
2270143
2270963
2270967
2270968
2270969
2270970
2271135
2271139
2271339
2271343
2271516
2271520
2271683
2271687
2271850
2271854
2272017
2272021
2272180
2272184
2272313
2272324
2273430
2273475
2273507
2274309
2274340
2275185
2275741
2276082
2276089
2280870
2280874
2284711
2286682
2286707
2286710
2286726
2286730
2286766
2286778
2286796
2286800
2286816
2286820
2290372
2290438
2290442
2293509
2294791
2294794
2294831
2294834
2294871
2294874
2297079
2297080
2297081
2297082
2297083
2297106
2297108
2297113
2297115
2297178
2297181
2297220
2298657
2298665
2299180
2299181
2299182
2299198
2299625
2299632
2299692
2299694
2299695
2299727
2299729
2299730
2299761
2299763
2299764
2299796
2299798
2299817
2299819
2299820
2299828
2299830
2299836
2299838
2299843
2299845
2299851
2299853
2299859
2299861
2299866
2299868
2299874
2299876
2299881
2299883
2299889
2299891
2299897
2299899
2299910
2299912
2299918
2299920
2299925
2299927
2299933
2299935
2299948
2299950
2299951
2299959
2299961
2299967
2299969
2299974
2299976
2299982
2299984
2300002
2300004
2300026
2300028
2300029
2300037
2300039
2300045
2300047
2300052
2300054
2300060
2300062
2300068
2300070
2300075
2300077
2300083
2300085
2300090
2300092
2300098
2300100
2300106
2300108
2300113
2300115
2300121
2300123
2300128
2300130
2300136
2300138
2300151
2300164
2300166
2300172
2300174
2300180
2300182
2300195
2300202
2300204
2300210
2300212
2300225
2300239
2300275
2300291
2300293
2300294
2300314
2300316
2300317
2300318
2300342
2300344
2300353
2300355
2300361
2300363
2300368
2300370
2300376
2300378
2300433
2300452
2300454
2300466
2300468
2300487
2300489
2300490
2300517
2300548
2300598
2300624
2300674
2300691
2300692
2300694
2300696
2300698
2300699
2300700
2300701
2300706
2301058
2301062
2301445
2301449
2302134
2302138
2304008
2304010
2304069
2304089
2304270
2304272
2304368
2304370
2308095
2308097
2308102
2308104
2308110
2308112
2308122
2308124
2308511
2308513
2308518
2308520
2308528
2308530
2308536
2308538
2308741
2308754
2308760
2308877
2308882
2309718
2309775
2309777
2313275
2313279
2313344
2313348
2313654
2315396
2315397
2315398
2315399
2315413
2315525
2315529
2315530
2315835
2315836
2315837
2315861
2315888
2315889
2315891
2315893
2315896
2315897
2315899
2315900
2315901
2315902
2315903
2315904
2315910
2317541
2317543
2317548
2317550
2318079
2318146
2318162
2319927
2321163
2321217
2321291
2321319
2321332
2321360
2321379
2321412
2321413
2321443
2321458
2325458
2326070
2327613
2327708
2327711
2327740
2327745
2327769
2327771
2327813
2327816
2327841
2327843
2327850
2327852
2327893
2327896
2327921
2327923
2327930
2327932
2327988
2327991
2327998
2328000
2328075
2328077
2328110
2328144
2328158
2328160
2328161
2328192
2328194
2328329
2328345
2328347
2328359
2328361
2328383
2328411
2328439
2328449
2328451
2328463
2328465
2328471
2328473
2328485
2328487
2328493
2328495
2328507
2328509
2328551
2328553
2328554
2328828
2328842
2328843
2329057
2329059
2329060
2329096
2329170
2329171
2329445
2329449
2329616
2329620
2330320
2330322
2330761
2331010
2331037
2333354
2333388
2333698
2333700
2334459
2334494
2334539
2334673
2334947
2335672
2335685
2337158
2337159
2337834
2337836
2337874
2337877
2338056
2338059
2339868
2339870
2344496
2344517
2348094
2349004
2349008
2349287
2349313
2349321
2349325
2350487
2350492
2351701
2351705
2352573
2352575
2352626
2352661
2352970
2352972
2353831
2353833
2355866
2355871
2356113
2356234
2356236
2357720
2357721
2357722
2357728
2357862
2358062
2358173
2358175
2358526
2358803
2358807
2358819
2358823
2358848
2358850
2359425
2359429
2359791
2359793
2360035
2360099
2360481
2360486
2360990
2360994
2361000
2361002
2361023
2361026
2361031
2361032
2361044
2361046
2361047
2361119
2361121
2361122
2361134
2361136
2361187
2361189
2361190
2361212
2361214
2361215
2361233
2361235
2361292
2361366
2361464
2361485
2361487
2361499
2361501
2361507
2361509
2361521
2361523
2361541
2361549
2361551
2361631
2361641
2361643
2361655
2361657
2361686
2361700
2361702
2361727
2361882
2361905
2361931
2361951
2361959
2361961
2361967
2361969
2361974
2361976
2361982
2361984
2362029
2362036
2362038
2362050
2362052
2362064
2362066
2362072
2362074
2362086
2362088
2362100
2362102
2362216
2362236
2362238
2362250
2362252
2362273
2362275
2362460
2362464
2362619
2362623
2362778
2362782
2362783
2363126
2363130
2363289
2363293
2363451
2363455
2363661
2363665
2363846
2363850
2363870
2363872
2365424
2365426
2365819
2365821
2366019
2366021
2366394
2366396
2366723
2367073
2367075
2367080
2367082
2367085
2367655
2367657
2368210
2368212
2368409
2368411
2368726
2368728
2369023
2369025
2369472
2369474
2369617
2369619
2369730
2369748
2369749
2369750
2369751
2369752
2369953
2370865
2370866
2370867
2371205
2371207
2371669
2371671
2372594
2372596
2374346
2374348
2374885
2379410
2379417
2379902
2379904
2380274
2380321
2380328
2381741
2381743
2381868
2381869
2383915
2385583
2385594
2388847
2388851
2391585
2391589
2392840
2392849
2394022
2396878
2396880
2399585
2399587
2399605
2399607
2399608
2399633
2399634
2399636
2399638
2399640
2399642
2399647
2399648
2399650
2399652
2399653
2399654
2399655
2399656
2399657
2399658
2399659
2399660
2399661
2400436
2400445
2400929
2403135
2403138
2403422
2403503
2403505
2404519
2404521
2405467
2405477
2405497
2405499
2405517
2405519
2405520
2405521
2405522
2405523
2405524
2405532
2405534
2406041
2406044
2407987
2407989
2408036
2408053
2408055
2408083
2408144
2408163
2408165
2408177
2408179
2408202
2408237
2408251
2408253
2408277
2408291
2408293
2408315
2408350
2408352
2408353
2408354
2408364
2408366
2408372
2408374
2408385
2408387
2408393
2408395
2408491
2408532
2408540
2408542
2408548
2408550
2408556
2408558
2408570
2408572
2408613
2408638
2408640
2408652
2408654
2408672
2408673
2408693
2408707
2408709
2408758
2408777
2408779
2408791
2408793
2408827
2408837
2408838
2408852
2408854
2408883
2408902
2408904
2408953
2408960
2408962
2408974
2408976
2409005
2409024
2409026
2409038
2409040
2409180
2409182
2409183
2409192
2409198
2409200
2409206
2409208
2409213
2409215
2409221
2409223
2409286
2409288
2409289
2409331
2409333
2409334
2409335
2409515
2409517
2409518
2409519
2409534
2409536
2409590
2409592
2409593
2409626
2409628
2409640
2409642
2409712
2409946
2409950
2409951
2409952
2410120
2410122
2410123
2410280
2410282
2410516
2410520
2411126
2411130
2411281
2411285
2411524
2411528
2411677
2411679
2411777
2411779
2411780
2411870
2411901
2412058
2412089
2412282
2412313
2412502
2412532
2412720
2412751
2412944
2412974
2413167
2413199
2413309
2413345
2413630
2413660
2415812
2415846
2416081
2416115
2416350
2416384
2418510
2418666
2418844
2418846
2418847
2419906
2419908
2420785
2420788
2420794
2420797
2420816
2420819
2420882
2421066
2421996
2422990
2423566
2423583
2423586
2423596
2423599
2423610
2423613
2423623
2423626
2423637
2423639
2423938
2423939
2424876
2424878
2425271
2425996
2426344
2427092
2427094
2427166
2427193
2428091
2428095
2429711
2430454
2430904
2431018
2431022
2431266
2432545
2432621
2432815
2433598
2433604
2433760
2433766
2434889
2435006
2435034
2435037
2435040
2437371
2437373
2438057
2438300
2441451
2441455
2441508
2441512
2441928
2442128
2442131
2442145
2442147
2442153
2442155
2442773
2442774
2442776
2442778
2442779
2442780
2442789
2442930
2443107
2443109
2443311
2443312
2443313
2443335
2443342
2443344
2443347
2443348
2443358
2443359
2443361
2443362
2443371
2443372
2443374
2443375
2443382
2443384
2445505
2445510
2445917
2445968
2446035
2446040
2446046
2446051
2450176
2450186
2450188
2450226
2450228
2450229
2450230
2450258
2450260
2450302
2450321
2450323
2450335
2450337
2450364
2450380
2450382
2450447
2450466
2450468
2450480
2450482
2450488
2450490
2450502
2450504
2450551
2450570
2450572
2450584
2450586
2450630
2450632
2450650
2450652
2450660
2450667
2450708
2450716
2450730
2450732
2450733
2451221
2451225
2452576
2452580
2452735
2452739
2452912
2452916
2452921
2453256
2453257
2453496
2453498
2453525
2453633
2454307
2454332
2454334
2454351
2454590
2454708
2454826
2455127
2455130
2455311
2455339
2455810
2456041
2456045
2456200
2456204
2456375
2456379
2456550
2456554
2456709
2456713
2457211
2457215
2457382
2457386
2457398
2457400
2457509
2457511
2458635
2459646
2459650
2461750
2461754
2461781
2461799
2461801
2462995
2463022
2466543
2466572
2470241
2470249
2471263
2471663
2471679
2472609
2472828
2472830
2472835
2472837
2472840
2473543
2473546
2473776
2473778
2474338
2474475
2475220
2475222
2475427
2475943
2475945
2476650
2476777
2477292
2477757
2477883
2477884
2479669
2479739
2479894
2480555
2480557
2480580
2480581
2480588
2480590
2480603
2480609
2480611
2480617
2480619
2480653
2480671
2480673
2480721
2480737
2480739
2480815
2480831
2480833
2480865
2480883
2480885
2480902
2480920
2480963
2480975
2480977
2481106
2481171
2481203
2481509
2481513
2481670
2481674
2481849
2481853
2482035
2482039
2482212
2482216
2482553
2482557
2482712
2482716
2482717
2482901
2482905
2483060
2483064
2483366
2483370
2483560
2483564
2483565
2483566
2483736
2483740
2483932
2483936
2484672
2484830
2484831
2485480
2485482
2485483
2485561
2485563
2487728
2491416
2491418
2491579
2491581
2491761
2491763
2492672
2494068
2494069
2494071
2494073
2494074
2494075
2494079
2494147
2494148
2494150
2494153
2494154
2494155
2494288
2494290
2494461
2494490
2494693
2494694
2494749
2494892
2494898
2494901
2494910
2494911
2494932
2494933
2494934
2494935
2494936
2494937
2495081
2498207
2498770
2498799
2498839
2498880
2498884
2498905
2498909
2498930
2498934
2499142
2499150
2499218
2499220
2499327
2499331
2499434
2499442
2499452
2499523
2499525
2500809
2501000
2501078
2501154
2501157
2501158
2502185
2502187
2502225
2502227
2502311
2502313
2502638
2502641
2502859
2502860
2503030
2503032
2503923
2503942
2504005
2504011
2504068
2504070
2504146
2504150
2505846
2505856
2505896
2505898
2505905
2505907
2505909
2505910
2505911
2505912
2505913
2505914
2505995
2506065
2506069
2506829
2506833
2507083
2507087
2507100
2507104
2507906
2507907
2507962
2508668
2508670
2510183
2510188
2510440
2510751
2510755
2510829
2510833
2510854
2510858
2510965
2510969
2510982
2510987
2511000
2511005
2511273
2511277
2511351
2511355
2511376
2511380
2511448
2511450
2511671
2511675
2511749
2511753
2511774
2511778
2511986
2511990
2512514
2512900
2513021
2513118
2513500
2513501
2513502
2513503
2513504
2514331
2516711
2516752
2516753
2516768
2516770
2516776
2516778
2516784
2516786
2516792
2516794
2516802
2516804
2516811
2516813
2516819
2516821
2516829
2516831
2516838
2516840
2516846
2516848
2516865
2516899
2516912
2516934
2516936
2516937
2516979
2516981
2516982
2517020
2517022
2517034
2517036
2517048
2517050
2517062
2517064
2517076
2517078
2517090
2517092
2517104
2517106
2517118
2517120
2517132
2517134
2517146
2517148
2517160
2517162
2517174
2517176
2517188
2517190
2517202
2517204
2517216
2517218
2517230
2517232
2517244
2517246
2517258
2517260
2517272
2517274
2517280
2517282
2517294
2517296
2517308
2517310
2517322
2517324
2517336
2517338
2517350
2517352
2517364
2517366
2517378
2517380
2517392
2517394
2517406
2517408
2517420
2517422
2517434
2517436
2517448
2517450
2517462
2517464
2517476
2517478
2517490
2517492
2517504
2517506
2517518
2517520
2517532
2517534
2517546
2517548
2517586
2517588
2517589
2517627
2517629
2517641
2517643
2517655
2517657
2517669
2517671
2517683
2517685
2517697
2517699
2517711
2517713
2517725
2517727
2517739
2517741
2517753
2517755
2517767
2517769
2517781
2517783
2517795
2517797
2517809
2517811
2517823
2517825
2517837
2517839
2517851
2517853
2517865
2517867
2517879
2517881
2517897
2517919
2517941
2517963
2517999
2518019
2518021
2518027
2518029
2518041
2518043
2518049
2518051
2518057
2518059
2518131
2518133
2518134
2518170
2518172
2518208
2518210
2518240
2518248
2518250
2518256
2518258
2518263
2518265
2518271
2518273
2518296
2518305
2518307
2518313
2518315
2518320
2518322
2518328
2518330
2518370
2518390
2518392
2518404
2518406
2518418
2518420
2518450
2518470
2518472
2518484
2518486
2518513
2518682
2518686
2518854
2518858
2519026
2519030
2519198
2519202
2519203
2519408
2519412
2519578
2519582
2519773
2519777
2520025
2520029
2520184
2520188
2520189
2521071
2521075
2526552
2526823
2526827
2527717
2527718
2527771
2527773
2527811
2527829
2528526
2532328
2532331
2532723
2532728
2532816
2532818
2533933
2535733
2535770
2537197
2537233
2537740
2537789
2537790
2537791
2537792
2537793
2538331
2538334
2538382
2538389
2539466
2539469
2539602
2539622
2539624
2539906
2540062
2542033
2542291
2542292
2542293
2542294
2542295
2542518
2542600
2543873
2544074
2544075
2544333
2544458
2544461
2544501
2544503
2545242
2545295
2545345
2545346
2545378
2546395
2546396
2546606
2546607
2547677
2547679
2547989
2548121
2548674
2548698
2549413
2549428
2549458
2549459
2549578
2549599
2549668
2549670
2549765
2549787
2549789
2549801
2549803
2549815
2549817
2549823
2549825
2549837
2549839
2549851
2549853
2549868
2549870
2549892
2549902
2549904
2549910
2549912
2549917
2549919
2549925
2549927
2549932
2549934
2549940
2549942
2549959
2550034
2550036
2550044
2550046
2550052
2550054
2550074
2550076
2550077
2550078
2550079
2550080
2550081
2550082
2551489
2551520
2551900
2551930
2555073
2555103
2555326
2555357
2555515
2555547
2555994
2556407
2556438
2560373
2561004
2561764
2561772
2562308
2562312
2562841
2562851
2563640
2563777
2563802
2564725
2565111
2565113
2565149
2565155
2565546
2565549
2566053
2566055
2566367
2568174
2568181
2569987
2569988
2569989
2569990
2570010
2570228
2570230
2571443
2572182
2572184
2572916
2573153
2573157
2574114
2574808
2574810
2574816
2574818
2574824
2574826
2574832
2574834
2574839
2574841
2574848
2574850
2575656
2575659
2575815
2576077
2576093
2577073
2577075
2577284
2578299
2578305
2579968
2580909
2580915
2580934
2580940
2580973
2580979
2581172
2581173
2581550
2582694
2582702
2584291
2584322
2584327
2584520
2585552
2585556
2585627
2585630
2586640
2586641
2586749
2586752
2586762
2586765
2586947
2586950
2589639
2589763
2589868
2590039
2590043
2590070
2590074
2590259
2590263
2590936
2591285
2591290
2591291
2591292
2591312
2591314
2591320
2591322
2591327
2591329
2591335
2591337
2591342
2591344
2591350
2591352
2591357
2591359
2591365
2591367
2591372
2591374
2591380
2591382
2591387
2591389
2591395
2591397
2591402
2591404
2591410
2591412
2591417
2591419
2591425
2591427
2591432
2591434
2591440
2591442
2591447
2591449
2591455
2591457
2591462
2591464
2591470
2591472
2591477
2591479
2591485
2591487
2591492
2591494
2591500
2591502
2591507
2591509
2591515
2591517
2591522
2591524
2591530
2591532
2591537
2591539
2591545
2591547
2591552
2591554
2591560
2591562
2591567
2591569
2591575
2591577
2591636
2591638
2591639
2591676
2591678
2591690
2591692
2591704
2591706
2591718
2591720
2591732
2591734
2591746
2591748
2591760
2591762
2591774
2591776
2591788
2591790
2591802
2591804
2591816
2591818
2591830
2591832
2591844
2591846
2591858
2591860
2591872
2591874
2591886
2591888
2591900
2591902
2591914
2591916
2591947
2591948
2591973
2591975
2592006
2592008
2592016
2592018
2592032
2592034
2592046
2592048
2592060
2592062
2592068
2592070
2592098
2592116
2592118
2592136
2592138
2592156
2592158
2592224
2592226
2592227
2592265
2592267
2592279
2592281
2592293
2592295
2592307
2592309
2592321
2592323
2592335
2592337
2592349
2592351
2592363
2592365
2592377
2592379
2592391
2592393
2592405
2592407
2592419
2592421
2592433
2592435
2592447
2592449
2592461
2592463
2592475
2592477
2592489
2592491
2592503
2592505
2592517
2592519
2592525
2592527
2592534
2592536
2592542
2592544
2592551
2592553
2592559
2592561
2592568
2592570
2592576
2592578
2592585
2592587
2592593
2592595
2592602
2592604
2592610
2592612
2592800
2592804
2592959
2592963
2593118
2593122
2593123
2593290
2593294
2593511
2593515
2593700
2593704
2594019
2596418
2597996
2598026
2598622
2599562
2600235
2600319
2600424
2601227
2603105
2603402
2603879
2603881
2603887
2603889
2603895
2603897
2603903
2603905
2603911
2603913
2603919
2603921
2603926
2603928
2604063
2604067
2604166
2604168
2604700
2604705
2604893
2604911
2604919
2604922
2604941
2604946
2605067
2605074
2605317
2605320
2605535
2605566
2605569
2605572
2605573
2606546
2607494
2608093
2610392
2610397
2610402
2610678
2610679
2610680
2610681
2610682
2610683
2610684
2610685
2610717
2610719
2611015
2611450
2611463
2612433
2612574
2614280
2614366
2614404
2614467
2614484
2614486
2614985
2616240
2616242
2616967
2616969
2616988
2616990
2617261
2617262
2617263
2617264
2617265
2617266
2617285
2617287
2617639
2617673
2617723
2617900
2617902
2618003
2618006
2618228
2618230
2618355
2618360
2618906
2618964
2618965
2619726
2619728
2619871
2621182
2621184
2621511
2621513
2621532
2621542
2621544
2621550
2621552
2621557
2621559
2621565
2621567
2621572
2621574
2621580
2621582
2621593
2621595
2621596
2621612
2621613
2621627
2621629
2621641
2621643
2621655
2621657
2621669
2621671
2621683
2621685
2621717
2621718
2621728
2621730
2621736
2621738
2621749
2621751
2621757
2621759
2621770
2621772
2621778
2621780
2621791
2621793
2621799
2621801
2621823
2621840
2621853
2621948
2621950
2621951
2621984
2621986
2622004
2622006
2622024
2622026
2622044
2622046
2622064
2622066
2622084
2622086
2622104
2622106
2622124
2622126
2622144
2622146
2622164
2622166
2622184
2622186
2622204
2622206
2622224
2622226
2622244
2622246
2622264
2622266
2622284
2622286
2622304
2622306
2622324
2622326
2622344
2622346
2622364
2622366
2622404
2622405
2622458
2622460
2622485
2622487
2622493
2622495
2622500
2622502
2622508
2622510
2622515
2622517
2622523
2622525
2622530
2622532
2622538
2622540
2622545
2622547
2622553
2622555
2622560
2622562
2622568
2622570
2622575
2622577
2622583
2622585
2622590
2622592
2622598
2622600
2622605
2622607
2622613
2622615
2622620
2622622
2622628
2622630
2622636
2622638
2622643
2622645
2622651
2622653
2622658
2622660
2622666
2622668
2622673
2622675
2622681
2622683
2622688
2622690
2622696
2622698
2622704
2622706
2622718
2622720
2622732
2622734
2622746
2622748
2622760
2622762
2622774
2622776
2622788
2622790
2622802
2622804
2622816
2622818
2622830
2622832
2622844
2622846
2622858
2622860
2622872
2622874
2622886
2622888
2622900
2622902
2622914
2622916
2622928
2622930
2622942
2622944
2622956
2622958
2622970
2622972
2622992
2622994
2622995
2623046
2623048
2623058
2623060
2623084
2623086
2623087
2623121
2623123
2623159
2623161
2623184
2623186
2623187
2623211
2623464
2623468
2623582
2626251
2626815
2627402
2627404
2627671
2627675
2627810
2627812
2627936
2627938
2628057
2628059
2628419
2628735
2628738
2628744
2628746
2629791
2629840
2629890
2630301
2630381
2630644
2630647
2630991
2631004
2631566
2631568
2631573
2631575
2631987
2632072
2632299
2632420
2632424
2632949
2633503
2633531
2633535
2633655
2634764
2634768
2635202
2635216
2635222
2635223
2636250
2636285
2636299
2636300
2636411
2636413
2636608
2636655
2636658
2636661
2636663
2636665
2636691
2636692
2636693
2636694
2636695
2636725
2636726
2636728
2636729
2636746
2636748
2637072
2637074
2637152
2637158
2637373
2637647
2639645
2639848
2639850
2639852
2639854
2639855
2639856
2641365
2642078
2642610
2642611
2642612
2642613
2642614
2642634
2642661
2642663
2642679
2642681
2642686
2642688
2642761
2643309
2643311
2643427
2643552
2643554
2643594
2643626
2643628
2643640
2643642
2643654
2643656
2643668
2643670
2643682
2643684
2643696
2643698
2643710
2643712
2643724
2643726
2643738
2643740
2643752
2643754
2643766
2643768
2643780
2643782
2643794
2643796
2643808
2643810
2643822
2643824
2643836
2643838
2643850
2643852
2643864
2643866
2643878
2643880
2643917
2643919
2643920
2643951
2643953
2643965
2643967
2643979
2643981
2643993
2643995
2644007
2644009
2644021
2644023
2644035
2644037
2644049
2644051
2644063
2644065
2644077
2644079
2644091
2644093
2644105
2644107
2644119
2644121
2644133
2644135
2644147
2644149
2644161
2644163
2644175
2644177
2644189
2644191
2644197
2644199
2644205
2644207
2644213
2644215
2644237
2644239
2644240
2644298
2644300
2644312
2644314
2644332
2644334
2644352
2644354
2644372
2644374
2644392
2644394
2644412
2644414
2644432
2644434
2644452
2644454
2644472
2644474
2644492
2644494
2644512
2644514
2644532
2644534
2644552
2644554
2644572
2644574
2644592
2644594
2644612
2644614
2644632
2644634
2644652
2644654
2644672
2644674
2644692
2644694
2644777
2644779
2644780
2644813
2644815
2644827
2644829
2644841
2644843
2644855
2644857
2644869
2644871
2644883
2644885
2644897
2644899
2644911
2644913
2644925
2644927
2644939
2644941
2644953
2644955
2644967
2644969
2644981
2644983
2644995
2644997
2645009
2645011
2645023
2645025
2645037
2645039
2645051
2645053
2645065
2645067
2645079
2645081
2645104
2645106
2645107
2645137
2645139
2645140
2645174
2645176
2645177
2645213
2645215
2645216
2645252
2645254
2645255
2645272
2645274
2645279
2645281
2645287
2645289
2645294
2645296
2645302
2645304
2645309
2645311
2645317
2645319
2645334
2645336
2645347
2645349
2645355
2645357
2645362
2645364
2645370
2645372
2645377
2645379
2645385
2645387
2645418
2645420
2645421
2645472
2645474
2645475
2645529
2645531
2645582
2645584
2645585
2645636
2645638
2645639
2645690
2645692
2645693
2645744
2645746
2645747
2645798
2645800
2645801
2645852
2645854
2645855
2645906
2645908
2645909
2645960
2645962
2645963
2646014
2646016
2646017
2646068
2646071
2646072
2646122
2646124
2646125
2646176
2646178
2646179
2646230
2646232
2646233
2646284
2646286
2646287
2646338
2646340
2646341
2646392
2646394
2646395
2646446
2646448
2646449
2646538
2646540
2646541
2646599
2646601
2646613
2646615
2646627
2646629
2646641
2646643
2646655
2646657
2646669
2646671
2646683
2646685
2646697
2646699
2646711
2646713
2646725
2646727
2646739
2646741
2646753
2646755
2646767
2646769
2646781
2646783
2646795
2646797
2646815
2646817
2646829
2646831
2646837
2646839
2646844
2646846
2646901
2646903
2646904
2646950
2646952
2646964
2646966
2646978
2646980
2646992
2646994
2647006
2647008
2647020
2647022
2647034
2647036
2647048
2647050
2647062
2647064
2647076
2647078
2647090
2647092
2647104
2647106
2647118
2647120
2647132
2647134
2647146
2647148
2647160
2647162
2647174
2647176
2647188
2647190
2647202
2647204
2647210
2647212
2647217
2647219
2647225
2647227
2647302
2647322
2647324
2647336
2647338
2647350
2647352
2647380
2647395
2647397
2647417
2647444
2647474
2647492
2647494
2647506
2647508
2647523
2647526
2647542
2647544
2647556
2647558
2647570
2647572
2647578
2647580
2647593
2647595
2647601
2647603
2647622
2647624
2647630
2647632
2647689
2648665
2648669
2650856
2650860
2650862
2650863
2650869
2650871
2650874
2650887
2650888
2650897
2650898
2650940
2650941
2650943
2650944
2650980
2650981
2650983
2650984
2651666
2652248
2652278
2652330
2652332
2652968
2653294
2654092
2654096
2654110
2654114
2656183
2656765
2656773
2656801
2656816
2658525
2658580
2659290
2659299
2659304
2659305
2659755
2659757
2659810
2659848
2660866
2660870
2661291
2661298
2661408
2661411
2661719
2661726
2662614
2662785
2662786
2662787
2662788
2662789
2662834
2662870
2662874
2662878
2662879
2662889
2662890
2662892
2662893
2662925
2662986
2663184
2663403
2663509
2663517
2663518
2663956
2664685
2666263
2667806
2667808
2668080
2668094
2668095
2669389
2672547
2673011
2673215
2673536
2673549
2673568
2673587
2673666
2673686
2673688
2673700
2673702
2673714
2673716
2673747
2673763
2673765
2673775
2673777
2673809
2673811
2673812
2673852
2673854
2673872
2673874
2673892
2673894
2673912
2673914
2673932
2673934
2673952
2673954
2673972
2673974
2673992
2673994
2674018
2674020
2674057
2674071
2674073
2674079
2674081
2674086
2674088
2674094
2674096
2674101
2674103
2674109
2674111
2674126
2674140
2674142
2674148
2674150
2674155
2674157
2674163
2674165
2674170
2674172
2674178
2674180
2674363
2674367
2674453
2674608
2674612
2674869
2674873
2675047
2675051
2675218
2675222
2675388
2675392
2675846
2675878
2676303
2676335
2676799
2678699
2678729
2679505
2679996
2680251
2680255
2680559
2683272
2683279
2683320
2683326
2683350
2683357
2683751
2684065
2684067
2684323
2684324
2684326
2684336
2684337
2684338
2684764
2685266
2685584
2685585
2685802
2688231
2689080
2689653
2689722
2690202
2690206
2690230
2690234
2691269
2691325
2691327
2691328
2691366
2691368
2694266
2694270
2694492
2694495
2694589
2694596
2694615
2694620
2696261
2697074
2697100
2697633
2697634
2697635
2697636
2697696
2697698
2699546
2699552
2699555
2701703
2701817
2701884
2702191
2702194
2703019
2703039
2703041
2703053
2703055
2703067
2703069
2703075
2703077
2703093
2703095
2703096
2703110
2703112
2703124
2703126
2703138
2703140
2703147
2703154
2703167
2703180
2703200
2703232
2703241
2703243
2703255
2703257
2703269
2703271
2705768
2709405
2710177
2710953
2711573
2716556
2716779
2716807
2716810
2717535
2717663
2717664
2718064
2718291
2718396
2718417
2718420
2718484
2718487
2718504
2718506
2719213
2719252
2719254
2719264
2719267
2719489
2719520
2719682
2719684
2719789
2719791
2719801
2719929
2720736
2720742
2722922
2722926
2723173
2723176
2723192
2723196
2723287
2723639
2724284
2725160
2726782
2726835
2727626
2729293
2729318
2729331
2729333
2729339
2729341
2729346
2729348
2729354
2729356
2729361
2729363
2729369
2729371
2729377
2729379
2729384
2729386
2729392
2729394
2729399
2729401
2729407
2729409
2729414
2729416
2729422
2729424
2729429
2729431
2729437
2729439
2729444
2729446
2729452
2729454
2729459
2729461
2729467
2729469
2729474
2729476
2729482
2729484
2729489
2729491
2729497
2729499
2729504
2729506
2729512
2729514
2729519
2729521
2729527
2729529
2729534
2729536
2729542
2729544
2729549
2729551
2729557
2729559
2729564
2729566
2729572
2729574
2729579
2729581
2729587
2729589
2729594
2729596
2729602
2729604
2729609
2729611
2729617
2729619
2729624
2729626
2729632
2729634
2729639
2729641
2729647
2729649
2729654
2729656
2729662
2729664
2729670
2729672
2729678
2729680
2729687
2729689
2729695
2729697
2729708
2729710
2729716
2729718
2729729
2729731
2729737
2729739
2729760
2729762
2731640
2732270
2732619
2733285
2733320
2734056
2734851
2735144
2735161
2735383
2735384
2735570
2735788
2735810
2736420
2736422
2738093
2738497
2738653
2738657
2738670
2738674
2738683
2738685
2739846
2739848
2739993
2740027
2740793
2741066
2741084
2741086
2741089
2741090
2741102
2741104
2741107
2741164
2741271
2741807
2742150
2742170
2742193
2742198
2743498
2743500
2743510
2744463
2744811
2744934
2745011
2745384
2745422
2746106
2746110
2746122
2746126
2746602
2746604
2747247
2747249
2747399
2747401
2747407
2747409
2747414
2747416
2747422
2747424
2747430
2747432
2747438
2747440
2747453
2747467
2747474
2747476
2747482
2747484
2747497
2747536
2747538
2747544
2747546
2747551
2747553
2747570
2747577
2747579
2747585
2747587
2747597
2747599
2747607
2747609
2747635
2747637
2747832
2747836
2747837
2747992
2747996
2748159
2748163
2748318
2748322
2750063
2750097
2750771
2751546
2751803
2751970
2753686
2754110
2754371
2755288
2755294
2755449
2755454
2755765
2756061
2756075
2756100
2756101
2756103
2756104
2757560
2757572
2758762
2758763
2758770
2758771
2759150
2759405
2759408
2759505
2759508
2760493
2760495
2760668
2761637
2761900
2761988
2763166
2763726
2765463
2765626
2766241
2766252
2767816
2767817
2767818
2769229
2769230
2769231
2769232
2769233
2769352
2769360
2771776
2771778
2772586
2772588
2772732
2772753
2772985
2772986
2773913
2773915
2773948
2773958
2773959
2773974
2773976
2773988
2773990
2773996
2773998
2774003
2774005
2774011
2774013
2774018
2774020
2774026
2774028
2774034
2774036
2774041
2774043
2774049
2774051
2774056
2774058
2774064
2774066
2774097
2774099
2774100
2774115
2774117
2774129
2774131
2774189
2774204
2774206
2774218
2774220
2774234
2774236
2774237
2774261
2774263
2774264
2774282
2774284
2774285
2774303
2774305
2774306
2774316
2774318
2774330
2774332
2774338
2774340
2774347
2774349
2774355
2774357
2774364
2774366
2774372
2774374
2774381
2774383
2774389
2774391
2774399
2774401
2774408
2774410
2774416
2774418
2774425
2774427
2774433
2774435
2774442
2774444
2774450
2774452
2774459
2774461
2774467
2774469
2774477
2774479
2774491
2774493
2774499
2774501
2774507
2774509
2774571
2774573
2774574
2774589
2774591
2774603
2774605
2774654
2774669
2774671
2774683
2774685
2774703
2774705
2774706
2774714
2774716
2774722
2774724
2774729
2774731
2774737
2774739
2774745
2774747
2774753
2774755
2774761
2774763
2774770
2774772
2774778
2774780
2774795
2774801
2774803
2774809
2774811
2774838
2774869
2774871
2774872
2774878
2774880
2774886
2774888
2774893
2774895
2774901
2774903
2774909
2774911
2774916
2774918
2774924
2774926
2774931
2774933
2774939
2774941
2774957
2774959
2774960
2774961
2774972
2774974
2774980
2774982
2774987
2774989
2774995
2774997
2775127
2775137
2775138
2775154
2775156
2775168
2775170
2775176
2775178
2775184
2775186
2775630
2775634
2775744
2781395
2781584
2781635
2781646
2782160
2782421
2782707
2782969
2783641
2783643
2786631
2786641
2786771
2787391
2787513
2787517
2788274
2788276
2788338
2788535
2788539
2788855
2788857
2789322
2789353
2789571
2789575
2789733
2789736
2789839
2789846
2790101
2790103
2790106
2792339
2792341
2793014
2793019
2793489
2793499
2793597
2793607
2793679
2793697
2795092
2795095
2795171
2795331
2795334
2795478
2795479
2795572
2796084
2796148
2796152
2796183
2796187
2797060
2798776
2798782
2798831
2800052
2800696
2800723
2800837
2800851
2800950
2800981
2801058
2801063
2801610
2805054
2806151
2806153
2806154
2806155
2807257
2808523
2809722
2809904
2809906
2809916
2811725
2813873
2813897
2813900
2814350
2817142
2817147
2817311
2817532
2817539
2818066
2818070
2818599
2818603
2818612
2818615
2819098
2819102
2819727
2819729
2819764
2819766
2821523
2821533
2821827
2821829
2821844
2821846
2823831
2823835
2824222
2824606
2826197
2826199
2826308
2826310
2827005
2827091
2827099
2827100
2827127
2827128
2827146
2827147
2827174
2827175
2827203
2827490
2827923
2827948
2828783
2828794
2828915
2829058
2829088
2829090
2829100
2829102
2829108
2829110
2829120
2829122
2829128
2829130
2829135
2829137
2829143
2829145
2829150
2829152
2829158
2829160
2829165
2829167
2829173
2829175
2829182
2829184
2829190
2829192
2829202
2829204
2829210
2829212
2829222
2829224
2829231
2829233
2829239
2829241
2829251
2829253
2829259
2829261
2829271
2829273
2829279
2829281
2829286
2829288
2829294
2829296
2829301
2829303
2829309
2829311
2829316
2829318
2829324
2829326
2829331
2829333
2829339
2829341
2829346
2829348
2829354
2829356
2829361
2829363
2829369
2829371
2829376
2829378
2829384
2829386
2829392
2829394
2829405
2829407
2829413
2829415
2829426
2829428
2829434
2829436
2829447
2829449
2829455
2829457
2829468
2829470
2829476
2829478
2829489
2829491
2829497
2829499
2829510
2829512
2829518
2829520
2829531
2829533
2829539
2829541
2829558
2829560
2829566
2829568
2829607
2829614
2829616
2829621
2829623
2829629
2829631
2829636
2829638
2829644
2829646
2829653
2829655
2829661
2829663
2829673
2829675
2829681
2829683
2829693
2829695
2829702
2829704
2829710
2829712
2829722
2829724
2829730
2829732
2829742
2829744
2829767
2829769
2829770
2829795
2829797
2829813
2829819
2829821
2829827
2829829
2829851
2829853
2829854
2829862
2829864
2829870
2829872
2829877
2829879
2829885
2829887
2829916
2829918
2829919
2829935
2829937
2829955
2829957
2829958
2829959
2830003
2830005
2830006
2830026
2830028
2830029
2830060
2830460
2830464
2831719
2834578
2834580
2835711
2835742
2836422
2836628
2836970
2837243
2838901
2838922
2838925
2839173
2839174
2839175
2839176
2843684
2844266
2844267
2844268
2844410
2845092
2845093
2845094
2845148
2845150
2845166
2846059
2846445
2847030
2847944
2847946
2847957
2847959
2847965
2847967
2847972
2847974
2847980
2847982
2847989
2847991
2847997
2847999
2848009
2848011
2848017
2848019
2848029
2848031
2848037
2848039
2848044
2848046
2848052
2848054
2848059
2848061
2848067
2848069
2848075
2848077
2848082
2848084
2848090
2848092
2848097
2848099
2848105
2848107
2848124
2848126
2848127
2848135
2848137
2848143
2848145
2848150
2848152
2848158
2848160
2848166
2848168
2848173
2848175
2848181
2848183
2848188
2848190
2848196
2848198
2848204
2848206
2848213
2848215
2848221
2848223
2848233
2848235
2848247
2848249
2848259
2848261
2848273
2848275
2848280
2848282
2848288
2848290
2848295
2848297
2848303
2848305
2848310
2848312
2848318
2848320
2848325
2848327
2848333
2848335
2848340
2848342
2848348
2848350
2848355
2848357
2848363
2848365
2848370
2848372
2848378
2848380
2848386
2848388
2848393
2848395
2848401
2848403
2848408
2848410
2848416
2848418
2848424
2848426
2848431
2848433
2848439
2848441
2848446
2848448
2848454
2848456
2848462
2848464
2848469
2848471
2848477
2848479
2848484
2848486
2848492
2848494
2848535
2848537
2848538
2848553
2848555
2848567
2848569
2848576
2848578
2848584
2848586
2848596
2848598
2848604
2848606
2848616
2848618
2849150
2849940
2853381
2853385
2853588
2853592
2854935
2854937
2855668
2855670
2857649
2858746
2858748
2858759
2858761
2858772
2858774
2859998
2860000
2860013
2860020
2860022
2860028
2860030
2860036
2860038
2860044
2860046
2860052
2860054
2866821
2866829
2867936
2867938
2867949
2867951
2870205
2870207
2870719
2870995
2870997
2872117
2872119
2872751
2872753
2872776
2872778
2872804
2872807
2872808
2876219
2876221
2879897
2879899
2881982
2881984
2886486
2886488
2886499
2886501
2886512
2886514
2886526
2886528
2886563
2886565
2886591
2886593
2889343
2889344
2890839
2891356
2892970
2892972
2899504
2899506
2899518
2899520
2900981
2900983
2902461
2902463
2902511
2902513
2904302
2904304
2904781
2904783
2905325
2905341
2908375
2908379
2910051
2910487
2912766
2912768
2913621
2913623
2913963
2913965
2914040
2914042
2914303
2914305
2914368
2914370
2914388
2914520
2914522
2916562
2917075
2917527
2917533
2917714
2918230
2918232
2918671
2918673
2918691
2918757
2918759
2918777
2918841
2918886
2918888
2918906
2918986
2919532
2919534
2921046
2921048
2921324
2921326
2921338
2921340
2921346
2921348
2921363
2923354
2923869
2923912
2923955
2923998
2924894
2925255
2925477
2925483
2925495
2925501
2925513
2925519
2925531
2925537
2926001
2926124
2926168
2926909
2926911
2926959
2926961
2927009
2927011
2927322
2927324
2928636
2928638
2932111
2932113
2933437
2933439
2933937
2933939
2934458
2934460
2934719
2934721
2935123
2935127
2935297
2935301
2936004
2936638
2937200
2937202
2937401
2937403
2937414
2937416
2937557
2937559
2937628
2937630
2937782
2937784
2938528
2938530
2939761
2939763
2941575
2941577
2941637
2941639
2941651
2941653
2942880
2943218
2946462
2947377
2947379
2949681
2949683
2950568
2950570
2952589
2952591
2956418
2956420
2957086
2957118
2957129
2957131
2957537
2957539
2958467
2958469
2958481
2958483
2959229
2959231
2959308
2959310
2962247
2964246
2964248
2964254
2964256
2969527
2970116
2971469
2971471
2971805
2971811
2971843
2971954
2971991
2972375
2972411
2973230
2973232
2973434
2973436
2973448
2973450
2973487
2973489
2973710
2973712
2976368
2976370
2976655
2976657
2977436
2977438
2978504
2978925
2979351
2979358
2979365
2979393
2979521
2979549
2980402
2980404
2980564
2980566
2980673
2980675
2981741
2981743
2982471
2986723
2986725
2990468
2990470
2991502
2991504
2991710
2991712
2994611
2995169
2997931
2997932
2998334
3004939
3006154
3006156
3008386
3008388
3008412
3008414
3010334
3010336
3011600
3011602
3011674
3011689
3011691
3011703
3011705
3011711
3011713
3013317
3013319
3013557
3013559
3016544
3017024
3018704
3018706
3018930
3018931
3018933
3018934
3020754
3020756
3021909
3022366
3022846
3022848
3024297
3024299
3024494
3024496
3026522
3026524
3026587
3026589
3029235
3029248
3029250
3029272
3029273
3030621
3030623
3030982
3031029
3031031
3031734
3031735
3031737
3031739
3031740
3031741
3031951
3031953
3032285
3032287
3034440
3034442
3036373
3036614
3036936
3036938
3037269
3037271
3037297
3037299
3037365
3037367
3037709
3037711
3038817
3038819
3039639
3039641
3041415
3041417
3041435
3041486
3041542
3041578
3041721
3041768
3041821
3041849
3042275
3042317
3042359
3042403
3042528
3042880
3043175
3043217
3043298
3043418
3044115
3044117
3044434
3044436
3045190
3045192
3045814
3045978
3045980
3046233
3046235
3046376
3046378
3047271
3047273
3047335
3047337
3047400
3047402
3048252
3048254
3050495
3050938
3051931
3051933
3054258
3054260
3054407
3054541
3054543
3054554
3054556
3055588
3055590
3055602
3055604
3055610
3055612
3057005
3057353
3057469
3057508
3058796
3058798
3059672
3059674
3060804
3060806
3062851
3062853
3064658
3064660
3064797
3064799
3064859
3064861
3065531
3065533
3070149
3070151
3071304
3071306
3071756
3071758
3077010
3077012
3080107
3080109
3081247
3081249
3082925
3083518
3084466
3084468
3088532
3088784
3091065
3091067
3092165
3092167
3092369
3092371
3092590
3092592
3093354
3093356
3093458
3093460
3093472
3093474
3093769
3093771
3095960
3096918
3099821
3099823
3101088
3101090
3101706
3101708
3101964
3101966
3101977
3101979
3101990
3101992
3102758
3102760
3104098
3104100
3104232
3104234
3105371
3106165
3106167
3106281
3106283
3106476
3106478
3107761
3107763
3107774
3107776
3107788
3107790
3109273
3109275
3109286
3109288
3109363
3109365
3109650
3109652
3109664
3109666
3109705
3109712
3109714
3109721
3109723
3109729
3109731
3109744
3109746
3109752
3109754
3109808
3109810
3111474
3116494
3116496
3116520
3116522
3117297
3117299
3117365
3117922
3117924
3117936
3117938
3117944
3117946
3118805
3119441
3119993
3120499
3120501
3121916
3121918
3122487
3122489
3122746
3122748
3122979
3123050
3123258
3123333
3123335
3123458
3123460
3123600
3123602
3124243
3124245
3124251
3124253
3124591
3124593
3125784
3126220
3127407
3127409
3127542
3127545
3129712
3129714
3132422
3132424
3133365
3133367
3133404
3133406
3133418
3133420
3133432
3133434
3133641
3133643
3133711
3138838
3139552
3140034
3140036
3140325
3140429
3140431
3140990
3140992
3141227
3141233
3141262
3141281
3141297
3141316
3141382
3141401
3141439
3141456
3141514
3141533
3141589
3141610
3141666
3141683
3141741
3141760
3141890
3141909
3142039
3142057
3142114
3142132
3142189
3142206
3142338
3142356
3142413
3142431
3142488
3142507
3142563
3142582
3142638
3142657
3142713
3142732
3142862
3142880
3142913
3142931
3143050
3143052
3143073
3143079
3143145
3143151
3143425
3143433
3143509
3143517
3143548
3143556
3143587
3143595
3143648
3143656
3143849
3143868
3143885
3143904
3144028
3144030
3144145
3144164
3144180
3144199
3144588
3144590
3145698
3145700
3145869
3145871
3147090
3150639
3150641
3151015
3151017
3151955
3151957
3151980
3151982
3152024
3152026
3154813
3154815
3155941
3155943
3155954
3155956
3156550
3157062
3157064
3157473
3157475
3157959
3157961
3158129
3158131
3159346
3159348
3159563
3159565
3159627
3159629
3160499
3160501
3161392
3161399
3161401
3161966
3161968
3164659
3165198
3165654
3165656
3166349
3166351
3167265
3167267
3167289
3171984
3172591
3173154
3173155
3173157
3173158
3173257
3173259
3173356
3173358
3175632
3175634
3175670
3175672
3176261
3176263
3178385
3178387
3181890
3182602
3183445
3183447
3183566
3183568
3184230
3184232
3184800
3184802
3186196
3186198
3187040
3187042
3187130
3187132
3187263
3187265
3187365
3187367
3187430
3187432
3187581
3187583
3188158
3188160
3188229
3188231
3188322
3188324
3190076
3190078
3190510
3190512
3190523
3190525
3190768
3190770
3190906
3190908
3191728
3191730
3191777
3191781
3191861
3191880
3192799
3192801
3194096
3194098
3195030
3195032
3195899
3195901
3195903
3195904
3195905
3195923
3196235
3196713
3197230
3197695
3197697
3198013
3198015
3198970
3198972
3199319
3199321
3199547
3199549
3201784
3201786
3201798
3201800
3201812
3201814
3201820
3201822
3201828
3201830
3201955
3201957
3201963
3201965
3206340
3207283
3209030
3209031
3209033
3209034
3209356
3209358
3209370
3209372
3209939
3209941
3210526
3210528
3211748
3211750
3214424
3214426
3214746
3214748
3215300
3215302
3215462
3215464
3215944
3215946
3217242
3217244
3217450
3217452
3217606
3217608
3217837
3217839
3218370
3218372
3218378
3218380
3219042
3219044
3222531
3223198
3223200
3223211
3223213
3223272
3223283
3223285
3224331
3224333
3224430
3224432
3227084
3227086
3235249
3235256
3235258
3235288
3238190
3238618
3238943
3238975
3238977
3238988
3238990
3240395
3240397
3240621
3240623
3242096
3242098
3242110
3242112
3242132
3242134
3245191
3245193
3246356
3246358
3248249
3249109
3250469
3250471
3251928
3251930
3251937
3251939
3254377
3254379
3254901
3254903
3261825
3261827
3264600
3264618
3264625
3264627
3268811
3269625
3270325
3270327
3270824
3270826
3272131
3272149
3272153
3272219
3272223
3272226
3272227
3272242
3272244
3272256
3272257
3272259
3272260
3273010
3273012
3273023
3273025
3273284
3273286
3273667
3273669
3273830
3273832
3274494
3274573
3274575
3274576
3274868
3276138
3276616
3276656
3277198
3277200
3278526
3279684
3279900
3279902
3280400
3280402
3280594
3280596
3280711
3280713
3280724
3280726
3280737
3280739
3282355
3282522
3282524
3284194
3284196
3285277
3285279
3287319
3288226
3289109
3289111
3289365
3289367
3289464
3289466
3290017
3290019
3290459
3290461
3290782
3290784
3291075
3291077
3291226
3291228
3293599
3293601
3294141
3294143
3294166
3294173
3294175
3295271
3295492
3295494
3296694
3296696
3297782
3298499
3298510
3298512
3299571
3299573
3302784
3302786
3302830
3302832
3303261
3303263
3303442
3303444
3303520
3303522
3304871
3304873
3305521
3305523
3308387
3308856
3309239
3309241
3309322
3309324
3310079
3310081
3310093
3310095
3310107
3310109
3310179
3310181
3310482
3310519
3311377
3311881
3311883
3312317
3312319
3312819
3312821
3312923
3313492
3313494
3313676
3313678
3314261
3314263
3314594
3314596
3314725
3314736
3314738
3314749
3314751
3315012
3315014
3317069
3317071
3317072
3318365
3319611
3320465
3320467
3320622
3320624
3321823
3321825
3322084
3322086
3322098
3322100
3322642
3322644
3322802
3322804
3323442
3323444
3323475
3323477
3323770
3323772
3323783
3323785
3323816
3323818
3323869
3323871
3325528
3325865
3326548
3326550
3326738
3326740
3327256
3327258
3327348
3327350
3327406
3327408
3327493
3327495
3328377
3328379
3328760
3328762
3329266
3329268
3329591
3329593
3331363
3331365
3331751
3331753
3331764
3331766
3331849
3331851
3331983
3331985
3332449
3332451
3332788
3333506
3333508
3333514
3333516
3333522
3333524
3334605
3337166
3337168
3339494
3339496
3339783
3339785
3340062
3340064
3340344
3340346
3341239
3341241
3342202
3342585
3343386
3343388
3344723
3344725
3344868
3345506
3345508
3345597
3345599
3345834
3345836
3345848
3345850
3345928
3347243
3347245
3347488
3348933
3348935
3349584
3349586
3349877
3349879
3351405
3352727
3352729
3352990
3352992
3353325
3353327
3353365
3353367
3353454
3353456
3355087
3355379
3355381
3355400
3356017
3356019
3357000
3357002
3358706
3359368
3359370
3360068
3360070
3360727
3360729
3365695
3366106
3366244
3366288
3367723
3367725
3368163
3368294
3368296
3368323
3368325
3368731
3368733
3370295
3370297
3370332
3370334
3370599
3370601
3372520
3372966
3373680
3373682
3373784
3373786
3373888
3373890
3373987
3373989
3374137
3374139
3374201
3374203
3374263
3374386
3374388
3374435
3374437
3374500
3374502
3374564
3374566
3375164
3375166
3375301
3375303
3375314
3375316
3375928
3375930
3375999
3376000
3376002
3376004
3376005
3376006
3379952
3380290
3380291
3380510
3380636
3380642
3380716
3384579
3384581
3384607
3384609
3384636
3387285
3387287
3393982
3393984
3395085
3395087
3395545
3395547
3395558
3395560
3395672
3395674
3395709
3395711
3395768
3395770
3396027
3396029
3396070
3396072
3396124
3396126
3396833
3396835
3397629
3397665
3397673
3398028
3398704
3398706
3398977
3398979
3399725
3399727
3401598
3401830
3401832
3401931
3402131
3403143
3403145
3403857
3403958
3403960
3406227
3406229
3406235
3406237
3407415
3407417
3409447
3409539
3409903
3409936
3411291
3411293
3411432
3411434
3412022
3412024
3412047
3412049
3412424
3412426
3414566
3414568
3416112
3416889
3417465
3417467
3418040
3418042
3419627
3419629
3419720
3419722
3420463
3420465
3421042
3421044
3422402
3422404
3426294
3426733
3427428
3427430
3428310
3428312
3428323
3428325
3428337
3428339
3429462
3429464
3430193
3430306
3430308
3431090
3431092
3431103
3431105
3431141
3431143
3431178
3431180
3431204
3431206
3433055
3433057
3433931
3433933
3434079
3434081
3434092
3434094
3435333
3435335
3435346
3435348
3436539
3436541
3437656
3437658
3437738
3437740
3438189
3438196
3438222
3438223
3438224
3438225
3438226
3438302
3438304
3438468
3439423
3439425
3439885
3439887
3440026
3440039
3440041
3440196
3440592
3442586
3442588
3445326
3445526
3445974
3445976
3450487
3450489
3450500
3450502
3450590
3450592
3450603
3450605
3450641
3450643
3451257
3451259
3451570
3451572
3451583
3451585
3451638
3451640
3451716
3451718
3451729
3451731
3451742
3451744
3451844
3451855
3451857
3451868
3451870
3451881
3451883
3451894
3451896
3451920
3451922
3452855
3452857
3452930
3452932
3452943
3452945
3453638
3453641
3453985
3453987
3454051
3454161
3454196
3454198
3454221
3454223
3454353
3454355
3455146
3455465
3455467
3455515
3455517
3455528
3455530
3455541
3455543
3455592
3455594
3455618
3455637
3455659
3455661
3457855
3457857
3462008
3462012
3463192
3464054
3464667
3464672
3464676
3464679
3464802
3464811
3464841
3464867
3464876
3465735
3465862
3465864
3466672
3466674
3467284
3467314
3467356
3467378
3467379
3467905
3467907
3469498
3469500
3469763
3469765
3469979
3469981
3470037
3470039
3470061
3470063
3470087
3470089
3470112
3470114
3475490
3475498
3479772
3479774
3479971
3479973
3480344
3480346
3480386
3480388
3480588
3480590
3482065
3482067
3485242
3485244
3487069
3487071
3487745
3487747
3487938
3488018
3488020
3488075
3488083
3489042
3489044
3489071
3489073
3489830
3489832
3490656
3490657
3491548
3491550
3491748
3491750
3491943
3491945
3491964
3491983
3492001
3492020
3492673
3492692
3493914
3493916
3493939
3493941
3494025
3494027
3495088
3495090
3495243
3495245
3495621
3496066
3496208
3496210
3496441
3496443
3497034
3497036
3497754
3497756
3497950
3497952
3497958
3497960
3499058
3499077
3499783
3501867
3501869
3502354
3502356
3504835
3505221
3505667
3505669
3506124
3506126
3506548
3506550
3506712
3506714
3506849
3506851
3507344
3507346
3508404
3508406
3508423
3508425
3508619
3508621
3508996
3508998
3511856
3512666
3513664
3513666
3514424
3514426
3515999
3516001
3516103
3516105
3516538
3516540
3516703
3516705
3516877
3516879
3517315
3517317
3517654
3517656
3520632
3520634
3520958
3520960
3521241
3521243
3526248
3526250
3527161
3527163
3527175
3527177
3529226
3529228
3530361
3530363
3532587
3532589
3533198
3533200
3534902
3534913
3534915
3535459
3535877
3535879
3536289
3536771
3536773
3538082
3538084
3539332
3539334
3539481
3539483
3539494
3539496
3539520
3539522
3539559
3539561
3539818
3539820
3540330
3540332
3540359
3540361
3540371
3540373
3540689
3541123
3541130
3542612
3542630
3542995
3543154
3543161
3543254
3543270
3544325
3544327
3544814
3544816
3544911
3544913
3545437
3545439
3545475
3545477
3545968
3545970
3546910
3546912
3546933
3549596
3549912
3550251
3550603
3550605
3551073
3551075
3551426
3551428
3551701
3551703
3551856
3551858
3552221
3552223
3553129
3553131
3553378
3553380
3553600
3553602
3554983
3555855
3556193
3556194
3556195
3556372
3556377
3556393
3556418
3556754
3556988
3556990
3557085
3557087
3558168
3558170
3558403
3558405
3558526
3558528
3558689
3558691
3558750
3558752
3562097
3562099
3564540
3564542
3566493
3566495
3567349
3567351
3567398
3567400
3568863
3568865
3568963
3568965
3570833
3570835
3572144
3572146
3572907
3572909
3575234
3575236
3576960
3576962
3579103
3579105
3580815
3581126
3584143
3584145
3585071
3585073
3587798
3588395
3588910
3588945
3588996
3589024
3589026
3589354
3589356
3590175
3590177
3591571
3591573
3592048
3592050
3592289
3592291
3592564
3592566
3592652
3592654
3592665
3592667
3592789
3592791
3593062
3593064
3593152
3593154
3593261
3593263
3593326
3593328
3593501
3593503
3594528
3594530
3595212
3595214
3595226
3595228
3595234
3595236
3596528
3596530
3597624
3597626
3597637
3597639
3598261
3598263
3600485
3600487
3600682
3600684
3603563
3603904
3605565
3605567
3606473
3606475
3607783
3607784
3607786
3607787
3607843
3607845
3609576
3609578
3613158
3613160
3613192
3617455
3617457
3617698
3617700
3618163
3618165
3618523
3621458
3623140
3623142
3623154
3623156
3623168
3623170
3623182
3623184
3624252
3624254
3627334
3628109
3628592
3628943
3629723
3629725
3631239
3631241
3632281
3632320
3632322
3632334
3632336
3632692
3632694
3632740
3632742
3634521
3634581
3634954
3634961
3637631
3637633
3638183
3638185
3638208
3638210
3638664
3638666
3641177
3641179
3642914
3642916
3642948
3642950
3642992
3642994
3643030
3643032
3643068
3643070
3643912
3644147
3644578
3652273
3652275
3652286
3652288
3656286
3656288
3656855
3656857
3657176
3657178
3657375
3657377
3657560
3657562
3658604
3658606
3658765
3658767
3658780
3658782
3659217
3659219
3659806
3659808
3661047
3661049
3662430
3662432
3662641
3662643
3662731
3662733
3663621
3663623
3663896
3663898
3664007
3664009
3664427
3664532
3664534
3664570
3664572
3664583
3664585
3664731
3664733
3664764
3664766
3664837
3664839
3665029
3665031
3665186
3665188
3665199
3665201
3665214
3665217
3665229
3665231
3665243
3665245
3666172
3666290
3666292
3666489
3666491
3666502
3666504
3666515
3666517
3666528
3666530
3666544
3666546
3666638
3666655
3666657
3666814
3666816
3667149
3667151
3667199
3667201
3667254
3667256
3667279
3667281
3667578
3667580
3667654
3670281
3671207
3671208
3671209
3671664
3671666
3671677
3671679
3671690
3671692
3671703
3671705
3671717
3671719
3672121
3672123
3672301
3672303
3672529
3672531
3672542
3672544
3672570
3672572
3673462
3673828
3673830
3673943
3673945
3674073
3674075
3699134
3710280
3710282
3710953
3710955
3711239
3711241
3711595
3711599
3712948
3712950
3713012
3713014
3716271
3716273
3716680
3716682
3720489
3720491
3721698
3721700
3722645
3722647
3723343
3723345
3723378
3723460
3723621
3724091
3724532
3724730
3724985
3725032
3726264
3726672
3726823
3726825
3729020
3729022
3729079
3729081
3731028
3731030
3731190
3731191
3731193
3731194
3731300
3731302
3731412
3731414
3731600
3731602
3731667
3731669
3732371
3732373
3732385
3732387
3734069
3734208
3734440
3734443
3736976
3736978
3740536
3740538
3740630
3740632
3741908
3741910
3741975
3741977
3742029
3742031
3742074
3742076
3742087
3742089
3742151
3742153
3742164
3742166
3742190
3742192
3742203
3742205
3742216
3742218
3742230
3742232
3742243
3742245
3742256
3742258
3742269
3742271
3742344
3742346
3742358
3742360
3742372
3742374
3742387
3742390
3742401
3742403
3742416
3742419
3742442
3742444
3742455
3742457
3742469
3742471
3747110
3747112
3747124
3747126
3749071
3749444
3750074
3750076
3751074
3751076
3752895
3752897
3752903
3752905
3755612
3755766
3756040
3756095
3757888
3757890
3758016
3758018
3758891
3758893
3761431
3761576
3761578
3761584
3761586
3761872
3762829
3763198
3763568
3763570
3765922
3765924
3766167
3766169
3767156
3767158
3767197
3767199
3767393
3767395
3768375
3768377
3768560
3768562
3768573
3768575
3769581
3769583
3773153
3773155
3773411
3773413
3773424
3773426
3774576
3774578
3774727
3774729
3774778
3774780
3774791
3774793
3774805
3774807
3774858
3774860
3775211
3775213
3776371
3776373
3776414
3776416
3777885
3788519
3788521
3789024
3789026
3790239
3790241
3790438
3790440
3790692
3790694
3790706
3790708
3790936
3792649
3792651
3792757
3792759
3792917
3792919
3793393
3793542
3794586
3794588
3794599
3794601
3794648
3794650
3795108
3795110
3795274
3795276
3795311
3795313
3795378
3795380
3795722
3795725
3795748
3795750
3796301
3796303
3796582
3796584
3796679
3796681
3796706
3796707
3796709
3796710
3796722
3796724
3796848
3796850
3796861
3796863
3796874
3796876
3796887
3796889
3796900
3796902
3797123
3797125
3797283
3797285
3797497
3797499
3797725
3797727
3798075
3798077
3798088
3798090
3798113
3798115
3798183
3798185
3798320
3798322
3798573
3798575
3800577
3804338
3804340
3804378
3804380
3804391
3804393
3804927
3804929
3805723
3805725
3805761
3805763
3818910
3818912
3821480
3821482
3823333
3823335
3823388
3824939
3824941
3824964
3824966
3824977
3824979
3824990
3824992
3825004
3825006
3825058
3825060
3825083
3825085
3825129
3825131
3825182
3825184
3825196
3825198
3825209
3825211
3825222
3825224
3825247
3825249
3825261
3825263
3825286
3825288
3825323
3825325
3825360
3825362
3825429
3825431
3825454
3825456
3829685
3829687
3831022
3831024
3831244
3831246
3832178
3832180
3832362
3832364
3832399
3832401
3835103
3835105
3836030
3836152
3836154
3836228
3836230
3836242
3836244
3836256
3836258
3836269
3836271
3836295
3836297
3836333
3836335
3836348
3836350
3836514
3836516
3836629
3836631
3836673
3836675
3837090
3837093
3837846
3837848
3837977
3837979
3845536
3845538
3850462
3850464
3850476
3850478
3851607
3851976
3851978
3851989
3851991
3852169
3852171
3852207
3852209
3852220
3852222
3852269
3852271
3852604
3852606
3853358
3855738
3855740
3856236
3856238
3856326
3856328
3856881
3856883
3857474
3857476
3859109
3860120
3860122
3860579
3860690
3860701
3860956
3860958
3861394
3861486
3863051
3863053
3863496
3863498
3865326
3865413
3865659
3865705
3866589
3866591
3866815
3866817
3867020
3867022
3868843
3871754
3872140
3874870
3874872
3876598
3876600
3876611
3876613
3876633
3876634
3876636
3876638
3876640
3876641
3876642
3876643
3876709
3876711
3876813
3876815
3876827
3876829
3876876
3876878
3876889
3876891
3876999
3877001
3877382
3877384
3877793
3877795
3877806
3877808
3877819
3877821
3879550
3879552
3879616
3879618
3879629
3879631
3885394
3885494
3885501
3885595
3885692
3885713
3886189
3886191
3886202
3886204
3886587
3886589
3887978
3887980
3890937
3890939
3891038
3891040
3892033
3892035
3892059
3892061
3892073
3892075
3892099
3892101
3894183
3894185
3894197
3894199
3894798
3894800
3894812
3894814
3894892
3894894
3895453
3895455
3897337
3897339
3898227
3898229
3900069
3903192
3903765
3904801
3904803
3904876
3904878
3905449
3905525
3905527
3905712
3905714
3905892
3905894
3906193
3906195
3906344
3906619
3906621
3907866
3911053
3911057
3911058
3911999
3912001
3913696
3913778
3914260
3916874
3916876
3917339
3917341
3917347
3917349
3917355
3917357
3917363
3917365
3920202
3920858
3921387
3921828
3921839
3921841
3921853
3921855
3922116
3922118
3922760
3922762
3924570
3924572
3924748
3924750
3925691
3925693
3926289
3926291
3926629
3926723
3928533
3928535
3930274
3930276
3932787
3932789
3933972
3933974
3933985
3933987
3935441
3935443
3937188
3937190
3938725
3939431
3940075
3940305
3940307
3940405
3940407
3940644
3940647
3940799
3940801
3941157
3941159
3941477
3941479
3941485
3941487
3941559
3941561
3941751
3941753
3942681
3942683
3942694
3942696
3943138
3943140
3949201
3949335
3949779
3949781
3949883
3949885
3950156
3950158
3950255
3950257
3951435
3953301
3953343
3953379
3953392
3953394
3953401
3953403
3953417
3953419
3953429
3953431
3953445
3953447
3953457
3953459
3953479
3953481
3953491
3953493
3954313
3954315
3955277
3955279
3956597
3957087
3957091
3957096
3957202
3957209
3957215
3957220
3957799
3957801
3957901
3957903
3958253
3958255
3958550
3958552
3959432
3959434
3960279
3960281
3963535
3964561
3967668
3967670
3968042
3968044
3969177
3969726
3969741
3969743
3969794
3969797
3970133
3970135
3971249
3972057
3972866
3973138
3973404
3973718
3975209
3975211
3975314
3975316
3975496
3975498
3975560
3975562
3975666
3975668
3975737
3975739
3975809
3975811
3975994
3975996
3976909
3977099
3977101
3977170
3977172
3977744
3977746
3978397
3978399
3978405
3978407
3978424
3979561
3981947
3981949
3981960
3981962
3982845
3982847
3983293
3983295
3983383
3983385
3983707
3983709
3985912
3985914
3987566
3988035
3988462
3988779
3988781
3990168
3990170
3990289
3990291
3991495
3991497
3992545
3993006
3993008
3993259
3993261
3994141
3994174
3994176
3994188
3994190
3994202
3994204
3994210
3994212
3994224
3994226
3994246
3994248
3994276
3994278
3994397
3994486
3994502
3994504
3994518
3995186
3997641
3998312
3999246
3999248
3999778
3999780
3999791
3999793
4002528
4002532
4002533
4004308
4004404
4004752
4004793
4005628
4005630
4006875
4006877
4007481
4007483
4009038
4009040
4009502
4009504
4011398
4011406
4011408
4011414
4011416
4013034
4013036
4013759
4013761
4014139
4014272
4014274
4014297
4014299
4014431
4014478
4014599
4014601
4014710
4014723
4014725
4015075
4016020
4016022
4016066
4016572
4016574
4018407
4018409
4019694
4019696
4020081
4020111
4020118
4020120
4020140
4020142
4021782
4021784
4023299
4023301
4023864
4023866
4024059
4024060
4024062
4024063
4024185
4024187
4024198
4024200
4024211
4024213
4024249
4024251
4024299
4024301
4024312
4024314
4024325
4024327
4024428
4024430
4024931
4025919
4030117
4030119
4030141
4030446
4032187
4032189
4032826
4032828
4035710
4035718
4037407
4037409
4037421
4037423
4037434
4037436
4037732
4037734
4037823
4037825
4039637
4039639
4042223
4042477
4042484
4042618
4042638
4043480
4043482
4043967
4043969
4044641
4044643
4046717
4046719
4046730
4046732
4046743
4046745
4046821
4046823
4047309
4047311
4047500
4047502
4050051
4051443
4051811
4051813
4053296
4053326
4053328
4053346
4053348
4053373
4054417
4054419
4056234
4056236
4056408
4056410
4058963
4058965
4059727
4059729
4060076
4060078
4060446
4060448
4060472
4060474
4060486
4060488
4060500
4060502
4060994
4060996
4062864
4062866
4063025
4063028
4063118
4063120
4063131
4063133
4063199
4063201
4063212
4063214
4063226
4063228
4064202
4067376
4067378
4067616
4068315
4068317
4070298
4070867
4072252
4072300
4072302
4072330
4072935
4072937
4073111
4073113
4073119
4073121
4073140
4073881
4073883
4074739
4075078
4075394
4075396
4077493
4077495
4077858
4077860
4078609
4078611
4079200
4079202
4083564
4083566
4083883
4083885
4085454
4085456
4087046
4087048
4087446
4087448
4088513
4088515
4088532
4088534
4088535
4088965
4088967
4089187
4089189
4090675
4090677
4090780
4090782
4091576
4091960
4092203
4092205
4092260
4092262
4092974
4092976
4095781
4095783
4096682
4096684
4097082
4097084
4097096
4097098
4097110
4097112
4097243
4097245
4097269
4097271
4097283
4097285
4097553
4097555
4097896
4097898
4097919
4097950
4100846
4100848
4100954
4100956
4100967
4100969
4101137
4101139
4102144
4102146
4102193
4102195
4102230
4102232
4102244
4102247
4102307
4102309
4102320
4102322
4102333
4102335
4102346
4102348
4102359
4102361
4102886
4102888
4102900
4102902
4104754
4104756
4104951
4104953
4106185
4106456
4106700
4106702
4106808
4106810
4110613
4110615
4110621
4110623
4110628
4110630
4110636
4110638
4110643
4110645
4110651
4110653
4110659
4110661
4110686
4110932
4110934
4112224
4112670
4113151
4113153
4113365
4113367
4113936
4113938
4114263
4114265
4114276
4114278
4114294
4114295
4114297
4114299
4114300
4114301
4114799
4114801
4116553
4116555
4116982
4116984
4117205
4118140
4118142
4118615
4118617
4118628
4118630
4118773
4119087
4120058
4120060
4120468
4120470
4121392
4121394
4123092
4123343
4123457
4123459
4123575
4123577
4124053
4124055
4125466
4125916
4126187
4126190
4127451
4129196
4129197
4132882
4133107
4133109
4133713
4133715
4134073
4134076
4135389
4135418
4135439
4135903
4135904
4136008
4136763
4136765
4138302
4138455
4138456
4138783
4138787
4138833
4138837
4138862
4138867
4138958
4139116
4139167
4139193
4139194
4139296
4139298
4139304
4139306
4139883
4139884
4139912
4139965
4141393
4141399
4142614
4142645
4142822
4143480
4143637
4143696
4143790
4143849
4144015
4144016
4144018
4144019
4144105
4144164
4144342
4144345
4144488
4144489
4144490
4144491
4144516
4144518
4144532
4144534
4144548
4144550
4144747
4144799
4144814
4144816
4144830
4144856
4144858
4144902
4144940
4144954
4144960
4144962
4144968
4144970
4145004
4145032
4145034
4145064
4145066
4145098
4145133
4145174
4145213
4145254
4145279
4145281
4145290
4145292
4145298
4145300
4145311
4145313
4145319
4145321
4145332
4145334
4145340
4145342
4145353
4145355
4145361
4145363
4145384
4145415
4145447
4145489
4145512
4145514
4145532
4145534
4145552
4145554
4145572
4145574
4145607
4145643
4145679
4145920
4145930
4145931
4145948
4145950
4145968
4145970
4145988
4145990
4146010
4146024
4146037
4146039
4146040
4146046
4146048
4146054
4146056
4146077
4146103
4146112
4146114
4146120
4146122
4146128
4146130
4146136
4146138
4146144
4146146
4146152
4146154
4146333
4146337
4146492
4146496
4146508
4146576
4146927
4146931
4146932
4146987
4147037
4147304
4147308
4147463
4147467
4147622
4147626
4148152
4148447
4148451
4148935
4148939
4152405
4152774
4156036
4156038
4156053
4156055
4156291
4156293
4156352
4161121
4162644
4162646
4162710
4162712
4162805
4164677
4164678
4165845
4166222
4167131
4167201
4167231
4167537
4167949
4169607
4169625
4169632
4169634
4169639
4169641
4170048
4170057
4171471
4171656
4172685
4172688
4173882
4173884
4173952
4173954
4174012
4174014
4174234
4174242
4174444
4174446
4175502
4175643
4175649
4175672
4175678
4175868
4175872
4176054
4176058
4176209
4176213
4176391
4176395
4176560
4176564
4176719
4176723
4176882
4176886
4177381
4177385
4177540
4177544
4177707
4177711
4177874
4177878
4178033
4178037
4178195
4178199
4178200
4178358
4178362
4178529
4178533
4178693
4178697
4178862
4178866
4179031
4179035
4179036
4179479
4179483
4179666
4179670
4179671
4179826
4179830
4179831
4180375
4180377
4180524
4180526
4180741
4182632
4182635
4185957
4187650
4191269
4191271
4194156
4194158
4194277
4194286
4194288
4194923
4195933
4196021
4196026
4196276
4196278
4199253
4199282
4200191
4200192
4200193
4200194
4200195
4200196
4200357
4200559
4200577
4200578
4200579
4201459
4201467
4203356
4203358
4203363
4203365
4203370
4203372
4203484
4203486
4203853
4203875
4204104
4204106
4204112
4204114
4204329
4205648
4205712
4205715
4205826
4205831
4208630
4208632
4210334
4210387
4210843
4211949
4211950
4211951
4212468
4212469
4212470
4212471
4212472
4212473
4212474
4212475
4212476
4213431
4213437
4214455
4214484
4214486
4214791
4214890
4215022
4215024
4215067
4215105
4215137
4215253
4215260
4215262
4215294
4215296
4215302
4215304
4215324
4215335
4215337
4215343
4215345
4215352
4215354
4215360
4215362
4215464
4215466
4215467
4215521
4215523
4216569
4216573
4216730
4216734
4216908
4216912
4217067
4217071
4217245
4217249
4217404
4217408
4217797
4217801
4218038
4218042
4218274
4218278
4218452
4218456
4218629
4218633
4218796
4218800
4219006
4219010
4219194
4219198
4219393
4219396
4219532
4219562
4220505
4220509
4220662
4220666
4222313
4222480
4222683
4222910
4223065
4223217
4226166
4234333
4234340
4235889
4236042
4236043
4236561
4236808
4236883
4236894
4236896
4237138
4237184
4237362
4238028
4238525
4240078
4240080
4241097
4241099
4241111
4241113
4242982
4242984
4245578
4245580
4246054
4246056
4246179
4246195
4246197
4246344
4246346
4246389
4246434
4246436
4246600
4246602
4246840
4247724
4247726
4251778
4251924
4251926
4253266
4253268
4253280
4253282
4253307
4253314
4253316
4253322
4253324
4253330
4253332
4253338
4253340
4253346
4253348
4253354
4253356
4253391
4253426
4257413
4257415
4257887
4257889
4260072
4260074
4260097
4260099
4260408
4260410
4262301
4262985
4262987
4263515
4263517
4263528
4263530
4264473
4264475
4265192
4265202
4265210
4265686
4266962
4267046
4267209
4268687
4270154
4270158
4270656
4270658
4270894
4271768
4272455
4274006
4274008
4274435
4274437
4274630
4274999
4275001
4275011
4275013
4276539
4276540
4276542
4276544
4276545
4276546
4276850
4276873
4277887
4277889
4278182
4282386
4282388
4282399
4282401
4283161
4283217
4284285
4284729
4285350
4285490
4285493
4285858
4286350
4286352
4286381
4286383
4286394
4286396
4286603
4286604
4286605
4286606
4286607
4286608
4288181
4288336
4288339
4289184
4289186
4290285
4290305
4290318
4290320
4290571
4290891
4290894
4290923
4290926
4291952
4291954
4291969
4291971
4292122
4292124
4292417
4292758
4292759
4293636
4293869
4294211
4294220
4294393
4294414
4294485
4294488
4295278
4295370
4295379
4295382
4295383
4295429
4295887
4295888
4296386
4296388
4296389
4296585
4296586
4296594
4296620
4296622
4296679
4297605
4297879
4297897
4298272
4298372
4298375
4298500
4298617
4298816
4299297
4299489
4299491
4300005
4300006
4302363
4303151
4303333
4303334
4303335
4303421
4303682
4303703
4304188
4304192
4304414
4304418
4304475
4304477
4304791
4304795
4304834
4304861
4304878
4304905
4305612
4305816
4305846
4306031
4306061
4306160
4306191
4306753
4306784
4307048
4307080
4307090
4308691
4308693
4309648
4309652
4310033
4310064
4313133
4313531
4313533
4314369
4314483
4314632
4316409
4318455
4318710
4319480
4319482
4320162
4320341
4320379
4320393
4320731
4321955
4322961
4326295
4328244
4328246
4328414
4328416
4328563
4328663
4328664
4329037
4329039
4329145
4329783
4329787
4329960
4330278
4330280
4330392
4330394
4330395
4330512
4330514
4330515
4332181
4332370
4332408
4332409
4332547
4332548
4333003
4333034
4333730
4333731
4333732
4333746
4333748
4334203
4334270
4334336
4334337
4334407
4334408
4334410
4334411
4334724
4335264
4337978
4338253
4338255
4338687
4338688
4338689
4338690
4338691
4338692
4338693
4338694
4338695
4338696
4338697
4338698
4339017
4339019
4340669
4342244
4342247
4342377
4342378
4342380
4342381
4343896
4344267
4344271
4344423
4344427
4344625
4344639
4344641
4344732
4344736
4344879
4344880
4344881
4344887
4344889
4345862
4346065
4346339
4346355
4346357
4346398
4346406
4346408
4346422
4346424
4346425
4346426
4346438
4346449
4346627
4346659
4347184
4347188
4347775
4347777
4348033
4348037
4348192
4348196
4348351
4348355
4348568
4348569
4348647
4348648
4348889
4348893
4348956
4349142
4350643
4350674
4350675
4353974
4353975
4354016
4354017
4354058
4354059
4354100
4354101
4354142
4354143
4354178
4356950
4356971
4357268
4357882
4357884
4358495
4358497
4358502
4358504
4359254
4360154
4362736
4362758
4362768
4362780
4364377
4364394
4365218
4365224
4365701
4365702
4365975
4367487
4367506
4367509
4367519
4367538
4367541
4368226
4368227
4368228
4368229
4368742
4368902
4370303
4370304
4370305
4370306
4370307
4370308
4370309
4370310
4370311
4371281
4371283
4373305
4373322
4373334
4373336
4373586
4373656
4373674
4374441
4374443
4374450
4374452
4374469
4374471
4375313
4375449
4375452
4375950
4376073
4376074
4376239
4378028
4378031
4378990
4378992
4379034
4379040
4379194
4379253
4379256
4379677
4380162
4380163
4380164
4380742
4380744
4381104
4381107
4382182
4382306
4382311
4382496
4383168
4384195
4384219
4384559
4384562
4385072
4386023
4386025
4386149
4386154
4386156
4386161
4386163
4388306
4388308
4388505
4388507
4388578
4388583
4388620
4388625
4388662
4388667
4388704
4388709
4389060
4389132
4389135
4389189
4389192
4389209
4389213
4389503
4389505
4390404
4390411
4390413
4390418
4390420
4390432
4390434
4390946
4391115
4391117
4391288
4391391
4391453
4391620
4391623
4391653
4391657
4391683
4391687
4391695
4391698
4391880
4391882
4391906
4391908
4391941
4391943
4393140
4393166
4393274
4393333
4393335
4393336
4393358
4393403
4393417
4393491
4393661
4393702
4393704
4393731
4393737
4393739
4393745
4393747
4393929
4393933
4394088
4394092
4394093
4396292
4396296
4396320
4396322
4396323
4396494
4396498
4396653
4396657
4396667
4396669
4398243
4398247
4398632
4398634
4398635
4400992
4401017
4401019
4404476
4406633
4406642
4406644
4406768
4406770
4406771
4406772
4406967
4406968
4406969
4407034
4407036
4408241
4410508
4410611
4410612
4410707
4410708
4414252
4414253
4414254
4414633
4414634
4415323
4415324
4415855
4416084
4416100
4416103
4416112
4416115
4416124
4416127
4416819
4416825
4416966
4417988
4418091
4418159
4418160
4418161
4418162
4418163
4418164
4418771
4419057
4419217
4419218
4419846
4420176
4420177
4420614
4420800
4421639
4421795
4421927
4422675
4422676
4422677
4422678
4422848
4422852
4422888
4423216
4423220
4423252
4423261
4424065
4424067
4424152
4424235
4424237
4426719
4426720
4426955
4426956
4430048
4432603
4432605
4433088
4436538
4436540
4436590
4436598
4437989
4437993
4439243
4439246
4441748
4442597
4442599
4442842
4442843
4442845
4442846
4443796
4443798
4444905
4445022
4445027
4445205
4445206
4445443
4445446
4445456
4445459
4447620
4447621
4447622
4447623
4447624
4447625
4447626
4447627
4447628
4449020
4449793
4449795
4449796
4449845
4449847
4449848
4449849
4449861
4449863
4449868
4449870
4449876
4449878
4449931
4449933
4449934
4449958
4449960
4450002
4450004
4450005
4450019
4450021
4450033
4450035
4450082
4450084
4450085
4450263
4450265
4450450
4450468
4450469
4450488
4450490
4450588
4450590
4450591
4450615
4450617
4450618
4450780
4450784
4450990
4450994
4450995
4451007
4451009
4451220
4451222
4451223
4451251
4451253
4451273
4451275
4451321
4451323
4451553
4451557
4452351
4452806
4452837
4452867
4452901
4453030
4453031
4453157
4453158
4453159
4454543
4454545
4456064
4456068
4456948
4457779
4457781
4458649
4458958
4459012
4459226
4459228
4459998
4460000
4460447
4460449
4462712
4463454
4463618
4463663
4463899
4464965
4464967
4465261
4465268
4465270
4465286
4465288
4465306
4465313
4465315
4465340
4465374
4465396
4465403
4465405
4466465
4466469
4467453
4467918
4468515
4468517
4468528
4468530
4468701
4468703
4469761
4469780
4470143
4470145
4470560
4470579
4471988
4472087
4472096
4472098
4472104
4472106
4472155
4472172
4472174
4472180
4472182
4472203
4472856
4472860
4473127
4473129
4473581
4473628
4473630
4475816
4475818
4476621
4476623
4477092
4477094
4477343
4478170
4478174
4478566
4478585
4479363
4479365
4479688
4479690
4482027
4482029
4482055
4482057
4482587
4482589
4483274
4483528
4484349
4484351
4484439
4484441
4484567
4484569
4484580
4484582
4484775
4484777
4485493
4485495
4485965
4485967
4486309
4486318
4486320
4487386
4487388
4488843
4488845
4488935
4488937
4489116
4489118
4489795
4489799
4489800
4490564
4491115
4491117
4491186
4491583
4491585
4491815
4491817
4492856
4492941
4493232
4493695
4493697
4494092
4494111
4494129
4494148
4494216
4494218
4494623
4494625
4494684
4494797
4494799
4495335
4495345
4495366
4495376
4495379
4495382
4495383
4495384
4495385
4495386
4495402
4495404
4497168
4497172
4497526
4497545
4498138
4498418
4498658
4498715
4499278
4499280
4499624
4499626
4499974
4499976
4499988
4499990
4500126
4500128
4500140
4500142
4500154
4500156
4500620
4500623
4500630
4500632
4502085
4502087
4502598
4502600
4502611
4502613
4504104
4504106
4504746
4504748
4504881
4504883
4505817
4506130
4506189
4506444
4507252
4507253
4507783
4507785
4509432
4509505
4509596
4509598
4509692
4510356
4511106
4511117
4511119
4511185
4511338
4511340
4513224
4513379
4513392
4513394
4523388
4525882
4525884
4525890
4525892
4525898
4525900
4525906
4525908
4528037
4528394
4528926
4529400
4529402
4530617
4530651
4530653
4530664
4530666
4530773
4531174
4532443
4532445
4532460
4532470
4532472
4532488
4532523
4533041
4533444
4533448
4533449
4533737
4533739
4534854
4535359
4536096
4536098
4536353
4536355
4536370
4536373
4537803
4537805
4538097
4539071
4539078
4540211
4540213
4541984
4541986
4541997
4541999
4542046
4542048
4542160
4542162
4542223
4542225
4542788
4542790
4542927
4542929
4543323
4543325
4543468
4543470
4543512
4543514
4543712
4543714
4543752
4543858
4543928
4544657
4544659
4544709
4544720
4544722
4544733
4544735
4544761
4544763
4544825
4544827
4547822
4549657
4549661
4552599
4552611
4552626
4552652
4552656
4552689
4552691
4552712
4552724
4552734
4552746
4552755
4552771
4552844
4552856
4552858
4554307
4554309
4554377
4554381
4555793
4555800
4555821
4555828
4556269
4556316
4557222
4557240
4557242
4559379
4559595
4560466
4564049
4564051
4564225
4564323
4564325
4564675
4564944
4564945
4565047
4565048
4566351
4566369
4566373
4566374
4566400
4566401
4566402
4566716
4570924
4570926
4570931
4570933
4571831
4572268
4574214
4574265
4574316
4574367
4574624
4574678
4574982
4575206
4575244
4575259
4575282
4575320
4575335
4575548
4575563
4575586
4575966
4576561
4576562
4576563
4576564
4577555
4577557
4578104
4578120
4578122
4580050
4580052
4580211
4580213
4580923
4580977
4580981
4580987
4581114
4581117
4581230
4581535
4581688
4581690
4581991
4581993
4582005
4582007
4582057
4582069
4582071
4582083
4582085
4582096
4582098
4582110
4582112
4582124
4582126
4582137
4582139
4582171
4582204
4582367
4582378
4582380
4582521
4582523
4582631
4582645
4582647
4583284
4583285
4583352
4583384
4585537
4585865
4585867
4586562
4586684
4586686
4586927
4586929
4587590
4587594
4587605
4587609
4587717
4587865
4587870
4587872
4587993
4587999
4589482
4589486
4589737
4589748
4589750
4589817
4589821
4589928
4589975
4589979
4590020
4590024
4590070
4590075
4590092
4590096
4590109
4590113
4590118
4590120
4590130
4590288
4591574
4591579
4593006
4593008
4594953
4594956
4596235
4596239
4596897
4596900
4596910
4596956
4597138
4598130
4598356
4598506
4598510
4598525
4598664
4598695
4599364
4600263
4600264
4600265
4600266
4600267
4600268
4600269
4600270
4603761
4603776
4603780
4603962
4605214
4606246
4607224
4607436
4607909
4608059
4608304
4608311
4608341
4608343
4608348
4608868
4609470
4609472
4609752
4609844
4609866
4609868
4609880
4609882
4609888
4609890
4609902
4609904
4609916
4609918
4609943
4610000
4610019
4610021
4610039
4610041
4610059
4610061
4610112
4610131
4610133
4610151
4610153
4610171
4610173
4610230
4610251
4610253
4610271
4610273
4610291
4610293
4610305
4610307
4610312
4610314
4610320
4610322
4610501
4610548
4610550
4610568
4610570
4610588
4610590
4610638
4610640
4610660
4610694
4610704
4610706
4610712
4610714
4610719
4610721
4610727
4610729
4610741
4610743
4610744
4610751
4610753
4610759
4610761
4610780
4610793
4610805
4610807
4610812
4610814
4610820
4610822
4610828
4610830
4610835
4610837
4610843
4610845
4610851
4610853
4610858
4610860
4610866
4610868
4610892
4610894
4610895
4610909
4610911
4610942
4610944
4610945
4610954
4610960
4610962
4610974
4610976
4611019
4611021
4611022
4611036
4611038
4611056
4611058
4611059
4611060
4611069
4611071
4611083
4611085
4611103
4611105
4611154
4611176
4611189
4611202
4611221
4611248
4611255
4611257
4611263
4611265
4611434
4611438
4611732
4611736
4611958
4612115
4612119
4612274
4612278
4612279
4612280
4612281
4612282
4612283
4612457
4612461
4612616
4612620
4612793
4612797
4612798
4612949
4612953
4613124
4613128
4613196
4613354
4613358
4613513
4613517
4613699
4613703
4613854
4613858
4614088
4614092
4614265
4614269
4614270
4614438
4614442
4614443
4614619
4614623
4614624
4615366
4615397
4615460
4615492
4615558
4615590
4615650
4615680
4615743
4615775
4616270
4616300
4616595
4616626
4616820
4616851
4617332
4617956
4617991
4618231
4618267
4618737
4619435
4619801
4619808
4619813
4620419
4620423
4623041
4623045
4623434
4623435
4625661
4625805
4626280
4626282
4626417
4628455
4628457
4629197
4629511
4629518
4630092
4630404
4630406
4630408
4630409
4630782
4630783
4630787
4630788
4635256
4635257
4635304
4635305
4635306
4635307
4635308
4635309
4635310
4635311
4635312
4635313
4635314
4635315
4635316
4635317
4635318
4635319
4639839
4639841
4640435
4640522
4640634
4640636
4640902
4640908
4641224
4641266
4641358
4641616
4642285
4642379
4642719
4642742
4642743
4642745
4642746
4643463
4643507
4643529
4643609
4643611
4643612
4643641
4643643
4643663
4643665
4643685
4643687
4643703
4643705
4644275
4644279
4644340
4644374
4644409
4644447
4644544
4644651
4644653
4644659
4644661
4645639
4645667
4646014
4646803
4646888
4647091
4647153
4647156
4647190
4647193
4647590
4647649
4648137
4648283
4648284
4648730
4648754
4648756
4648923
4648927
4649125
4649129
4649299
4649303
4649367
4649369
4649521
4649525
4650034
4650037
4650038
4650458
4650491
4650652
4650684
4650889
4650920
4651099
4651101
4651176
4651178
4651667
4651669
4651670
4651890
4652674
4652676
4652677
4653570
4655829
4655995
4657849
4657883
4658449
4658549
4658551
4658571
4658626
4659453
4659455
4659844
4659845
4659877
4659879
4660499
4660516
4660635
4661419
4661429
4661608
4661646
4662475
4663322
4663476
4663616
4663628
4664289
4664310
4664312
4664318
4664320
4664338
4664340
4664346
4664348
4664356
4664358
4664365
4664367
4664373
4664375
4664383
4664385
4664390
4664392
4664397
4664399
4664405
4664407
4664426
4664428
4664429
4664435
4664862
4665359
4665362
4672253
4672255
4673227
4673229
4674756
4674826
4675505
4677176
4677178
4677226
4682211
4683155
4683860
4684102
4684104
4687489
4687491
4688543
4688545
4688762
4688764
4689376
4689378
4689570
4689572
4690436
4690438
4692226
4692228
4693626
4693628
4693860
4700001
4700003
4700168
4700239
4700241
4701461
4701463
4701786
4701788
4709927
4709929
4710153
4710155
4711020
4711022
4714228
4714230
4714651
4714662
4717412
4717414
4718985
4719024
4719026
4719505
4719518
4719520
4720127
4720129
4720152
4720154
4720165
4720167
4720178
4720180
4720192
4720194
4720849
4721855
4721857
4721868
4721870
4722074
4722076
4725801
4725803
4726149
4726151
4726761
4726766
4736388
4736390
4736614
4736616
4736858
4736860
4739117
4739119
4740856
4740858
4741490
4741492
4742252
4742254
4743699
4743703
4743852
4744002
4744973
4745026
4747775
4747777
4747789
4747791
4747797
4747799
4747805
4747807
4747813
4747815
4750512
4750514
4755470
4755472
4757946
4757953
4758626
4759412
4759576
4759578
4761100
4761221
4761223
4763028
4763030
4764183
4764185
4765707
4765709
4766569
4766571
4770082
4770618
4770620
4770690
4770692
4771301
4771554
4771556
4771567
4771569
4772347
4772349
4772360
4772362
4772581
4772583
4773540
4773542
4773756
4773758
4773946
4773948
4778496
4778498
4779711
4779718
4779890
4781413
4781415
4781459
4781461
4781472
4781474
4781539
4781566
4781568
4782425
4782427
4783727
4783729
4783752
4783754
4783785
4783787
4783859
4783861
4785824
4785826
4786109
4786111
4786127
4786128
4786130
4786132
4786133
4786134
4786147
4786149
4786160
4786162
4786667
4786669
4788625
4788652
4788657
4788706
4788721
4788853
4788854
4788856
4788857
4788858
4788859
4789336
4789338
4789522
4789524
4790677
4790699
4790701
4790785
4790787
4792062
4797152
4798415
4798534
4799057
4799059
4800172
4800174
4800443
4800966
4800968
4801221
4802919
4802921
4807569
4807907
4808112
4808393
4808413
4808591
4808603
4808973
4809363
4809368
4810358
4810371
4810438
4810443
4810446
4810616
4810643
4810667
4810905
4813002
4813003
4813038
4815117
4815123
4815162
4815173
4815210
4815216
4815248
4816397
4816595
4816932
4816937
4817798
4817856
4818184
4818369
4818370
4819612
4819781
4820279
4820280
4820281
4820282
4820283
4820480
4820484
4820677
4820681
4820731
4820781
4821534
4821538
4821701
4821705
4821903
4821907
4822135
4822139
4822331
4822335
4822514
4822518
4829490
4829492
4829496
4829887
4829891
4830050
4830384
4830386
4830418
4830442
4830502
4831076
4831443
4831444
4831445
4831446
4831447
4831548
4831550
4831584
4831608
4831661
4831664
4832327
4832608
4832612
4832756
4832758
4832931
4832935
4833149
4833151
4833348
4833416
4833417
4833418
4833419
4833663
4833665
4833998
4834239
4834241
4834449
4834453
4834615
4834617
4834713
4834714
4834715
4834716
4834717
4834718
4834847
4834849
4834976
4835165
4835167
4835489
4835493
4838260
4838262
4839064
4839068
4839975
4840023
4840024
4840026
4840027
4840231
4840232
4840233
4840234
4840235
4840236
4840237
4840238
4840971
4840975
4841025
4841027
4841104
4841159
4841483
4841521
4842062
4842264
4842269
4842291
4842296
4842379
4842486
4842487
4842507
4843136
4843173
4843335
4843355
4843570
4843624
4844970
4845522
4845702
4845707
4846480
4846482
4846495
4846497
4846525
4846671
4846751
4846781
4846843
4846905
4846985
4847048
4847112
4847144
4847213
4847319
4847463
4847473
4847486
4847499
4847520
4847539
4847549
4847551
4847557
4847559
4847564
4847566
4847572
4847574
4847697
4847712
4847714
4847726
4847728
4847734
4847736
4847748
4847750
4847762
4847764
4847783
4847785
4847800
4847802
4847814
4847816
4847846
4847864
4847866
4847892
4847918
4847935
4847937
4847944
4847946
4847952
4847954
4847978
4848008
4848025
4848027
4848034
4848036
4848042
4848044
4848057
4848059
4848081
4848359
4848427
4848801
4848805
4848806
4848911
4849318
4849501
4849505
4849559
4849596
4849761
4849765
4849920
4849924
4850089
4850093
4850256
4850260
4850417
4850421
4850572
4850576
4850739
4850743
4850946
4850950
4851149
4851153
4851389
4851393
4851584
4851588
4851770
4851774
4851963
4851967
4851968
4860120
4860121
4860122
4860123
4860124
4870299
4870301
4870304
4870324
4870351
4870390
4870393
4870621
4870679
4870682
4870690
4870691
4874067
4874070
4874483
4874493
4874670
4874673
4874676
4874679
4874687
4874688
4874868
4874879
4876230
4877589
4877615
4877624
4877625
4878339
4878348
4879632
4879644
4880138
4880144
4880434
4880440
4880742
4881032
4881034
4881049
4881051
4881073
4881099
4881129
4881145
4881147
4881160
4881163
4881189
4881217
4881269
4881285
4881287
4881321
4881335
4881337
4881350
4881352
4881359
4881361
4881367
4881369
4881382
4881384
4881418
4881434
4881436
4881476
4881492
4881494
4881507
4881509
4881533
4881553
4881575
4881594
4881596
4881597
4881598
4881607
4881609
4881614
4881616
4881622
4881624
4881648
4881665
4881667
4881693
4881710
4881712
4881918
4881922
4882291
4883018
4885053
4885061
4885637
4885642
4885743
4885765
4885778
4886244
4888362
4888370
4888679
4888684
4888851
4889045
4889186
4889189
4890013
4890020
4891441
4891591
4891791
4891793
4891935
4893335
4893406
4893416
4893483
4893484
4893555
4893556
4895209
4895268
4895348
4895350
4895431
4895433
4896346
4896406
4896454
4896786
4896789
4897270
4897272
4897444
4897570
4899338
4899354
4899356
4899369
4899371
4899372
4899373
4899374
4899406
4899424
4899426
4899458
4899478
4899480
4899512
4899532
4899534
4899566
4899586
4899588
4899791
4899795
4899950
4899954
4903548
4904197
4904791
4904970
4905383
4906132
4906143
4907179
4907480
4907484
4907857
4908027
4908076
4908077
4908533
4908569
4909439
4909507
4909509
4909569
4909571
4910888
4910890
4911135
4911161
4911564
4911566
4911820
4911832
4911834
4911885
4911886
4912251
4912255
4912289
4912294
4912957
4912962
4913038
4913097
4913347
4913356
4913527
4913531
4913743
4913878
4914377
4914378
4914379
4914380
4914418
4914903
4914904
4915232
4915303
4915898
4915899
4915906
4915918
4915989
4916090
4916105
4916171
4916173
4916192
4916194
4916223
4916225
4916256
4916258
4916296
4916316
4916318
4916337
4916339
4916348
4916350
4916356
4916358
4916390
4916410
4916412
4916448
4916468
4916470
4916495
4916497
4916522
4916524
4916550
4916561
4916563
4916569
4916571
4916590
4916592
4916601
4916603
4916609
4916611
4916636
4916638
4916669
4916671
4916696
4916698
4916727
4916729
4916754
4916756
4917063
4917065
4917373
4917463
4917464
4917777
4917779
4918067
4918095
4918191
4918193
4918291
4918306
4918464
4918469
4918484
4918487
4918678
4918728
4918729
4919747
4919748
4919749
4919750
4920061
4920062
4920543
4920576
4921214
4924861
4924863
4927062
4927064
4927819
4928066
4928068
4928205
4928391
4928529
4929384
4929386
4929717
4929775
4929777
4929838
4929840
4929903
4929905
4929966
4929968
4930047
4930049
4930148
4930150
4930248
4930250
4930344
4930346
4930476
4930477
4930479
4930480
4930555
4930557
4930618
4930620
4930750
4930752
4930813
4930815
4930885
4930887
4930955
4930957
4931019
4931021
4931082
4931084
4931178
4931180
4931242
4931244
4931305
4931307
4931367
4931369
4931429
4931431
4931492
4931494
4931588
4931590
4931652
4931654
4931716
4931718
4931762
4931775
4931777
4931867
4931869
4931929
4931931
4931996
4931998
4932061
4932063
4932125
4932127
4932240
4932242
4932303
4932305
4932381
4932383
4932417
4932419
4932508
4932510
4932578
4932580
4932872
4932874
4933003
4933005
4933522
4933529
4933531
4933537
4933539
4935531
4938458
4938460
4942948
4942950
4942993
4943561
4943563
4943949
4943951
4944074
4944076
4944712
4944714
4944909
4945275
4945277
4945344
4945346
4945454
4945456
4945623
4945625
4945702
4945704
4946126
4946128
4946360
4946362
4946744
4946748
4948074
4948076
4948243
4948245
4948314
4948316
4948717
4948719
4948856
4948858
4948934
4948936
4948998
4949000
4949148
4949150
4949232
4949234
4949352
4949354
4949534
4949536
4949605
4949607
4949669
4949671
4950741
4950743
4951009
4951011
4951286
4951288
4951455
4951457
4955251
4956114
4956775
4956777
4956987
4956989
4957272
4957274
4958202
4958204
4958994
4958996
4959602
4959604
4959788
4959790
4959854
4959856
4960169
4960171
4965932
4965934
4967184
4967186
4967793
4967795
4968676
4968678
4969754
4969756
4970222
4970224
4970226
4970227
4970464
4970466
4970688
4970690
4971370
4971372
4971901
4971903
4972409
4972411
4972958
4972960
4973206
4973208
4973880
4973882
4974650
4974652
4974957
4974980
4975705
4975707
4975955
4975957
4977859
4977861
4978216
4978359
4978361
4978757
4978759
4979256
4979258
4979712
4979714
4981039
4981050
4981056
4981057
4981062
4981063
4981064
4981073
4981079
4981084
4981661
4981663
4981769
4981771
4981782
4981784
4981796
4981798
4981809
4981811
4986676
4986680
4987001
4987005
4987115
4987117
4989006
4989008
4989770
4989772
4991115
4991117
4992317
4992319
4993023
4993025
4993801
4993803
4994726
4994728
4995706
4995708
4996838
4996840
4997289
4997291
4998159
4998161
5003848
5003937
5005591
5005593
5007546
5007548
5007812
5007814
5009340
5009628
5010081
5010083
5010302
5010304
5011114
5011116
5011394
5011396
5011728
5011730
5011960
5011962
5012115
5012117
5012233
5012235
5013176
5013424
5014092
5015061
5015063
5015757
5016773
5016775
5017041
5017043
5017766
5017972
5018071
5018380
5018382
5019487
5019492
5020229
5020243
5022274
5022276
5023481
5024026
5024027
5024310
5024420
5024424
5024432
5024436
5024444
5024448
5025841
5025844
5025908
5025912
5026016
5026020
5026154
5026159
5027122
5027123
5027124
5027125
5027126
5027127
5028190
5028191
5028398
5028402
5028562
5028594
5028596
5028608
5028610
5028673
5028714
5028716
5028728
5028730
5028769
5028771
5028787
5028789
5028797
5028799
5028805
5028807
5028812
5028814
5028820
5028822
5028828
5028830
5028845
5028846
5028854
5028856
5028876
5028878
5028915
5029226
5029230
5029401
5029405
5029563
5029567
5033192
5033196
5033197
5033260
5033474
5033478
5038638
5038641
5039878
5039879
5041365
5041475
5041585
5041695
5041757
5041867
5041977
5042087
5042156
5042265
5042375
5042485
5042547
5042610
5042617
5042619
5042624
5042626
5044907
5044908
5044992
5044994
5044995
5044996
5044997
5045042
5045043
5045044
5045455
5045768
5045770
5052550
5052554
5052562
5052566
5052720
5052837
5052838
5052880
5052881
5053735
5054148
5054150
5057024
5057028
5057032
5057828
5058139
5058483
5058485
5058820
5058822
5059176
5059178
5059578
5059580
5059847
5059849
5060000
5060009
5060011
5060017
5060019
5060088
5060097
5060099
5060105
5060107
5060113
5060115
5060140
5060680
5061088
5062081
5062574
5064390
5064392
5066521
5067073
5067074
5067099
5067103
5067105
5067106
5067119
5067122
5067124
5067125
5067359
5067758
5068796
5068797
5068799
5068801
5068803
5068805
5068807
5068812
5068813
5068814
5068815
5068816
5068817
5068818
5069253
5069838
5070725
5070727
5071246
5071249
5073729
5074100
5074844
5075014
5075377
5075449
5075463
5076192
5076195
5076264
5076269
5076294
5076299
5077803
5079788
5080941
5081343
5081918
5081919
5081921
5081922
5082322
5082327
5084185
5085109
5089212
5090441
5090653
5090656
5091746
5091749
5091854
5091859
5092088
5092095
5095201
5095202
5095204
5095206
5095207
5095208
5095217
5095219
5098328
5098386
5099518
5100536
5100541
5104477
5104504
5104543
5104569
5104583
5104585
5104600
5104602
5104613
5104615
5104626
5104628
5104629
5104630
5104637
5104639
5104644
5104646
5104659
5104665
5104667
5104673
5104675
5104680
5104682
5104688
5104690
5104695
5104697
5104703
5104705
5104720
5104722
5104751
5104766
5104768
5104780
5104782
5104788
5104790
5104802
5104804
5104816
5104818
5104833
5104848
5104850
5104862
5104864
5104879
5104889
5104891
5104897
5104899
5104904
5104906
5104912
5104914
5104920
5104922
5104934
5104936
5104948
5104950
5104956
5104958
5104970
5104972
5104984
5104986
5105001
5105002
5105019
5105021
5105066
5105068
5105114
5105116
5105136
5105146
5105148
5105154
5105156
5105161
5105163
5105169
5105171
5105196
5105198
5105232
5105234
5105268
5105270
5105288
5105298
5105300
5105306
5105308
5105313
5105315
5105321
5105323
5105338
5105353
5105355
5105367
5105369
5105386
5105416
5105441
5105466
5105484
5105486
5105498
5105500
5105512
5105514
5105536
5105934
5105938
5107119
5107376
5107380
5107421
5107425
5107481
5107515
5107930
5107962
5108366
5108367
5108811
5108815
5110018
5110236
5110335
5110618
5111386
5111394
5111980
5111981
5111983
5111984
5115904
5117159
5117163
5120353
5120354
5120356
5120357
5120717
5120723
5121285
5121400
5121404
5121927
5121932
5122498
5122502
5124166
5124354
5124355
5124380
5124382
5124409
5124421
5124427
5124428
5125228
5126535
5126536
5126891
5126913
5126915
5127055
5127317
5127323
5127466
5127719
5127722
5127755
5127866
5127911
5127916
5128154
5128687
5129408
5129488
5129490
5129502
5129504
5129516
5129518
5129524
5129526
5129538
5129540
5129552
5129554
5129577
5129605
5129633
5129641
5129643
5129649
5129651
5129656
5129658
5129664
5129666
5129691
5129721
5129723
5129747
5129749
5129767
5129769
5129804
5129832
5129866
5129881
5129883
5129895
5129897
5129903
5129905
5129917
5129919
5129931
5129933
5129939
5129941
5129953
5129955
5129967
5129969
5129975
5129977
5129989
5129991
5130003
5130005
5130021
5130031
5130033
5130039
5130041
5130046
5130048
5130054
5130056
5130075
5130076
5130101
5130102
5130103
5130129
5130131
5130140
5130142
5130148
5130150
5130155
5130157
5130169
5130171
5130198
5130214
5130216
5130217
5130230
5130232
5130259
5130275
5130277
5130285
5130287
5130293
5130295
5130300
5130302
5130308
5130310
5130322
5130324
5130330
5130332
5130338
5130340
5130345
5130347
5130353
5130355
5130361
5130363
5130368
5130370
5130376
5130378
5130383
5130385
5130391
5130393
5130405
5130407
5130408
5130430
5130432
5130458
5130491
5130533
5130571
5130590
5130592
5130604
5130606
5130637
5130656
5130658
5130670
5130672
5130699
5130735
5130769
5130805
5130839
5130875
5130913
5130932
5130934
5130946
5130948
5130975
5131011
5131049
5131068
5131070
5131082
5131084
5131115
5131134
5131136
5131148
5131150
5131169
5131171
5131204
5131217
5131219
5131231
5131233
5131245
5131247
5131253
5131255
5131267
5131269
5131281
5131283
5131289
5131291
5131303
5131305
5131317
5131319
5131347
5131357
5131369
5131371
5131383
5131385
5131391
5131393
5131405
5131407
5131419
5131421
5131427
5131429
5131441
5131443
5131455
5131457
5131463
5131465
5131477
5131479
5131491
5131493
5131523
5131543
5131545
5131557
5131559
5131589
5131609
5131611
5131623
5131625
5131655
5131675
5131677
5131689
5131691
5131697
5131699
5131711
5131713
5131725
5131727
5131749
5131751
5131762
5131764
5131770
5131772
5131777
5131779
5131785
5131787
5131802
5131803
5131825
5131826
5131847
5131848
5131871
5131872
5131882
5131884
5131977
5131979
5131985
5131987
5131998
5132000
5132006
5132008
5132020
5132022
5132028
5132030
5132035
5132037
5132043
5132045
5132080
5132095
5132097
5132109
5132111
5132126
5132127
5132135
5132137
5132143
5132145
5134864
5134894
5135208
5135238
5135331
5135362
5135425
5135457
5135654
5135686
5135826
5135859
5136095
5136907
5137479
5137537
5137539
5137687
5140811
5140896
5140898
5140915
5140917
5140952
5141358
5141360
5141421
5141429
5141439
5143096
5144056
5144386
5144557
5144558
5144670
5144937
5145310
5145311
5145312
5146741
5147059
5147957
5148328
5148338
5149372
5149862
5149969
5150065
5150088
5150411
5150465
5150467
5152433
5152435
5153846
5155396
5155399
5155708
5155727
5155780
5155795
5155797
5155809
5155811
5155825
5155827
5155851
5155853
5155871
5155873
5155891
5155893
5155949
5155951
5155952
5155978
5155980
5155998
5156000
5156018
5156020
5156044
5156046
5156058
5156060
5156066
5156068
5156073
5156075
5156081
5156083
5156089
5156091
5156096
5156098
5156104
5156106
5156130
5156131
5156152
5156154
5156155
5156171
5156173
5156174
5156190
5156192
5156193
5156204
5156206
5156212
5156214
5156232
5156234
5156241
5156243
5156249
5156251
5156264
5156266
5156272
5156274
5156297
5156299
5156300
5156311
5156313
5156319
5156321
5156326
5156328
5156334
5156336
5156341
5156343
5156349
5156351
5156357
5156359
5156364
5156366
5156372
5156374
5156379
5156381
5156387
5156389
5156394
5156396
5156402
5156404
5156409
5156411
5156417
5156419
5156424
5156426
5156432
5156434
5156439
5156441
5156447
5156449
5156455
5156457
5156462
5156464
5156470
5156472
5156477
5156479
5156485
5156487
5156492
5156494
5156500
5156502
5156507
5156509
5156515
5156517
5156522
5156524
5156530
5156532
5156537
5156539
5156545
5156547
5156571
5156586
5156588
5156619
5156634
5156636
5156648
5156650
5156686
5156688
5156689
5156784
5156786
5156804
5156806
5156824
5156826
5156911
5156913
5156931
5156933
5156959
5156961
5156962
5157105
5157107
5157108
5157136
5157138
5157139
5157167
5157169
5157170
5157271
5157273
5157274
5157302
5157304
5157305
5157331
5157333
5157334
5157335
5157336
5157368
5157370
5157371
5157392
5157406
5157432
5157446
5157448
5157460
5157462
5157485
5157499
5157518
5157526
5157528
5157541
5157555
5157563
5157576
5157582
5157584
5157595
5157597
5157603
5157605
5157611
5157613
5157618
5157620
5157626
5157628
5157634
5157636
5157641
5157643
5157649
5157651
5157657
5157659
5157686
5157688
5157689
5157741
5157743
5157744
5157790
5157792
5157793
5157839
5157841
5157842
5157888
5157890
5157891
5157937
5157939
5157940
5157941
5158682
5158686
5160373
5160411
5160418
5160489
5160634
5160672
5160679
5160750
5160893
5160895
5160932
5160939
5161016
5164029
5164060
5165508
5165882
5166775
5166786
5167064
5167065
5167066
5167067
5167068
5167069
5167090
5167099
5167103
5167606
5167612
5167915
5167921
5167968
5167995
5172471
5172863
5173558
5173565
5173997
5174012
5174910
5174913
5174954
5174995
5175070
5175076
5175104
5175110
5175175
5175177
5175187
5175190
5178517
5179010
5179282
5179283
5179284
5179285
5181013
5181035
5181037
5181049
5181051
5181077
5181079
5181147
5181149
5181229
5181251
5181253
5181265
5181267
5181301
5181323
5181325
5181337
5181339
5181373
5181401
5181403
5181421
5181423
5181457
5181479
5181481
5181493
5181495
5181521
5181523
5181599
5181621
5181623
5181635
5181637
5181663
5181665
5181745
5181767
5181769
5181781
5181783
5181837
5181859
5181861
5181873
5181875
5181913
5181935
5181937
5181949
5181951
5181985
5182007
5182009
5182021
5182023
5182065
5182087
5182089
5182101
5182103
5182129
5182131
5182211
5182233
5182235
5182267
5182269
5182337
5182339
5182407
5182409
5182485
5182500
5182502
5182514
5182516
5182528
5182530
5182568
5182590
5182592
5182604
5182606
5182640
5182662
5182664
5182676
5182678
5182716
5182738
5182740
5182752
5182754
5182796
5182818
5182820
5182832
5182834
5182936
5182958
5182960
5182972
5182974
5183029
5183052
5183054
5183066
5183068
5183094
5183096
5183176
5183198
5183200
5183212
5183214
5183240
5183242
5183310
5183312
5183380
5183382
5183458
5183480
5183482
5183494
5183496
5183530
5183552
5183554
5183566
5183568
5183602
5183624
5183626
5183638
5183640
5183666
5183668
5183736
5183738
5183806
5183808
5183876
5183878
5183946
5183948
5184016
5184018
5184094
5184116
5184118
5184130
5184132
5184166
5184188
5184190
5184202
5184204
5184238
5184260
5184262
5184306
5184328
5184330
5184342
5184344
5184382
5184404
5184406
5184418
5184420
5184454
5184476
5184478
5184490
5184492
5184518
5184520
5184561
5184583
5184585
5184597
5184599
5184625
5184627
5184695
5184697
5184765
5184767
5184835
5184837
5184913
5184935
5184937
5184949
5184951
5184977
5184979
5185055
5185077
5185079
5185091
5185093
5185119
5185121
5185189
5185191
5185271
5185293
5185295
5185307
5185309
5185357
5185379
5185381
5185393
5185395
5185421
5185423
5185499
5185527
5185529
5185547
5185549
5185575
5185577
5185653
5185675
5185677
5185689
5185691
5185717
5185719
5185787
5185789
5185857
5185859
5185941
5185964
5185966
5185978
5185980
5186006
5186008
5186076
5186078
5186158
5186180
5186182
5186194
5186196
5186222
5186224
5186292
5186294
5186362
5186364
5186432
5186434
5186510
5186532
5186534
5186546
5186548
5186586
5186608
5186610
5186622
5186624
5186650
5186652
5187621
5187934
5188460
5188591
5188597
5188636
5188643
5188980
5188982
5189032
5189272
5190121
5190681
5190685
5191161
5191163
5191251
5191259
5191273
5191274
5191276
5191278
5191279
5191280
5191463
5191477
5191649
5191661
5197430
5198676
5198678
5199660
5199824
5199825
5199833
5199834
5201149
5201574
5202969
5204318
5204320
5204326
5204328
5204334
5204336
5204343
5204345
5204351
5204353
5204409
5204433
5204435
5204447
5204449
5204500
5204515
5204517
5204529
5204531
5204557
5204559
5204618
5204658
5204680
5204682
5204694
5204696
5204722
5204724
5204800
5204822
5204824
5204836
5204838
5204872
5204894
5204896
5204908
5204910
5204948
5204970
5204972
5204984
5204986
5205012
5205014
5205125
5205147
5205149
5205161
5205163
5205201
5205223
5205225
5205237
5205239
5205273
5205295
5205297
5205309
5205311
5205375
5205397
5205399
5205411
5205413
5205473
5205497
5205499
5205511
5205513
5205559
5205581
5205583
5205595
5205597
5205673
5205695
5205697
5205709
5205711
5205745
5205767
5205769
5205781
5205783
5205809
5205811
5205907
5205929
5205931
5205943
5205945
5205971
5205973
5206053
5206075
5206077
5206089
5206091
5206117
5206119
5206225
5206247
5206249
5206261
5206263
5206289
5206291
5206371
5206393
5206395
5206407
5206409
5206435
5206437
5206505
5206507
5206575
5206577
5206645
5206647
5206731
5206753
5206755
5206767
5206769
5206795
5206797
5206865
5206867
5206943
5206965
5206967
5206979
5206981
5207007
5207009
5207109
5207131
5207133
5207165
5207167
5207235
5207237
5207315
5207337
5207339
5207351
5207353
5207379
5207381
5207469
5207491
5207493
5207505
5207507
5207522
5207554
5207595
5207617
5207619
5207631
5207633
5207667
5207689
5207691
5207703
5207705
5207731
5207733
5207809
5207831
5207833
5207845
5207847
5207885
5207907
5207909
5207921
5207923
5207949
5207951
5208019
5208021
5208089
5208091
5208159
5208161
5208229
5208231
5208307
5208329
5208331
5208343
5208345
5208362
5208371
5208373
5208379
5208381
5208386
5208388
5208394
5208396
5208402
5208404
5208416
5208418
5208430
5208432
5208463
5208485
5208487
5208499
5208501
5208527
5208529
5208605
5208627
5208629
5208641
5208643
5208669
5208671
5208739
5208741
5208809
5208811
5208879
5208881
5208949
5208951
5209027
5209049
5209051
5209115
5209137
5209139
5209151
5209153
5209187
5209209
5209211
5209223
5209225
5209263
5209285
5209287
5209299
5209301
5209335
5209357
5209359
5209371
5209373
5209399
5209401
5209485
5209507
5209509
5209521
5209523
5209561
5209583
5209585
5209597
5209599
5209625
5209627
5209695
5209697
5209765
5209767
5209835
5209837
5209919
5209941
5209943
5209955
5209957
5209983
5209985
5210217
5210388
5210392
5210584
5210588
5210589
5210601
5210603
5210615
5210617
5210653
5210777
5210854
5210895
5210899
5211018
5211387
5211422
5211733
5211916
5211927
5213939
5218340
5218504
5218508
5218513
5218657
5218661
5219384
5219399
5219951
5220083
5220144
5220405
5220463
5221562
5221585
5222671
5224266
5224269
5224315
5224319
5230955
5230978
5230980
5230986
5230988
5230995
5230997
5231004
5231006
5231013
5231015
5231065
5231087
5231089
5231101
5231103
5231129
5231131
5231207
5231229
5231231
5231243
5231245
5231274
5231307
5231309
5231377
5231379
5231459
5231481
5231483
5231495
5231497
5231541
5231563
5231565
5231577
5231579
5231605
5231607
5231699
5231721
5231723
5231735
5231737
5231764
5231765
5231801
5231835
5231871
5231897
5231899
5231900
5231926
5231928
5231929
5231963
5231999
5232041
5232060
5232062
5232074
5232076
5232111
5232130
5232132
5232144
5232146
5232165
5232167
5232168
5232194
5232227
5232253
5232255
5232256
5232257
5232283
5232292
5232294
5232300
5232302
5232307
5232309
5232315
5232317
5232336
5232338
5232349
5232351
5232357
5232359
5232364
5232366
5232372
5232374
5232380
5232382
5232389
5232391
5232398
5232400
5232407
5232409
5232442
5232461
5232463
5232475
5232477
5232496
5232498
5232507
5232509
5232515
5232517
5232522
5232524
5232530
5232532
5232551
5232553
5232562
5232564
5232570
5232572
5232577
5232579
5232585
5232587
5232606
5232608
5232641
5232667
5232669
5232702
5232740
5232759
5232761
5232773
5232775
5232794
5232796
5232805
5232807
5232813
5232815
5232820
5232822
5232828
5232830
5232857
5232893
5232922
5232931
5232933
5232939
5232941
5232946
5232948
5232954
5232956
5232975
5232977
5233010
5233036
5233038
5233047
5233049
5233055
5233057
5233062
5233064
5233070
5233072
5233111
5233130
5233132
5233144
5233146
5233165
5233167
5233200
5233234
5233270
5233296
5233298
5233331
5233369
5233388
5233390
5233402
5233404
5233435
5233454
5233456
5233468
5233470
5233497
5233533
5233559
5233561
5233570
5233572
5233578
5233580
5233585
5233587
5233593
5233595
5233614
5233616
5233625
5233627
5233633
5233635
5233640
5233642
5233648
5233650
5233669
5233671
5233672
5235414
5235421
5235819
5236752
5236753
5237472
5237496
5237498
5237701
5238682
5238685
5238686
5239632
5240517
5241413
5241452
5241453
5241455
5241456
5242341
5245907
5245947
5246684
5246717
5247435
5247439
5247883
5247885
5247890
5249009
5249010
5250521
5250652
5250862
5251556
5251560
5251799
5251801
5252259
5252261
5252777
5252779
5252926
5252944
5252946
5252959
5252966
5252968
5252980
5252982
5252994
5252996
5253028
5253048
5253050
5253062
5253064
5253076
5253078
5253096
5253097
5253313
5253317
5253474
5253478
5253641
5253645
5253819
5253823
5254896
5254900
5257092
5257096
5259605
5259607
5267985
5267987
5268043
5269583
5272625
5272642
5273835
5273839
5275307
5275314
5275581
5275583
5276909
5276943
5277080
5278860
5278863
5279962
5279964
5280900
5280903
5282852
5283854
5283855
5283935
5283937
5283942
5283944
5283950
5283952
5283969
5283971
5283972
5283994
5284003
5284005
5284011
5284013
5284024
5284026
5284032
5284034
5284069
5284090
5284092
5284110
5284112
5284130
5284132
5284150
5284152
5284185
5284202
5284204
5284210
5284212
5284217
5284219
5284225
5284227
5284232
5284234
5284240
5284242
5284247
5284249
5284255
5284257
5284262
5284264
5284270
5284272
5284277
5284279
5284285
5284287
5284292
5284294
5284300
5284302
5284349
5284389
5284410
5284412
5284430
5284432
5284450
5284452
5284470
5284472
5284529
5284546
5284548
5284568
5284582
5284584
5284596
5284598
5284616
5284618
5284657
5284678
5284680
5284698
5284700
5284718
5284720
5284738
5284740
5284793
5284810
5284812
5284839
5284856
5284858
5284873
5284875
5284897
5284919
5284941
5284963
5284973
5284975
5284987
5284989
5285007
5285009
5285070
5285087
5285089
5285118
5285135
5285137
5285161
5286903
5286922
5287300
5287307
5287613
5287619
5287869
5287877
5287915
5287917
5288191
5288198
5288217
5288222
5288463
5288568
5288575
5292597
5292939
5292985
5293011
5293045
5293050
5293320
5293323
5293377
5293510
5293651
5293662
5293715
5293717
5296583
5296584
5298293
5298348
5298653
5298878
5301052
5301874
5301880
5301882
5301888
5301890
5301921
5302627
5302628
5302629
5307836
5307845
5309327
5309332
5309338
5309339
5309456
5309458
5309931
5310131
5310159
5310163
5310477
5310480
5310488
5310491
5310799
5310975
5310997
5311028
5311052
5311054
5311397
5311399
5311471
5312031
5312390
5312391
5312446
5313295
5313300
5313551
5313722
5313724
5314012
5316187
5316190
5316266
5316343
5317023
5317026
5317258
5317280
5317282
5317306
5317311
5317381
5317383
5318025
5319709
5319714
5319834
5319843
5321573
5321575
5321720
5321728
5322224
5322226
5324333
5324386
5324388
5324419
5324438
5324440
5324452
5324454
5324480
5324518
5324531
5324533
5324539
5324541
5324548
5324550
5324556
5324558
5324575
5324577
5324610
5324648
5324686
5324724
5324762
5324818
5324820
5324821
5324887
5324889
5324907
5324909
5324927
5324929
5324947
5324949
5324967
5324969
5324987
5324989
5325007
5325009
5325027
5325029
5325047
5325049
5325067
5325069
5325087
5325089
5325107
5325109
5325127
5325129
5325147
5325149
5325167
5325169
5325187
5325189
5325213
5325215
5325233
5325235
5325253
5325255
5325261
5325263
5325275
5325277
5325289
5325291
5325303
5325305
5325323
5325325
5325337
5325339
5325345
5325347
5325359
5325361
5325373
5325375
5325387
5325389
5325401
5325403
5325415
5325417
5325429
5325431
5325449
5325451
5325469
5325471
5325483
5325485
5325497
5325499
5325511
5325513
5325525
5325527
5325539
5325541
5325553
5325555
5325567
5325569
5325581
5325583
5325598
5325600
5325601
5325602
5325611
5325613
5325619
5325621
5325659
5325661
5325662
5325678
5325680
5325693
5325706
5325708
5325720
5325722
5325734
5325736
5325748
5325750
5325762
5325764
5325776
5325778
5325790
5325792
5325804
5325806
5325818
5325820
5325832
5325834
5325846
5325848
5325860
5325862
5325874
5325876
5325888
5325890
5325902
5325904
5325916
5325918
5325924
5325926
5325932
5325934
5325941
5325943
5325951
5325953
5325963
5325965
5325979
5325981
5325991
5325993
5326007
5326009
5326014
5326016
5326022
5326024
5326031
5326044
5326057
5326139
5326141
5326142
5326179
5326181
5326193
5326195
5326207
5326209
5326221
5326223
5326235
5326237
5326249
5326251
5326263
5326265
5326301
5326303
5326315
5326317
5326329
5326331
5326343
5326345
5326357
5326359
5326380
5326382
5326383
5326420
5326443
5326445
5326463
5326465
5326483
5326485
5326517
5326541
5326556
5326558
5326559
5326575
5326576
5326583
5326585
5326590
5326592
5326598
5326600
5326605
5326607
5326613
5326615
5326620
5326622
5326628
5326630
5326635
5326637
5326643
5326645
5326650
5326652
5326658
5326660
5326665
5326667
5326673
5326675
5326680
5326682
5326688
5326690
5326695
5326697
5326703
5326705
5326710
5326712
5326718
5326720
5326725
5326727
5326733
5326735
5326740
5326742
5326748
5326750
5326755
5326757
5326763
5326765
5326770
5326772
5326778
5326780
5326785
5326787
5326793
5326795
5326800
5326802
5326808
5326810
5326815
5326817
5326823
5326825
5326830
5326832
5326838
5326840
5326845
5326847
5326853
5326855
5326860
5326862
5326868
5326870
5326875
5326877
5326883
5326885
5326900
5326902
5326931
5326940
5326942
5326948
5326950
5326955
5326957
5326963
5326965
5326970
5326972
5326978
5326980
5327175
5327179
5327352
5327356
5327562
5327566
5329847
5330396
5330398
5330585
5330769
5330771
5331156
5331160
5331949
5331952
5334485
5334491
5339922
5341672
5341921
5341993
5342099
5342139
5342141
5342283
5342872
5342877
5343792
5345137
5345639
5345641
5345677
5345681
5346610
5346611
5346643
5346644
5346669
5347425
5347432
5348268
5348295
5348299
5360179
5360181
5361219
5362286
5362797
5362806
5362923
5362927
5364674
5364679
5364698
5364703
5365066
5365081
5365083
5365095
5365097
5365109
5365111
5365117
5365119
5365124
5365126
5365132
5365134
5365139
5365141
5365147
5365149
5365154
5365156
5365162
5365164
5365169
5365171
5365177
5365179
5365184
5365186
5365192
5365194
5365199
5365201
5365207
5365209
5365214
5365216
5365222
5365224
5365229
5365231
5365237
5365239
5365244
5365246
5365252
5365254
5365259
5365261
5365267
5365269
5365274
5365276
5365282
5365284
5365289
5365291
5365297
5365299
5365304
5365306
5365312
5365314
5365319
5365321
5365327
5365329
5365334
5365336
5365342
5365344
5365349
5365351
5365357
5365359
5365364
5365366
5365372
5365374
5365379
5365381
5365387
5365389
5365394
5365396
5365402
5365404
5365526
5365527
5365556
5365575
5365594
5365613
5365626
5365647
5365675
5365692
5365694
5365706
5365708
5365748
5365768
5365770
5365782
5365784
5365796
5365798
5365815
5365825
5365827
5365833
5365835
5365917
5365919
5369147
5370198
5370228
5371023
5371024
5371026
5371028
5371029
5371030
5371038
5371040
5371306
5371701
5371749
5372217
5372218
5372220
5372222
5372223
5372224
5374518
5375942
5375946
5376124
5376137
5377951
5377956
5379197
5379198
5379257
5379258
5380289
5380291
5381932
5382678
5382718
5382723
5382760
5382765
5383442
5383465
5384345
5384348
5384357
5384360
5384601
5385259
5385260
5385314
5385330
5385335
5385336
5387387
5387389
5387390
5387398
5387400
5387428
5387430
5387431
5387447
5387449
5387529
5387550
5387552
5387564
5387566
5387578
5387580
5387609
5387611
5387612
5387622
5387624
5387630
5387632
5387640
5387642
5387649
5387651
5387657
5387659
5387676
5387678
5387694
5387696
5387708
5387710
5387716
5387718
5387730
5387732
5387739
5387752
5387765
5387778
5387791
5387797
5387799
5387810
5387812
5387818
5387820
5387825
5387827
5387833
5387835
5387840
5387842
5387848
5387850
5387855
5387857
5387863
5387865
5387870
5387872
5387878
5387880
5387885
5387887
5387893
5387895
5387900
5387902
5387908
5387910
5387915
5387917
5387923
5387925
5387930
5387932
5387938
5387940
5387945
5387947
5387953
5387955
5387960
5387962
5387968
5387970
5387975
5387977
5387983
5387985
5387990
5387992
5387998
5388000
5388005
5388007
5388013
5388015
5388020
5388022
5388028
5388030
5388035
5388037
5388043
5388045
5388050
5388052
5388058
5388060
5388065
5388067
5388073
5388075
5388080
5388082
5388088
5388090
5388095
5388097
5388103
5388105
5388111
5388113
5388118
5388120
5388126
5388128
5388133
5388135
5388141
5388143
5388148
5388150
5388156
5388158
5388163
5388165
5388171
5388173
5388178
5388180
5388186
5388188
5388193
5388195
5388201
5388203
5388208
5388210
5388216
5388218
5388223
5388225
5388231
5388233
5388238
5388240
5388246
5388248
5388253
5388255
5388261
5388263
5388268
5388270
5388276
5388278
5388283
5388285
5388291
5388293
5388298
5388300
5388306
5388308
5388313
5388315
5388321
5388323
5388328
5388330
5388336
5388338
5388343
5388345
5388351
5388353
5388358
5388360
5388366
5388368
5388373
5388375
5388381
5388383
5388388
5388390
5388396
5388398
5388403
5388405
5388411
5388413
5388428
5388430
5388431
5388454
5388456
5388462
5388464
5388469
5388471
5388477
5388479
5388484
5388486
5388492
5388494
5388499
5388501
5388507
5388509
5388514
5388516
5388522
5388524
5388530
5388532
5388537
5388539
5388545
5388547
5388552
5388554
5388560
5388562
5388567
5388569
5388575
5388577
5388582
5388584
5388590
5388592
5388597
5388599
5388605
5388607
5388612
5388614
5388620
5388622
5388627
5388629
5388635
5388637
5388642
5388644
5388650
5388652
5388657
5388659
5388665
5388667
5388672
5388674
5388680
5388682
5388687
5388689
5388695
5388697
5388702
5388704
5388710
5388712
5388717
5388719
5388725
5388727
5388732
5388734
5388740
5388742
5388749
5388762
5388775
5388788
5388801
5388832
5388834
5388835
5388861
5388863
5388869
5388871
5388876
5388878
5388884
5388886
5388891
5388893
5388899
5388901
5388917
5388933
5388935
5388947
5388949
5388961
5388963
5388989
5388991
5389006
5389008
5389014
5389016
5389021
5389023
5389029
5389031
5389036
5389038
5389044
5389046
5389051
5389053
5389059
5389061
5389067
5389069
5389081
5389083
5389095
5389097
5389109
5389111
5389123
5389125
5389137
5389139
5389151
5389153
5389165
5389167
5389179
5389181
5389193
5389195
5389207
5389209
5389221
5389223
5389235
5389237
5389249
5389251
5389263
5389265
5389277
5389279
5389291
5389293
5389305
5389307
5389319
5389321
5389333
5389335
5389347
5389349
5389364
5389366
5389382
5389384
5389396
5389398
5389410
5389412
5389424
5389426
5389438
5389440
5389477
5389504
5389506
5389518
5389520
5389532
5389534
5389546
5389548
5389560
5389562
5389592
5389615
5389628
5389641
5389654
5389661
5389674
5389687
5389700
5390125
5390215
5390715
5390731
5390733
5390735
5390739
5390740
5390741
5390754
5390755
5390757
5390758
5391025
5391255
5391258
5391324
5391343
5391347
5391357
5392172
5392175
5392390
5392402
5392815
5393112
5393116
5393939
5393940
5394277
5394279
5394741
5394758
5394761
5395827
5395828
5395829
5395840
5395842
5397073
5397531
5397532
5397634
5397638
5400217
5400220
5400359
5400361
5402529
5402531
5402749
5402751
5402830
5404183
5404189
5404190
5406942
5406959
5406962
5408655
5408699
5408998
5409002
5411228
5411229
5411257
5411259
5411265
5411267
5411272
5411274
5411280
5411282
5411287
5411289
5411295
5411297
5411302
5411304
5411310
5411312
5411317
5411319
5411325
5411327
5411332
5411334
5411340
5411342
5411347
5411349
5411355
5411357
5411362
5411364
5411370
5411372
5411377
5411379
5411385
5411387
5411392
5411394
5411400
5411402
5411407
5411409
5411415
5411417
5411422
5411424
5411430
5411432
5411437
5411439
5411445
5411447
5411452
5411454
5411460
5411462
5411467
5411469
5411475
5411477
5411482
5411484
5411490
5411492
5411497
5411499
5411505
5411507
5411512
5411514
5411520
5411522
5411527
5411529
5411535
5411537
5411542
5411544
5411550
5411552
5411579
5411594
5411596
5411608
5411610
5411617
5411633
5411634
5411635
5411669
5411670
5411695
5411697
5411703
5411705
5411710
5411712
5411718
5411720
5411725
5411727
5411733
5411735
5411740
5411742
5411748
5411750
5411755
5411757
5411763
5411765
5411770
5411772
5411778
5411780
5411785
5411787
5411793
5411795
5411800
5411802
5411808
5411810
5411815
5411817
5411823
5411825
5411830
5411832
5411838
5411840
5411845
5411847
5411853
5411855
5411860
5411862
5411868
5411870
5411875
5411877
5411883
5411885
5411890
5411892
5411898
5411900
5411905
5411907
5411913
5411915
5411920
5411922
5411928
5411930
5411935
5411937
5411943
5411945
5411950
5411952
5411958
5411960
5411965
5411967
5411973
5411975
5411980
5411982
5411988
5411990
5412024
5412047
5412060
5412073
5412086
5412092
5412094
5412106
5412108
5412120
5412122
5412146
5412166
5412168
5412180
5412182
5412194
5412196
5412208
5412210
5412222
5412224
5412230
5412232
5412244
5412246
5412258
5412260
5412272
5412274
5412286
5412288
5412300
5412302
5412309
5412322
5412335
5412348
5412361
5412367
5412369
5412374
5412376
5412382
5412384
5412389
5412391
5412397
5412399
5412404
5412406
5412412
5412414
5412488
5412490
5412491
5412524
5412526
5412538
5412540
5412552
5412554
5412566
5412568
5412580
5412582
5412594
5412596
5412608
5412610
5412622
5412624
5412636
5412638
5412650
5412652
5412664
5412666
5412678
5412680
5412692
5412694
5412706
5412708
5412720
5412722
5412734
5412736
5412748
5412750
5412762
5412764
5412776
5412778
5412790
5412792
5412815
5412843
5412878
5412879
5412917
5412919
5412925
5412927
5412938
5412940
5412946
5412948
5412959
5412961
5412967
5412969
5412980
5412982
5412988
5412990
5413001
5413003
5413009
5413011
5413022
5413024
5413030
5413032
5413043
5413045
5413051
5413053
5413064
5413066
5413072
5413074
5413085
5413087
5413093
5413095
5413106
5413108
5413114
5413116
5413127
5413129
5413135
5413137
5413148
5413150
5413156
5413158
5413169
5413171
5413177
5413179
5413190
5413192
5413198
5413200
5413211
5413213
5413219
5413221
5413232
5413234
5413240
5413242
5413253
5413255
5413261
5413263
5413274
5413276
5413282
5413284
5413295
5413297
5413303
5413305
5413327
5413349
5413371
5413393
5413415
5413448
5413469
5413471
5413483
5413485
5413497
5413499
5413511
5413513
5413548
5413550
5413551
5413609
5413611
5413612
5413670
5413672
5413673
5413731
5413733
5413734
5413792
5413794
5413795
5413853
5413855
5413856
5413914
5413916
5413917
5413975
5413977
5413978
5414034
5414036
5414037
5414093
5414095
5414096
5414152
5414154
5414155
5414213
5414215
5414216
5414274
5414276
5414277
5414335
5414337
5414338
5414396
5414398
5414399
5414457
5414459
5414460
5414518
5414520
5414521
5414579
5414581
5414582
5414640
5414642
5414643
5414698
5414700
5414701
5414727
5414729
5414741
5414743
5414755
5414757
5414769
5414771
5414792
5414793
5414794
5415059
5415071
5415682
5415880
5415882
5415969
5416353
5416374
5416377
5417045
5417053
5418233
5418234
5418235
5418236
5419323
5419941
5420035
5420037
5420046
5420783
5420795
5421400
5421401
5421402
5422806
5422927
5422929
5424723
5424725
5426914
5427776
5427822
5427861
5427870
5427871
5427881
5427883
5427888
5427890
5427896
5427898
5427903
5427905
5427911
5427913
5427918
5427920
5427926
5427928
5427933
5427935
5427941
5427943
5427948
5427950
5427956
5427958
5427963
5427965
5427971
5427973
5427978
5427980
5427986
5427988
5427993
5427995
5428001
5428003
5428008
5428010
5428016
5428018
5428023
5428025
5428031
5428033
5428038
5428040
5428046
5428048
5428053
5428055
5428061
5428063
5428068
5428070
5428076
5428078
5428083
5428085
5428091
5428093
5428098
5428100
5428106
5428108
5428113
5428115
5428121
5428123
5428128
5428130
5428136
5428138
5428143
5428145
5428151
5428153
5428158
5428160
5428166
5428168
5428173
5428175
5428181
5428183
5428190
5428203
5428216
5428229
5428242
5428248
5428250
5428257
5428259
5428265
5428267
5428276
5428289
5428302
5428331
5428333
5428334
5428335
5428376
5428378
5428384
5428386
5428392
5428394
5428406
5428408
5428420
5428422
5428428
5428430
5428442
5428444
5428456
5428458
5428470
5428472
5428478
5428480
5428504
5428518
5428520
5428526
5428528
5428533
5428535
5428541
5428543
5428548
5428550
5428556
5428558
5428563
5428565
5428571
5428573
5428579
5428581
5428594
5428602
5428604
5428610
5428612
5428617
5428619
5428625
5428627
5428632
5428634
5428640
5428642
5428659
5428660
5428677
5428679
5428694
5428696
5428715
5428717
5429588
5429648
5429746
5429862
5429891
5429950
5430100
5430102
5430116
5430118
5430146
5430148
5430164
5430166
5431207
5431209
5431229
5431230
5431232
5431234
5431236
5431237
5431238
5431239
5431250
5431251
5431253
5431254
5431266
5431636
5431638
5431756
5431761
5432780
5432784
5433758
5433912
5433980
5434204
5434543
5434549
5434564
5434657
5434663
5435202
5435323
5435328
5435375
5435425
5435448
5435454
5435570
5435577
5435621
5435631
5437319
5437321
5437453
5438051
5438052
5438053
5438054
5438106
5438108
5439361
5439364
5439379
5439382
5439834
5440212
5440224
5441550
5441552
5441714
5441717
5441807
5441812
5442570
5442573
5442784
5442787
5443128
5443176
5443852
5445203
5445277
5450219
5451979
5452135
5454237
5454881
5454890
5455007
5455011
5455326
5455327
5455365
5455367
5455373
5455375
5455380
5455382
5455388
5455390
5455395
5455397
5455403
5455405
5455410
5455412
5455418
5455420
5455425
5455427
5455433
5455435
5455440
5455442
5455448
5455450
5455455
5455457
5455463
5455465
5455470
5455472
5455478
5455480
5455485
5455487
5455493
5455495
5455500
5455502
5455508
5455510
5455515
5455517
5455523
5455525
5455530
5455532
5455538
5455540
5455545
5455547
5455553
5455555
5455560
5455562
5455568
5455570
5455575
5455577
5455583
5455585
5455590
5455592
5455598
5455600
5455605
5455607
5455613
5455615
5455620
5455622
5455628
5455630
5455665
5455667
5455668
5455699
5455701
5455713
5455715
5455727
5455729
5455741
5455743
5455755
5455757
5455769
5455771
5455783
5455785
5455797
5455799
5455811
5455813
5455825
5455827
5455839
5455841
5455853
5455855
5455867
5455869
5455881
5455883
5455895
5455897
5455909
5455911
5455923
5455925
5455937
5455939
5455956
5455957
5455958
5455980
5455982
5455988
5455990
5455995
5455997
5456003
5456005
5456010
5456012
5456018
5456020
5456025
5456027
5456033
5456035
5456040
5456042
5456048
5456050
5456055
5456057
5456063
5456065
5456070
5456072
5456078
5456080
5456085
5456087
5456093
5456095
5456100
5456102
5456108
5456110
5456115
5456117
5456123
5456125
5456130
5456132
5456138
5456140
5456145
5456147
5456153
5456155
5456160
5456162
5456168
5456170
5456175
5456177
5456183
5456185
5456190
5456192
5456198
5456200
5456205
5456207
5456213
5456215
5456220
5456222
5456228
5456230
5456235
5456237
5456254
5456487
5456491
5458269
5458433
5458553
5459045
5459180
5459498
5459500
5459523
5459525
5459815
5459817
5459822
5459824
5460760
5460767
5461413
5461462
5461523
5461577
5462891
5462970
5463255
5463389
5463391
5463861
5463874
5463878
5464644
5464648
5464767
5465646
5465650
5466816
5466822
5470934
5470941
5470944
5472300
5472675
5472698
5474298
5474300
5475125
5475164
5475190
5476097
5476099
5476566
5476737
5476739
5477145
5477147
5477152
5477154
5477185
5477187
5477644
5478088
5478090
5478115
5478119
5478155
5478157
5478183
5478185
5478266
5478412
5478415
5478694
5478707
5479275
5479281
5479810
5479812
5479840
5479848
5479889
5479932
5480042
5480392
5480401
5480805
5480867
5481302
5481379
5481430
5481436
5481441
5481443
5481478
5481528
5481529
5481651
5481653
5481673
5481675
5481681
5481683
5481695
5481697
5481709
5481711
5481723
5481725
5481731
5481733
5481796
5481816
5481818
5481830
5481832
5481844
5481846
5481852
5481854
5481866
5481868
5481880
5481882
5481894
5481896
5481922
5481924
5481925
5481963
5481965
5481966
5481991
5481993
5481999
5482001
5482006
5482008
5482014
5482016
5482021
5482023
5482029
5482031
5482036
5482038
5482044
5482046
5482051
5482053
5482059
5482061
5482066
5482068
5482074
5482076
5482081
5482083
5482089
5482091
5482096
5482098
5482104
5482106
5482111
5482113
5482119
5482121
5482126
5482128
5482134
5482136
5482141
5482143
5482149
5482151
5482156
5482158
5482164
5482166
5482171
5482173
5482179
5482181
5482186
5482188
5482194
5482196
5482201
5482203
5482209
5482211
5482216
5482218
5482224
5482226
5482231
5482233
5482239
5482241
5482246
5482248
5482254
5482256
5482261
5482263
5482269
5482271
5482276
5482278
5482284
5482286
5482316
5482339
5482352
5482365
5482378
5482393
5482395
5482405
5482407
5482419
5482421
5482433
5482435
5482447
5482449
5482461
5482463
5482475
5482477
5482483
5482485
5482497
5482499
5482511
5482513
5482525
5482527
5482539
5482541
5482553
5482555
5482561
5482563
5482575
5482577
5482589
5482591
5482603
5482605
5482637
5482657
5482659
5482671
5482673
5482685
5482687
5482702
5482704
5482705
5482723
5482725
5482737
5482739
5482751
5482753
5482765
5482767
5482779
5482781
5482787
5482789
5482801
5482803
5482815
5482817
5482829
5482831
5482843
5482845
5482857
5482859
5482865
5482867
5482879
5482881
5482937
5482939
5482940
5482956
5482958
5482964
5482966
5482973
5482975
5482984
5483003
5483016
5483043
5483058
5483060
5483072
5483074
5483080
5483082
5483087
5483089
5483095
5483097
5483102
5483104
5483110
5483112
5483117
5483119
5483125
5483127
5483132
5483134
5483140
5483142
5483147
5483149
5483155
5483157
5483162
5483164
5483170
5483172
5483177
5483179
5483185
5483187
5483192
5483194
5483200
5483202
5483207
5483209
5483215
5483217
5483222
5483224
5483230
5483232
5483237
5483239
5483245
5483247
5483252
5483254
5483260
5483262
5483267
5483269
5483275
5483277
5483282
5483284
5483290
5483292
5483297
5483299
5483305
5483307
5483312
5483314
5483320
5483322
5483327
5483329
5483335
5483337
5483342
5483344
5483350
5483352
5483357
5483359
5483365
5483367
5483372
5483374
5483380
5483382
5483388
5483390
5483402
5483404
5483416
5483418
5483430
5483432
5483444
5483446
5483458
5483460
5483480
5483482
5483483
5483508
5483510
5483511
5483522
5483524
5483535
5483537
5483543
5483545
5483550
5483552
5483558
5483560
5483565
5483567
5483573
5483575
5483580
5483582
5483588
5483590
5483595
5483597
5483603
5483605
5483610
5483612
5483618
5483620
5483625
5483627
5483633
5483635
5483640
5483642
5483648
5483650
5483655
5483657
5483663
5483665
5483670
5483672
5483678
5483680
5483685
5483687
5483693
5483695
5483700
5483702
5483708
5483710
5483715
5483717
5483723
5483725
5483730
5483732
5483738
5483740
5483745
5483747
5483753
5483755
5483760
5483762
5483768
5483770
5483775
5483777
5483783
5483785
5483790
5483792
5483798
5483800
5483806
5483808
5483813
5483815
5483821
5483823
5483829
5483831
5483846
5483848
5483849
5483870
5483872
5483888
5483890
5483902
5483904
5483916
5483918
5483930
5483932
5483944
5483946
5483952
5483954
5483966
5483968
5483986
5483988
5484004
5484006
5484007
5484027
5484029
5484030
5484031
5484053
5484055
5484056
5484057
5484067
5484069
5484074
5484076
5484082
5484084
5484089
5484091
5484097
5484099
5484104
5484106
5484112
5484114
5484120
5484122
5484127
5484129
5484135
5484137
5484142
5484144
5484150
5484152
5484157
5484159
5484165
5484167
5484172
5484174
5484180
5484182
5484187
5484189
5484195
5484197
5484202
5484204
5484210
5484212
5484217
5484219
5484225
5484227
5484232
5484234
5484240
5484242
5484247
5484249
5484255
5484257
5484262
5484264
5484270
5484272
5484277
5484279
5484285
5484287
5484292
5484294
5484300
5484302
5484307
5484309
5484315
5484317
5484322
5484324
5484330
5484332
5484337
5484339
5484345
5484347
5484352
5484354
5484360
5484362
5484367
5484369
5484375
5484377
5484382
5484384
5484390
5484392
5484397
5484399
5484405
5484407
5484445
5484447
5484448
5484480
5484482
5484494
5484496
5484508
5484510
5484522
5484524
5484536
5484538
5484550
5484552
5484576
5484578
5484590
5484592
5484604
5484606
5484618
5484620
5484632
5484634
5484646
5484648
5484660
5484662
5484674
5484676
5484705
5484707
5484708
5484709
5484734
5484736
5484742
5484744
5485465
5485535
5485542
5487724
5487737
5487839
5488208
5488255
5488282
5488640
5488641
5489009
5489265
5489267
5489508
5489510
5489757
5489759
5489766
5489768
5489781
5489783
5489793
5489795
5490439
5490441
5490444
5490477
5490478
5490484
5490485
5490486
5490487
5490488
5490579
5490584
5492616
5492621
5492623
5494419
5494421
5494535
5494538
5494540
5494542
5494543
5494544
5496114
5498167
5498170
5498786
5498788
5498902
5498905
5498907
5498909
5498910
5498911
5500214
5500263
5500329
5500647
5500649
5501068
5501075
5501161
5501163
5501164
5501165
5501223
5501225
5501226
5501252
5501254
5501260
5501262
5501267
5501269
5501275
5501277
5501282
5501284
5501290
5501292
5501297
5501299
5501305
5501307
5501312
5501314
5501320
5501322
5501327
5501329
5501335
5501337
5501342
5501344
5501350
5501352
5501357
5501359
5501365
5501367
5501372
5501374
5501380
5501382
5501387
5501389
5501395
5501397
5501402
5501404
5501410
5501412
5501417
5501419
5501425
5501427
5501432
5501434
5501440
5501442
5501447
5501449
5501455
5501457
5501462
5501464
5501470
5501472
5501477
5501479
5501485
5501487
5501492
5501494
5501500
5501502
5501507
5501509
5501515
5501517
5501522
5501524
5501530
5501532
5501537
5501539
5501545
5501547
5501568
5501585
5501587
5501599
5501601
5501613
5501615
5501627
5501629
5501641
5501643
5501658
5501660
5501676
5501678
5501690
5501692
5501704
5501706
5501718
5501720
5501732
5501734
5501754
5501762
5501764
5501770
5501772
5501777
5501779
5501785
5501787
5501792
5501794
5501800
5501802
5501814
5501816
5501831
5501872
5501913
5501954
5501995
5502074
5502076
5502077
5502110
5502112
5502124
5502126
5502138
5502140
5502152
5502154
5502166
5502168
5502180
5502182
5502194
5502196
5502208
5502210
5502222
5502224
5502236
5502238
5502250
5502252
5502264
5502266
5502278
5502280
5502292
5502294
5502306
5502308
5502320
5502322
5502334
5502336
5502348
5502350
5502362
5502364
5502376
5502378
5502406
5502426
5502428
5502440
5502442
5502454
5502456
5502482
5502484
5502506
5502508
5502520
5502522
5502534
5502536
5502557
5502567
5502569
5502575
5502577
5502582
5502584
5502590
5502592
5502597
5502599
5502605
5502607
5502613
5502615
5502627
5502629
5502641
5502643
5502684
5502686
5502687
5502720
5502722
5502734
5502736
5502748
5502750
5502762
5502764
5502776
5502778
5502790
5502792
5502804
5502806
5502818
5502820
5502832
5502834
5502846
5502848
5502860
5502862
5502874
5502876
5502888
5502890
5502902
5502904
5502916
5502918
5502924
5502926
5502938
5502940
5502996
5503045
5503047
5503048
5503058
5503060
5503066
5503068
5503080
5503082
5503094
5503096
5503108
5503110
5503139
5503157
5503170
5503183
5503196
5503202
5503204
5503216
5503218
5503230
5503232
5503252
5503254
5503255
5503283
5503285
5503291
5503293
5503298
5503300
5503306
5503308
5503313
5503315
5503321
5503323
5503328
5503330
5503336
5503338
5503343
5503345
5503351
5503353
5503358
5503360
5503366
5503368
5503373
5503375
5503381
5503383
5503388
5503390
5503396
5503398
5503403
5503405
5503411
5503413
5503418
5503420
5503426
5503428
5503433
5503435
5503441
5503443
5503448
5503450
5503456
5503458
5503463
5503465
5503471
5503473
5503478
5503480
5503486
5503488
5503493
5503495
5503501
5503503
5503508
5503510
5503516
5503518
5503542
5503556
5503558
5503564
5503566
5503571
5503573
5503579
5503581
5503586
5503588
5503594
5503596
5503601
5503603
5503609
5503611
5503616
5503618
5503624
5503626
5503631
5503633
5503639
5503641
5503646
5503648
5503654
5503656
5503661
5503663
5503669
5503671
5503676
5503678
5503684
5503686
5503691
5503693
5503699
5503701
5503706
5503708
5503714
5503716
5503721
5503723
5503729
5503731
5503736
5503738
5503744
5503746
5503751
5503753
5503759
5503761
5503766
5503768
5503774
5503776
5503781
5503783
5503789
5503791
5503796
5503798
5503804
5503806
5503811
5503813
5503819
5503821
5503826
5503828
5503834
5503836
5503841
5503843
5503849
5503851
5503858
5503871
5503884
5503897
5503910
5503916
5503918
5504126
5504130
5504673
5505199
5505220
5505222
5505228
5505230
5505235
5505237
5505243
5505245
5505250
5505252
5505258
5505260
5505265
5505267
5505273
5505275
5505280
5505282
5505288
5505290
5505295
5505297
5505303
5505305
5505310
5505312
5505318
5505320
5505325
5505327
5505333
5505335
5505340
5505342
5505348
5505350
5505355
5505357
5505363
5505365
5505370
5505372
5505378
5505380
5505385
5505387
5505393
5505395
5505400
5505402
5505408
5505410
5505415
5505417
5505423
5505425
5505430
5505432
5505438
5505440
5505445
5505447
5505453
5505455
5505460
5505462
5505468
5505470
5505475
5505477
5505483
5505485
5505490
5505492
5505498
5505500
5505505
5505507
5505513
5505515
5505536
5505537
5505602
5505604
5505605
5505671
5505673
5505674
5505740
5505742
5505743
5505809
5505811
5505812
5505878
5505880
5505881
5505947
5505949
5505950
5506014
5506016
5506017
5506083
5506085
5506086
5506152
5506154
5506155
5506221
5506223
5506224
5506314
5506316
5506317
5506383
5506385
5506386
5506452
5506454
5506455
5506521
5506523
5506524
5506590
5506592
5506593
5506659
5506661
5506662
5506697
5506710
5506723
5506736
5506749
5506770
5509567
5509569
5509679
5509681
5509961
5509963
5511074
5511076
5511195
5511197
5511209
5511211
5511247
5511249
5511395
5511397
5511408
5511410
5511422
5511424
5512392
5512394
5512872
5512874
5512875
5512876
5515213
5515215
5515349
5515351
5515357
5515359
5515365
5515367
5515380
5515398
5515400
5515863
5515865
5523953
5524052
5524156
5524818
5524819
5524830
5524831
5524836
5525405
5525727
5525729
5525740
5525742
5526031
5526033
5526652
5526654
5526690
5526692
5527002
5527004
5527908
5527910
5527924
5527931
5527933
5527950
5527952
5531692
5533416
5533418
5533864
5533866
5534849
5534892
5534934
5535404
5536013
5536015
5536058
5536060
5536129
5537826
5538820
5538822
5538954
5538956
5539629
5539631
5539662
5539669
5539671
5542770
5544801
5544803
5544942
5544944
5546123
5546210
5547962
5547964
5548871
5548873
5549207
5551429
5551431
5551458
5551460
5551472
5551474
5556883
5556885
5557289
5557291
5557354
5557356
5558043
5558045
5560439
5560441
5560649
5560651
5561117
5561119
5561827
5561829
5562229
5562231
5564123
5564125
5564434
5564436
5564447
5564449
5564778
5564780
5566379
5566381
5566475
5566477
5567964
5567966
5570927
5571012
5571014
5571224
5572411
5572833
5573391
5575719
5575721
5575727
5575729
5576672
5576674
5577490
5577492
5577503
5577505
5577517
5577519
5577665
5577667
5578188
5578190
5579091
5579093
5579566
5579584
5579602
5579620
5580061
5580063
5580668
5580670
5581588
5581590
5581986
5581988
5587927
5588825
5597620
5597622
5597627
5597629
5597635
5597637
5597642
5597644
5597650
5597652
5597657
5597659
5597665
5597667
5597672
5597674
5597680
5597682
5597687
5597689
5597695
5597697
5597702
5597704
5597710
5597712
5597717
5597719
5597725
5597727
5597732
5597734
5597740
5597742
5597747
5597749
5597755
5597757
5597762
5597764
5597770
5597772
5597777
5597779
5597785
5597787
5597792
5597794
5597800
5597802
5597807
5597809
5597815
5597817
5597822
5597824
5597830
5597832
5597837
5597839
5597845
5597847
5597852
5597854
5597860
5597862
5597867
5597869
5597875
5597877
5597882
5597884
5597890
5597892
5597897
5597899
5597905
5597907
5597912
5597914
5597920
5597922
5597948
5597958
5597965
5597967
5597973
5597975
5597981
5597983
5597989
5597991
5597997
5597999
5598005
5598007
5598013
5598015
5598021
5598023
5598029
5598031
5598037
5598039
5598045
5598047
5598053
5598055
5598061
5598063
5598069
5598071
5598077
5598079
5598085
5598087
5598093
5598095
5598101
5598103
5598109
5598111
5598117
5598119
5598125
5598127
5598133
5598135
5598141
5598143
5598149
5598151
5598157
5598159
5598165
5598167
5598173
5598175
5598181
5598183
5598189
5598191
5598197
5598199
5598205
5598207
5598213
5598215
5598221
5598223
5598229
5598231
5598237
5598239
5598245
5598247
5598253
5598255
5598261
5598263
5598269
5598271
5598277
5598279
5598285
5598287
5598293
5598295
5598301
5598303
5598309
5598311
5598317
5598319
5598325
5598327
5598333
5598335
5598341
5598343
5598349
5598351
5598357
5598359
5598365
5598367
5598373
5598375
5598381
5598383
5598389
5598391
5598397
5598399
5598405
5598407
5598413
5598415
5598421
5598423
5598429
5598431
5598437
5598439
5598445
5598447
5598453
5598455
5598461
5598463
5598469
5598471
5598484
5598491
5598493
5598499
5598501
5598507
5598509
5598515
5598517
5598523
5598525
5598770
5598772
5600135
5603015
5603616
5603618
5603629
5603631
5603859
5606534
5606954
5608012
5608014
5608153
5608155
5608167
5608169
5609255
5609257
5609945
5609947
5611413
5611415
5611426
5611428
5611440
5611442
5611757
5611793
5612968
5612970
5613128
5613130
5613142
5613144
5613180
5613182
5613637
5614085
5614087
5614098
5614100
5614219
5614760
5615217
5615219
5615384
5615386
5616564
5616566
5616704
5616706
5616774
5616776
5618087
5618089
5619316
5619878
5620117
5620296
5620317
5621425
5621427
5621518
5621520
5622501
5623779
5623781
5626502
5626504
5628055
5628057
5629180
5629182
5630041
5630043
5631204
5631711
5633764
5633766
5633864
5633866
5635355
5636656
5636658
5636670
5636672
5636678
5636680
5638818
5638998
5639268
5639276
5640843
5640845
5641571
5641573
5642451
5642453
5642468
5642499
5642831
5642833
5645063
5645067
5646211
5646886
5648876
5648878
5648890
5648892
5650015
5650017
5650527
5650529
5656688
5656690
5656996
5656998
5657325
5657327
5657328
5657345
5657970
5657974
5657975
5658790
5658794
5658795
5660194
5660591
5660773
5660797
5662153
5662155
5662217
5662219
5662433
5662793
5662795
5662926
5662928
5664328
5664330
5666671
5667616
5667618
5667893
5667895
5669346
5669348
5670011
5670013
5672107
5672110
5672133
5672449
5672830
5672861
5672955
5672992
5673004
5674678
5675106
5675597
5675599
5676223
5676768
5676770
5676998
5677000
5677273
5677275
5677759
5677761
5678025
5678027
5680523
5680525
5681057
5681059
5681382
5681384
5682243
5682250
5682252
5682258
5682260
5683487
5684265
5684267
5684712
5684714
5686814
5686816
5687284
5687286
5688829
5688911
5689272
5689292
5690627
5690629
5690781
5690783
5690845
5690847
5691279
5691281
5691343
5691345
5691499
5691501
5691806
5691808
5691870
5691872
5692734
5692736
5692989
5692991
5693567
5693569
5693668
5693670
5694557
5695208
5696091
5696093
5697448
5697450
5697888
5697890
5698485
5698487
5698648
5698650
5699374
5699376
5700551
5700553
5701005
5701007
5701199
5701201
5701452
5701454
5702569
5702571
5702746
5702748
5703140
5703142
5703154
5703156
5703168
5703170
5706023
5706025
5706337
5706339
5707728
5707730
5707927
5707929
5708050
5708051
5708053
5708054
5708339
5708341
5709098
5709100
5709302
5709304
5709503
5709505
5709743
5709896
5710072
5710074
5710321
5710436
5710438
5710605
5710607
5710681
5713746
5719168
5719204
5723560
5725391
5725476
5726121
5726896
5726897
5726899
5726901
5726902
5726903
5727547
5727549
5728137
5728139
5728420
5728422
5729027
5729323
5729325
5729575
5729577
5730261
5730593
5730595
5732060
5732062
5732906
5732908
5733318
5733320
5734327
5734329
5735263
5736548
5736551
5738606
5738797
5738801
5738811
5738911
5738933
5741295
5741297
5742074
5742076
5742780
5742782
5742793
5742795
5742806
5742808
5742831
5742833
5742856
5742858
5743657
5743659
5744143
5744145
5744260
5746093
5746095
5747243
5747245
5747266
5747268
5749065
5749412
5749572
5749640
5750099
5750101
5750315
5750317
5750329
5750331
5754112
5754114
5755638
5755640
5756047
5756049
5756289
5756291
5756383
5756385
5756490
5756492
5757109
5757111
5757785
5757787
5761787
5761789
5762076
5762078
5763595
5763597
5764260
5764262
5764527
5764529
5764793
5764795
5767010
5767846
5768451
5768453
5770042
5770044
5770919
5770921
5771106
5771108
5774878
5774880
5775738
5775740
5775970
5775972
5776013
5776093
5776095
5776107
5776109
5779331
5780027
5781484
5781485
5781645
5781647
5782132
5782134
5785229
5786004
5790084
5790086
5790570
5790572
5790593
5791469
5791473
5791474
5794470
5794472
5795693
5795695
5795758
5795760
5796790
5796792
5796811
5796813
5796839
5799437
5800316
5805344
5806425
5807130
5807132
5807896
5807898
5808398
5808400
5808604
5808606
5808685
5808687
5809106
5809108
5811705
5811707
5812590
5812605
5812607
5812619
5812621
5812638
5812640
5814259
5814261
5814536
5814538
5814593
5814595
5816667
5816669
5817105
5817233
5818556
5820405
5820409
5820410
5821691
5821695
5821696
5823535
5823758
5824170
5824183
5824579
5824581
5826652
5827009
5829179
5829181
5829376
5830718
5830720
5836065
5836555
5836557
5836723
5836725
5836866
5836868
5837020
5838495
5838497
5838502
5838504
5838512
5838513
5838515
5838516
5838610
5838618
5838620
5838625
5838627
5838692
5838694
5838699
5838701
5838706
5838708
5838719
5838721
5838726
5838728
5839030
5839034
5839697
5840193
5840195
5840196
5840665
5840744
5840746
5840875
5841004
5841502
5841504
5842749
5842771
5842773
5843204
5843206
5843377
5843379
5843552
5843554
5843917
5843919
5844039
5844041
5844549
5844873
5845080
5850374
5850376
5851307
5851309
5851426
5852064
5852065
5852069
5852070
5852267
5852416
5852777
5852788
5852806
5853212
5853521
5854465
5854468
5855553
5855555
5857753
5857755
5857807
5857809
5857861
5857873
5858115
5858117
5858342
5858344
5858355
5858357
5858463
5858465
5858602
5858766
5858776
5858777
5858945
5859534
5859538
5859984
5860162
5860174
5860176
5860276
5860527
5860630
5860737
5860742
5861172
5861174
5861269
5861271
5861460
5861493
5861541
5861589
5861637
5861685
5861903
5861907
5862035
5862039
5863775
5863777
5863792
5863794
5863972
5863976
5863996
5863998
5864079
5864081
5864856
5864857
5864858
5864859
5867312
5867314
5867338
5867340
5867470
5867472
5867726
5867728
5870314
5870316
5870350
5870351
5870352
5870353
5870354
5870355
5870975
5870981
5871024
5871034
5871071
5871073
5871081
5871083
5871130
5871132
5871133
5871698
5871702
5871857
5871861
5871862
5872165
5872167
5874390
5875003
5875005
5878079
5878081
5878086
5878088
5878093
5878095
5878301
5878303
5878807
5880215
5880218
5882111
5883009
5883011
5885140
5885153
5885161
5885255
5885257
5885444
5886305
5886307
5892368
5892370
5892578
5892580
5892827
5892931
5892932
5892952
5892953
5892955
5892956
5893001
5893003
5893011
5893013
5893231
5893233
5893335
5893365
5893367
5893471
5893479
5893481
5893492
5893494
5893612
5893614
5893632
5893634
5893689
5893816
5894810
5894814
5894864
5894866
5895053
5895057
5895291
5895479
5895483
5895667
5895671
5895672
5895860
5895864
5895865
5895866
5895904
5895906
5896060
5896064
5896091
5896093
5896094
5896314
5896318
5896498
5896502
5896604
5896796
5896800
5896994
5896998
5896999
5897156
5897160
5897199
5897201
5897391
5897395
5897396
5897554
5897558
5900346
5900350
5900393
5900397
5900480
5900482
5900483
5900656
5900660
5901113
5901117
5906528
5906530
5906573
5906703
5906821
5906865
5906867
5906868
5907056
5907300
5907387
5907389
5907475
5907565
5907691
5907693
5907721
5907723
5907724
5909543
5909607
5909775
5909779
5910717
5910719
5910791
5910931
5910933
5910934
5910945
5910947
5910948
5911078
5911080
5911081
5911092
5911094
5911095
5912520
5912522
5912719
5912721
5912726
5912728
5912908
5912910
5912915
5912917
5913159
5913161
5913351
5913353
5913543
5913545
5913924
5914812
5914814
5915748
5915750
5917298
5923186
5923237
5923239
5923338
5923387
5923468
5923480
5923482
5923483
5923528
5923573
5923618
5923657
5923659
5923691
5923711
5923912
5923916
5923917
5923927
5923929
5923943
5923945
5923959
5923961
5923975
5923977
5924792
5924794
5925178
5925204
5925206
5925448
5925452
5925623
5925627
5925628
5925802
5925806
5925807
5926491
5926493
5928537
5928541
5928696
5928700
5930398
5930406
5930531
5930532
5932662
5933416
5933640
5933641
5933955
5935166
5935169
5935452
5935453
5935482
5935485
5935495
5935511
5935512
5935513
5935653
5935657
5935693
5935695
5935696
5936138
5937183
5937186
5937520
5937522
5938009
5938010
5938276
5938277
5938278
5938421
5938422
5938509
5938947
5938951
5939106
5939110
5944299
5945573
5945672
5945684
5945695
5945740
5945742
5945782
5945784
5945844
5945846
5945867
5945869
5946052
5946054
5946258
5946260
5946683
5946685
5946954
5946956
5947501
5947502
5947689
5947690
5948500
5948501
5948701
5948702
5948703
5948704
5948705
5948706
5948725
5948727
5950421
5950837
5950901
5950919
5950920
5951133
5951137
5952892
5952894
5952995
5952996
5953655
5953700
5955137
5955141
5956204
5956206
5956329
5956555
5956556
5956557
5956558
5956559
5956560
5956561
5956715
5956717
5958653
5958745
5958747
5958882
5959088
5959734
5959735
5959736
5959737
5959738
5959739
5959782
5959792
5960230
5960257
5960319
5960469
5961031
5961033
5962963
5962964
5963220
5964101
5964102
5964103
5964104
5964105
5964452
5964466
5964467
5964471
5964472
5964740
5964742
5966264
5966265
5966836
5966838
5967425
5967427
5967428
5967441
5967443
5967525
5967596
5967598
5967599
5967708
5967710
5967721
5967723
5967804
5967806
5967992
5967996
5968008
5968188
5968192
5968356
5968360
5968533
5968537
5968708
5968712
5968915
5968919
5969085
5969089
5971668
5972947
5972949
5972976
5972980
5973341
5973343
5973522
5973524
5973583
5973585
5973656
5973658
5973717
5973719
5973838
5973840
5973853
5976335
5976339
5976850
5977225
5977227
5977429
5977430
5978011
5978012
5979427
5979428
5979429
5979431
5979432
5980003
5980004
5980005
5980006
5980137
5980139
5980163
5980167
5980275
5980311
5980315
5980849
5981056
5981058
5981204
5981206
5981351
5981353
5981473
5981475
5981619
5981621
5981707
5981718
5981720
5981864
5981866
5981956
5981958
5981977
5982018
5982020
5982021
5982223
5982684
5982690
5982764
5984982
5984983
5984984
5984985
5984993
5984995
5985122
5985124
5985624
5985626
5985628
5985630
5985632
5985634
5985635
5985636
5985637
5985638
5990286
5990305
5990307
5991857
5992002
5992354
5995158
5995159
5995190
5995191
5995268
5995270
5995275
5995277
5999327
6005104
6005106
6005853
6005859
6005874
6005875
6010488
6011576
6012917
6012918
6012919
6012920
6012921
6012922
6012923
6012924
6012925
6012937
6013321
6014206
6014460
6014964
6016325
6017443
6017683
6017684
6017854
6018851
6018855
6018856
6018956
6021413
6021835
6023622
6023623
6023752
6023940
6024718
6024719
6026130
6026132
6027722
6027726
6028480
6028936
6029016
6029017
6029411
6030138
6031588
6031589
6032260
6032261
6032720
6032745
6033240
6033618
6035940
6035941
6035942
6035989
6035991
6036173
6037332
6038843
6038845
6039397
6039399
6040133
6040518
6040535
6040549
6040551
6040557
6040559
6040594
6040596
6040597
6040609
6040611
6040612
6041304
6041308
6042508
6042840
6042844
6042845
6043003
6049482
6049484
6054075
6054077
6054530
6054531
6055162
6055164
6056699
6056701
6057069
6057077
6058114
6058116
6058124
6058127
6058136
6058140
6058143
6058144
6058497
6058499
6061481
6061482
6061483
6061667
6061850
6061852
6062083
6062085
6062086
6062110
6062112
6062452
6062454
6062471
6062523
6062525
6062581
6062647
6062673
6062728
6062730
6062822
6062835
6062837
6062843
6062845
6062851
6062853
6062918
6062920
6062921
6062977
6062979
6062980
6063020
6063022
6063131
6063133
6063316
6063318
6063319
6063438
6063442
6063445
6063473
6063630
6063819
6067411
6067413
6070371
6070959
6070960
6070961
6071353
6071371
6071373
6071644
6071646
6072791
6074481
6075225
6075229
6075240
6075242
6075252
6075254
6076050
6076052
6076261
6076270
6076272
6076278
6076280
6077588
6077933
6077970
6077999
6078749
6079442
6079645
6079846
6079873
6079951
6079953
6080481
6080508
6081356
6081358
6081539
6081569
6082105
6082625
6082629
6082794
6082798
6082961
6082965
6082966
6083121
6083125
6083283
6083287
6084089
6084093
6084383
6084550
6084552
6088811
6088812
6089389
6089407
6089495
6089540
6089823
6089825
6089826
6089827
6089834
6089836
6090357
6090359
6090527
6091031
6091033
6092366
6092370
6092622
6092636
6092676
6093434
6093438
6094079
6094081
6094155
6094156
6094157
6094158
6094828
6095295
6095297
6095511
6095735
6095737
6095766
6096750
6097312
6097316
6097425
6097426
6097427
6097428
6097429
6100303
6100305
6100418
6100420
6100794
6100796
6101045
6101047
6101234
6101236
6101338
6101340
6103086
6103088
6103869
6103871
6103882
6103884
6103922
6103924
6104402
6104404
6104548
6104550
6104562
6104564
6104644
6104646
6104801
6104803
6105010
6105012
6105036
6105038
6105251
6105253
6105520
6105522
6105749
6105751
6105775
6105777
6106777
6106779
6107197
6107199
6107309
6107337
6107376
6107378
6107501
6107503
6107506
6109906
6109908
6110001
6110002
6110003
6111373
6111375
6112276
6112659
6112661
6112770
6114013
6114015
6114044
6114329
6115169
6115952
6116600
6116601
6116862
6116864
6116930
6116932
6117128
6117250
6117252
6117458
6117460
6117600
6117602
6117736
6117738
6118019
6118021
6118137
6118785
6119922
6119924
6120265
6120539
6120969
6122648
6122651
6123022
6123045
6123046
6123048
6123049
6123443
6123492
6123496
6123498
6123501
6123567
6123568
6123826
6123828
6126052
6126134
6126136
6127840
6128040
6128341
6128343
6128451
6128466
6128468
6128531
6128533
6128621
6128925
6128929
6129029
6129299
6129303
6129304
6129310
6129312
6129477
6129479
6132962
6132965
6132966
6132974
6132976
6133419
6133420
6133421
6133422
6134094
6134258
6134262
6134446
6134450
6134615
6134619
6134784
6134788
6134951
6134955
6136193
6136196
6136389
6136392
6137136
6137139
6137427
6137430
6137444
6138008
6140168
6140170
6140621
6140818
6140820
6140945
6140946
6140970
6140972
6141028
6141237
6142130
6142134
6142315
6142319
6142500
6142504
6142712
6143517
6143519
6143866
6143868
6143904
6143906
6143917
6143919
6144051
6144053
6144054
6144055
6144868
6144869
6144972
6144973
6146868
6147600
6147707
6147869
6147870
6148124
6148657
6149157
6149160
6149678
6149680
6149853
6149855
6151678
6151688
6151689
6151690
6153273
6153275
6153909
6153913
6154068
6154072
6154073
6154275
6154279
6154464
6154468
6154653
6154657
6154658
6155779
6155783
6156841
6156845
6156958
6157037
6157038
6157040
6157041
6158165
6158168
6158726
6158736
6158738
6158744
6158746
6158851
6158997
6158998
6159663
6160040
6160071
6160072
6160073
6160350
6160352
6160421
6160423
6160802
6160803
6161631
6161632
6161633
6161646
6161647
6161649
6161650
6162930
6162939
6163166
6163170
6166644
6166646
6166844
6166847
6167016
6167020
6167099
6167102
6170412
6170527
6170528
6170529
6170530
6170531
6170532
6170533
6170585
6170587
6170588
6170592
6170594
6170595
6170596
6170597
6170791
6172534
6172536
6172765
6172804
6172806
6172847
6173015
6173017
6173018
6173160
6173191
6173222
6173229
6173231
6173464
6173468
6174465
6174469
6174654
6174658
6174980
6175556
6175560
6175603
6175836
6175840
6176748
6176752
6177195
6177199
6177256
6177260
6178103
6178105
6178871
6178875
6179069
6179430
6179432
6179879
6179883
6180757
6180789
6180793
6180902
6180944
6180945
6180959
6181011
6181013
6181031
6181096
6181100
6181429
6181431
6183588
6183596
6183599
6183837
6183839
6184060
6184734
6184736
6184923
6184925
6185111
6185113
6185233
6185235
6185514
6185516
6186073
6186075
6186174
6186176
6186259
6186261
6186542
6186544
6186737
6186740
6186937
6186939
6187028
6187030
6187497
6187499
6187794
6187796
6188074
6188076
6188123
6188125
6188214
6188216
6188557
6188559
6188618
6188620
6190372
6190374
6190375
6191646
6191648
6194624
6195002
6195089
6195091
6195319
6195703
6195723
6195754
6195756
6196336
6196338
6198377
6198998
6199886
6199888
6199983
6200757
6200761
6201315
6201417
6201419
6201634
6201636
6202146
6204939
6204950
6205301
6205450
6205467
6205468
6205492
6205494
6205506
6205508
6205525
6205539
6205541
6205558
6205560
6205583
6205585
6205610
6205612
6205636
6205638
6205655
6205657
6205679
6205681
6205699
6205701
6205718
6205720
6205738
6205740
6205756
6205758
6205775
6205777
6205803
6205805
6205822
6205824
6205839
6205841
6205856
6205858
6205874
6205876
6205898
6205900
6205916
6205918
6205931
6205933
6205955
6205957
6205973
6205975
6206340
6206504
6206506
6206507
6206570
6206572
6206607
6206618
6206621
6206769
6206773
6208846
6208848
6209040
6209042
6210393
6210397
6210953
6210955
6211402
6211404
6212399
6212401
6212824
6212826
6213166
6213168
6213181
6213183
6215193
6215463
6215618
6217163
6217165
6218256
6218258
6218300
6218302
6220565
6220567
6220997
6220999
6221272
6221274
6221841
6221843
6222254
6222256
6223275
6223277
6223698
6223700
6224859
6225892
6232435
6232443
6235385
6235387
6235453
6235455
6235518
6237325
6237327
6237397
6237399
6237687
6237689
6237760
6237762
6237887
6238093
6238095
6240475
6240981
6240983
6241505
6241507
6241516
6241518
6241549
6241669
6241671
6242786
6242915
6242918
6242936
6243065
6243068
6243246
6243248
6243287
6243416
6243419
6243449
6243451
6243505
6243582
6243588
6243706
6243847
6243849
6243850
6243917
6243919
6243924
6243926
6244103
6244295
6244322
6244435
6244675
6244719
6244807
6244843
6244864
6244866
6244925
6244927
6244936
6244938
6244952
6244954
6244964
6244966
6245025
6245027
6245036
6245038
6245052
6245054
6245064
6245066
6245125
6245127
6245136
6245138
6245152
6245154
6245164
6245166
6245225
6245227
6245236
6245238
6245252
6245254
6245292
6245294
6245295
6245428
6245430
6245431
6245564
6245566
6245567
6245647
6245810
6245812
6245813
6245924
6245926
6245927
6246042
6246044
6246045
6246236
6246238
6246242
6246350
6246351
6246393
6246395
6246396
6246436
6246438
6246439
6246627
6246629
6246656
6246658
6246667
6246669
6246673
6246798
6246924
6246926
6246953
6246955
6246964
6246966
6246973
6246975
6247060
6247064
6247094
6247096
6247139
6247141
6247219
6247223
6247253
6247255
6248712
6249038
6249040
6252049
6252050
6252052
6252054
6252055
6252056
6252078
6252097
6252098
6252100
6252101
6252119
6254130
6254249
6254432
6254551
6254656
6254658
6255273
6255275
6255795
6255914
6256042
6256044
6257588
6257590
6257592
6257593
6257831
6257858
6257879
6258530
6258584
6258674
6258794
6259692
6259694
6259758
6259760
6259782
6259784
6259827
6259837
6260000
6260004
6260180
6260184
6260201
6260203
6260362
6260366
6261062
6261066
6263339
6263343
6264230
6264350
6264553
6264555
6270630
6271958
6271987
6272102
6272129
6272149
6272176
6272678
6272679
6273689
6274972
6275226
6275228
6276101
6276103
6276109
6276111
6277061
6277734
6278467
6278469
6279933
6280297
6280298
6280299
6280300
6280301
6280302
6280303
6280304
6280305
6280306
6280307
6280308
6280309
6280310
6280311
6280312
6280313
6280314
6280315
6280316
6281449
6281634
6282715
6282872
6282877
6284801
6284802
6284803
6284804
6284805
6284806
6284807
6284808
6284809
6284867
6284868
6284870
6284872
6284873
6284874
6284981
6284983
6285522
6285524
6285689
6285691
6285768
6285770
6285771
6286203
6286215
6286217
6286332
6286549
6286760
6286941
6286945
6287209
6287213
6287429
6287433
6287603
6287607
6287796
6287800
6287993
6287997
6287998
6288181
6288185
6288339
6288343
6288540
6288544
6288725
6288729
6288977
6288979
6289325
6289709
6289711
6291228
6291230
6291554
6291564
6291566
6291569
6291643
6291647
6292294
6292296
6292469
6292471
6292702
6292703
6292706
6293077
6293079
6293400
6293402
6293723
6293725
6294046
6294048
6294124
6294125
6294126
6294127
6294128
6294129
6294130
6294131
6294132
6294133
6294134
6294483
6294485
6294617
6294619
6294999
6295001
6295002
6295110
6295776
6295780
6295827
6296315
6298488
6298491
6298494
6298759
6298836
6298920
6299341
6299911
6300277
6300278
6300757
6301124
6302317
6302318
6302319
6302320
6302321
6302322
6302323
6302324
6302325
6302326
6302327
6302328
6302329
6302330
6302331
6302332
6302383
6302417
6302418
6302658
6303381
6303522
6303974
6304094
6304275
6304457
6304458
6304459
6304460
6305390
6305854
6305855
6306883
6306884
6306999
6308053
6308520
6308521
6310747
6310749
6310750
6310751
6310752
6311951
6312690
6314431
6314497
6315511
6315512
6316768
6316787
6316789
6316970
6316972
6316973
6316974
6316975
6316976
6316977
6316978
6316979
6316980
6316981
6317292
6317293
6317294
6317438
6317740
6318742
6318744
6318750
6318752
6318757
6318759
6318946
6318947
6318948
6318949
6319210
6319212
6319218
6319220
6319226
6319228
6319303
6319305
6319306
6319511
6319629
6319639
6319827
6319829
6319855
6319857
6319977
6320163
6320165
6320297
6320325
6320396
6320398
6320399
6320466
6320777
6320783
6320797
6320798
6320808
6320810
6320900
6320902
6320917
6320918
6320981
6320989
6320991
6321055
6321057
6321058
6321068
6321070
6321127
6321129
6321130
6321131
6321230
6321240
6321242
6321304
6321305
6321329
6321331
6321405
6321407
6321424
6321425
6321666
6321668
6321751
6321876
6322253
6322257
6322258
6322521
6322719
6322723
6322879
6322880
6322887
6323777
6323779
6324013
6324015
6324016
6324145
6324147
6324392
6324797
6324799
6325197
6325199
6325289
6325767
6325769
6326255
6326257
6326686
6326688
6327027
6327029
6327350
6327352
6327673
6327675
6327996
6327998
6328319
6328321
6328735
6328737
6329148
6329150
6329472
6329474
6329757
6330142
6330907
6331022
6331023
6331024
6331034
6331045
6331056
6331058
6331063
6331065
6331098
6331100
6331106
6331108
6331113
6331115
6331120
6331122
6331127
6331129
6331134
6331136
6331545
6331547
6331868
6331870
6332049
6332051
6332052
6332155
6332156
6332422
6332424
6333600
6333652
6333654
6333696
6333698
6333704
6333706
6333785
6333787
6333937
6333955
6333956
6334155
6334384
6334388
6334569
6334573
6335903
6335904
6336523
6336800
6336802
6337123
6337125
6337433
6337435
6337844
6337846
6338131
6338133
6338670
6338672
6338853
6338855
6338856
6339021
6339023
6339024
6339437
6339439
6339727
6339729
6339730
6339933
6339935
6339936
6340183
6340185
6340425
6340427
6340748
6340750
6341073
6341075
6341392
6341394
6341715
6341717
6341864
6341866
6342166
6342168
6342489
6342491
6342812
6342814
6342945
6342947
6343148
6343150
6343151
6343173
6343175
6343477
6343479
6343604
6343607
6343654
6343655
6343656
6343657
6343658
6343659
6343660
6343661
6343662
6344014
6344016
6344311
6344313
6344803
6344805
6345126
6345128
6345449
6345451
6345622
6345624
6346140
6348959
6348961
6349483
6349484
6349485
6349486
6349487
6350393
6352590
6352757
6352758
6352759
6352760
6352768
6353488
6353490
6355187
6355189
6355202
6355204
6356858
6357000
6357001
6357003
6357004
6365249
6365250
6365251
6365625
6365626
6367996
6369236
6369239
6369296
6371477
6371479
6373016
6373294
6373775
6373777
6374125
6374127
6374341
6374859
6375201
6375250
6375253
6375262
6375265
6376559
6376593
6376595
6376596
6376607
6376618
6376679
6376680
6376681
6376751
6376760
6376762
6376892
6376899
6376901
6376957
6376960
6376966
6376968
6377037
6377039
6377040
6377072
6377088
6377089
6377122
6377123
6377124
6377281
6377547
6377551
6377688
6377891
6378338
6378342
6378572
6378576
6378921
6378923
6379244
6379246
6379585
6379587
6379908
6379910
6380231
6380233
6380414
6380416
6380417
6380530
6380532
6380691
6380693
6380694
6380923
6380925
6380926
6380927
6382541
6382542
6383012
6383013
6383064
6383066
6383338
6383340
6383463
6383558
6383724
6383726
6383851
6384400
6384402
6384527
6384833
6384835
6384960
6385157
6385159
6385420
6385422
6385775
6385776
6385968
6385970
6386292
6386294
6386615
6386617
6386938
6386940
6387261
6387263
6387584
6387586
6387907
6387909
6388230
6388232
6388571
6388573
6388698
6388699
6388700
6388704
6388836
6388838
6388839
6389275
6389277
6389598
6389600
6389921
6389923
6390128
6390130
6392138
6392140
6392819
6392821
6392894
6392896
6393029
6393030
6393243
6393247
6396650
6396668
6396696
6396814
6396816
6396843
6396845
6396851
6396853
6396880
6396882
6396888
6396890
6396896
6396898
6396904
6396906
6397084
6397085
6397087
6397088
6397450
6397452
6397525
6397529
6397537
6397541
6397607
6397609
6397696
6397700
6397712
6397714
6397726
6397728
6397804
6397806
6397807
6401065
6401066
6401068
6401069
6402538
6402548
6402566
6402567
6402569
6402571
6402572
6402573
6402584
6402585
6402587
6402588
6403003
6403005
6404162
6404164
6405398
6405743
6405747
6406142
6406143
6406144
6406145
6408646
6408727
6408729
6409261
6409263
6409867
6411276
6411280
6411310
6412249
6412251
6412252
6416338
6416340
6416472
6416766
6416767
6416854
6416872
6416874
6416885
6416890
6416892
6417000
6417065
6417067
6417321
6417322
6418049
6418051
6419098
6419100
6419101
6419102
6419103
6420767
6421417
6421520
6421521
6421668
6421970
6421972
6422123
6422125
6422227
6422228
6422229
6422335
6422337
6422395
6422396
6422398
6422399
6422746
6422748
6422979
6423052
6423114
6423116
6423192
6423320
6423322
6423643
6423645
6423834
6423836
6424268
6424270
6424668
6424670
6425068
6425070
6425391
6425393
6425597
6425599
6425899
6425901
6426222
6426224
6426545
6426547
6426868
6426870
6427328
6427330
6427711
6427713
6427838
6428174
6428176
6428177
6428287
6428716
6429102
6429104
6429425
6429427
6429748
6429750
6430459
6430461
6431573
6431574
6431653
6432172
6432174
6432433
6432435
6432699
6432701
6432891
6432893
6432894
6433044
6433046
6433047
6433091
6433093
6433292
6433294
6433779
6433783
6433804
6434038
6434042
6434122
6434126
6434157
6434161
6434422
6434424
6435147
6435555
6435557
6435716
6436031
6436033
6436075
6436096
6436098
6436385
6436854
6436938
6436939
6436988
6436990
6436992
6436993
6437520
6437521
6437711
6437760
6437778
6439231
6439232
6439991
6439992
6440432
6440434
6440439
6440441
6440509
6440511
6440516
6440518
6440523
6440525
6440530
6440532
6440537
6440539
6440544
6440546
6440551
6440553
6441421
6441423
6441448
6441450
6441612
6441614
6441619
6441621
6441793
6441795
6441801
6441803
6441829
6441831
6441893
6441895
6441941
6441950
6441951
6442457
6442458
6442474
6442476
6442511
6442512
6442513
6442514
6442515
6442826
6442848
6442850
6442864
6442866
6442871
6442873
6442879
6442881
6443002
6443004
6443009
6443011
6443888
6444117
6444360
6444361
6444362
6444363
6444364
6444365
6444366
6444367
6444368
6444369
6444370
6444371
6444372
6444373
6444374
6445382
6445384
6445403
6445405
6445406
6445461
6445639
6445641
6445642
6445823
6446165
6446167
6446327
6446329
6447093
6447095
6447689
6447693
6448346
6448348
6448568
6448570
6448773
6448775
6448868
6448870
6449201
6449203
6449328
6449681
6449966
6449968
6450110
6450308
6450310
6450904
6450906
6450907
6451191
6451193
6451514
6451516
6451837
6451839
6452368
6452370
6452803
6452897
6452899
6453184
6453186
6453377
6453379
6453666
6453668
6454056
6454058
6454200
6454391
6454393
6456051
6456053
6456101
6456103
6456134
6456136
6456170
6456172
6456185
6456187
6456190
6456234
6456236
6456296
6456298
6456349
6456351
6456382
6456384
6456425
6456427
6456455
6456457
6456491
6456493
6456530
6456532
6456578
6456580
6456632
6456634
6456708
6456710
6456758
6456760
6456791
6456793
6456813
6456815
6456832
6456834
6456868
6456870
6457641
6458031
6458032
6458156
6458158
6458306
6458307
6458308
6458396
6458643
6458645
6459222
6459225
6459226
6459231
6459259
6461279
6461282
6461283
6461288
6461316
6461907
6463146
6463147
6463503
6463505
6466224
6466226
6466399
6466401
6466939
6466941
6466959
6468395
6468459
6468461
6468469
6468471
6468477
6468479
6468515
6468535
6468965
6469089
6469207
6469325
6469443
6469634
6469752
6470226
6472021
6472116
6472118
6472120
6472121
6472122
6472123
6472124
6472125
6472971
6474246
6475469
6475470
6476848
6476849
6477216
6477373
6479320
6479321
6479322
6479323
6479324
6479325
6479326
6479327
6479328
6479329
6479330
6479331
6479332
6479333
6479334
6479335
6479472
6479482
6479760
6479770
6480016
6480019
6480270
6480295
6480298
6481596
6481598
6481609
6481611
6481616
6481618
6481791
6481793
6481794
6482421
6482425
6482592
6482596
6482947
6482951
6482952
6483063
6483666
6484336
6485066
6485070
6485508
6485717
6486835
6487320
6487321
6487323
6487325
6487530
6487531
6487532
6487533
6487534
6487535
6487593
6487804
6487808
6487809
6487810
6488155
6491369
6491373
6491825
6491948
6492071
6492194
6492317
6492440
6495566
6495570
6495739
6495743
6508157
6508452
6511669
6512201
6512205
6512795
6512820
6512821
6512823
6514190
6514623
6514747
6514749
6516983
6516985
6517023
6517025
6517063
6517065
6517103
6517105
6517174
6517176
6517213
6517215
6517255
6517257
6517297
6517299
6517330
6517332
6517372
6517374
6517405
6517407
6517447
6517449
6517792
6517794
6517813
6517815
6517823
6517825
6517833
6517835
6517843
6517845
6517853
6517855
6517863
6517865
6518386
6518509
6518511
6518512
6518520
6518547
6518566
6518690
6518692
6518703
6518869
6518871
6518872
6518926
6518928
6518929
6519046
6519066
6519068
6519089
6519091
6519117
6519119
6519143
6519145
6519273
6519275
6519327
6520001
6520003
6520213
6520215
6520382
6520384
6520398
6520400
6520414
6520416
6520430
6520432
6520454
6520456
6520479
6520481
6520532
6520534
6520656
6520678
6520680
6520701
6520703
6520724
6520726
6520748
6520750
6521483
6521485
6521709
6521711
6522737
6522830
6522853
6523253
6523255
6523806
6524776
6525577
6527591
6527626
6527656
6527687
6527688
6528577
6528579
6528582
6528815
6528844
6529147
6529149
6529150
6529160
6529162
6529209
6529211
6529212
6529221
6529223
6529275
6529277
6529278
6529288
6529290
6529336
6529338
6529339
6533375
6533377
6533628
6533630
6533741
6533743
6534274
6534282
6534286
6534349
6534351
6534856
6534858
6534909
6534911
6534985
6534987
6535029
6535031
6535073
6535075
6535117
6535119
6535161
6535163
6535312
6535314
6536031
6536167
6536169
6536366
6536368
6536572
6536574
6536599
6536601
6536998
6537002
6537103
6537107
6546231
6546234
6546335
6546338
6547152
6547155
6547256
6547259
6548488
6549411
6550994
6550996
6550997
6551607
6551609
6551708
6551710
6551831
6551833
6551852
6551854
6551923
6551925
6551944
6551946
6551965
6551967
6551986
6551988
6552007
6552009
6552181
6552183
6552202
6552204
6552248
6552249
6552252
6552258
6552273
6552288
6552290
6552309
6552311
6552330
6552332
6552351
6552353
6552482
6552484
6552592
6552594
6552613
6552615
6552695
6552697
6552716
6552718
6552737
6552739
6552758
6552760
6552779
6552781
6552833
6552835
6552854
6552856
6552934
6552936
6552955
6552957
6552976
6552978
6552997
6552999
6553018
6553020
6553071
6553073
6553092
6553094
6553174
6553176
6553195
6553197
6553216
6553218
6553237
6553239
6553258
6553260
6553310
6553312
6553331
6553333
6553376
6553378
6553397
6553399
6553418
6553420
6553439
6553441
6553460
6553462
6553520
6553522
6553541
6553543
6553596
6553599
6553620
6553622
6553647
6553649
6553674
6553676
6553732
6553734
6553747
6553749
6553768
6553770
6553789
6553791
6553810
6553812
6553831
6553833
6553884
6553886
6553899
6553901
6553920
6553922
6554002
6554005
6554026
6554028
6554047
6554049
6554068
6554070
6554095
6554097
6554185
6554187
6554206
6554208
6554227
6554229
6554248
6554250
6554269
6554271
6554290
6554292
6554311
6554313
6554389
6554391
6554410
6554412
6554431
6554433
6554452
6554454
6554473
6554475
6554529
6554531
6554550
6554552
6554770
6554772
6554791
6554793
6554812
6554814
6554833
6554835
6554854
6554856
6554911
6554913
6554932
6554934
6554953
6554955
6554974
6554976
6554995
6554997
6555016
6555018
6555037
6555039
6555094
6555096
6555115
6555117
6555136
6555138
6555157
6555159
6555178
6555180
6555199
6555201
6555259
6555261
6555314
6555316
6555317
6555333
6555335
6555336
6555758
6556770
6556772
6556773
6556783
6556785
6556836
6556838
6556839
6556849
6556851
6556902
6556904
6556905
6556914
6556916
6556967
6556969
6556970
6556980
6556982
6558083
6558085
6558086
6558095
6558097
6558146
6558148
6558149
6558158
6558160
6558209
6558211
6558212
6558221
6558223
6558272
6558274
6558275
6558284
6558286
6558335
6558337
6558338
6558347
6558349
6558398
6558400
6558401
6558410
6558412
6558461
6558463
6558464
6558473
6558475
6558524
6558526
6558527
6558536
6558538
6558587
6558589
6558590
6558599
6558601
6558652
6558654
6558655
6558664
6558666
6558717
6558719
6558720
6558729
6558731
6558782
6558784
6558785
6558794
6558796
6558847
6558849
6558850
6558859
6558861
6558912
6558914
6558915
6558924
6558926
6558977
6558979
6558980
6558989
6558991
6559042
6559044
6559045
6559054
6559056
6559065
6559066
6559068
6559069
6559094
6559096
6561164
6561191
6561192
6561282
6561309
6561984
6562010
6562152
6562154
6562155
6562308
6565562
6565564
6565621
6565623
6565680
6565682
6565739
6565741
6565759
6565761
6567722
6567724
6567777
6567779
6568514
6568516
6568580
6568582
6568701
6568703
6568767
6568769
6568888
6568890
6568954
6568956
6569075
6569077
6569141
6569143
6569262
6569264
6569328
6569330
6569449
6569451
6569465
6569467
6569481
6569483
6569497
6569499
6569513
6569515
6569535
6569537
6569551
6569553
6569573
6569575
6569589
6569591
6569643
6569645
6569697
6569699
6569751
6569753
6569809
6569811
6569828
6569830
6569844
6569846
6569861
6569863
6569872
6569874
6570842
6570844
6570845
6570855
6570857
6573304
6573306
6573325
6573327
6573360
6573427
6573429
6573488
6573490
6573731
6573733
6573795
6573797
6573859
6573861
6573917
6573919
6573975
6573977
6574039
6574041
6574103
6574105
6574161
6574163
6574219
6574221
6574283
6574285
6574347
6574349
6574405
6574407
6574463
6574465
6574527
6574529
6574591
6574593
6574649
6574651
6574707
6574709
6574771
6574774
6574836
6574838
6574894
6574896
6574952
6574954
6575016
6575018
6575080
6575082
6575138
6575140
6575196
6575198
6575260
6575262
6575324
6575326
6575382
6575384
6575440
6575442
6575504
6575506
6575568
6575570
6575626
6575628
6575684
6575686
6575748
6575750
6575812
6575815
6575904
6575906
6575968
6575970
6576032
6576034
6576087
6576090
6576146
6576148
6576595
6580168
6580170
6580191
6580193
6580217
6580219
6580243
6580245
6580290
6580292
6580337
6580339
6580363
6580365
6580389
6580391
6580436
6580438
6580483
6580485
6580509
6580511
6580535
6580537
6580582
6580584
6580629
6580631
6580655
6580657
6580681
6580683
6580728
6580730
6580775
6580777
6580801
6580803
6580827
6580829
6580874
6580876
6580921
6580923
6580947
6580949
6580973
6580975
6581020
6581022
6581067
6581069
6581093
6581095
6581119
6581121
6581166
6581168
6581213
6581215
6581239
6581241
6581265
6581267
6581312
6581314
6581359
6581361
6581385
6581387
6581411
6581413
6581458
6581460
6581505
6581507
6581531
6581533
6581557
6581559
6581604
6581606
6581946
6582246
6583865
6583867
6583888
6583890
6583918
6583920
6584050
6584052
6584420
6587697
6587699
6587730
6587781
6587783
6587849
6587851
6587852
6587862
6587864
6587928
6587930
6588003
6588005
6588265
6588267
6588371
6588373
6588477
6588479
6591088
6591090
6591091
6591109
6591111
6592679
6592681
6592695
6592697
6592706
6592708
6592892
6592896
6592945
6593088
6593090
6593173
6593175
6593269
6593271
6593301
6593303
6593333
6593335
6593399
6593401
6593402
6593461
6593463
6593464
6593474
6593476
6593527
6593529
6593530
6593540
6593542
6593593
6593595
6593596
6593606
6593608
6597921
6597948
6597949
6600682
6600684
6600742
6600744
6600802
6600804
6600862
6600864
6601852
6601854
6601882
6601884
6602076
6602078
6602142
6602144
6602207
6602209
6602272
6602274
6602382
6602384
6602385
6602395
6602397
6602448
6602450
6602451
6602461
6602463
6603111
6603113
6603270
6603274
6606346
6606348
6606397
6606399
6606442
6606444
6606487
6606489
6606551
6607529
6607531
6607593
6607595
6607657
6607659
6607721
6607723
6607785
6607787
6607849
6607851
6607913
6607915
6607977
6607979
6608041
6608043
6608105
6608107
6608169
6608171
6608223
6608225
6608287
6608289
6608351
6608353
6608386
6608388
6608450
6608452
6609392
6609394
6609497
6609499
6609602
6609604
6609662
6609664
6609722
6609724
6609786
6609788
6609850
6609852
6609914
6609916
6609978
6609980
6610042
6610044
6610106
6610108
6610170
6610172
6610234
6610236
6610298
6610300
6610362
6610364
6610427
6610429
6610491
6610493
6610555
6610557
6610673
6610675
6610783
6610785
6610786
6610796
6610798
6611605
6611791
6611793
6611807
6611809
6611908
6611910
6612169
6612171
6612254
6612256
6612320
6612322
6612459
6612461
6612479
6612481
6612494
6612496
6612525
6612722
6612917
6612919
6613016
6613018
6614311
6614313
6614357
6614359
6614401
6614403
6614435
6614437
6614463
6614465
6615239
6617245
6617256
6617369
6617371
6617421
6617423
6617473
6617475
6617525
6617527
6619386
6619795
6619797
6619810
6619812
6619897
6619899
6619960
6619962
6620164
6620166
6620318
6620320
6620472
6620474
6620626
6620628
6620749
6620751
6620872
6620874
6620951
6620953
6621030
6621032
6621109
6621111
6622097
6622223
6622225
6622314
6622316
6622364
6622366
6622420
6622422
6622647
6622649
6622732
6622734
6622966
6622968
6623030
6623032
6625364
6625676
6625678
6625745
6625747
6625851
6625853
6625940
6625942
6627731
6627733
6627795
6627835
6629334
6629408
6629466
6629467
6629966
6629974
6629983
6629991
6630002
6630010
6630019
6630027
6630031
6630032
6630033
6630034
6630035
6630036
6630037
6630038
6630877
6630880
6630895
6630897
6631994
6631996
6632020
6632024
6632054
6632056
6632081
6632085
6632115
6632117
6632142
6632146
6632176
6632178
6632203
6632207
6632237
6632239
6632258
6632262
6632292
6632294
6632319
6632323
6632353
6632355
6632380
6632384
6632414
6632416
6632441
6632445
6632477
6635712
6635714
6635772
6635774
6635832
6635834
6635889
6635891
6635949
6635951
6636009
6636011
6636030
6636032
6637911
6637916
6637990
6637996
6638346
6638352
6638859
6638861
6638907
6638909
6638955
6638957
6639003
6639005
6639051
6639053
6639099
6639101
6639151
6639153
6639168
6639170
6639179
6639181
6639188
6639190
6639214
6639216
6639240
6639242
6639266
6639268
6639846
6639848
6639899
6639901
6639945
6639947
6639966
6639968
6643122
6643124
6643204
6643206
6643281
6643283
6643529
6643533
6643534
6643798
6643800
6643831
6643833
6643842
6643844
6643851
6643853
6643935
6643937
6643971
6643973
6644035
6644037
6644119
6644121
6644203
6644205
6644287
6644289
6644371
6644373
6645237
6645239
6645309
6645311
6645357
6645359
6645405
6645407
6645453
6645455
6645495
6645497
6645534
6645536
6645573
6645575
6645619
6645621
6648732
6649177
6649179
6649239
6649241
6649295
6649297
6649356
6649358
6649406
6649408
6649461
6649463
6649504
6649507
6650186
6650188
6650224
6650226
6650261
6650263
6650277
6650279
6650293
6650295
6650309
6650311
6650325
6650327
6650341
6650343
6650357
6650359
6650373
6650375
6650389
6650391
6650405
6650407
6650421
6650423
6650437
6650439
6650453
6650455
6650469
6650471
6650485
6650487
6650501
6650503
6650517
6650519
6650533
6650535
6650549
6650551
6650565
6650567
6650581
6650583
6650597
6650599
6650613
6650615
6650629
6650631
6650664
6650666
6650674
6650676
6650724
6650726
6650740
6650742
6650756
6650758
6650772
6650774
6650788
6650790
6650804
6650806
6650820
6650822
6650836
6650838
6650852
6650854
6650868
6650870
6650884
6650886
6652984
6652986
6652987
6652994
6652996
6653017
6653019
6653241
6653243
6653265
6653267
6653596
6653598
6653697
6653699
6653772
6653774
6653874
6653876
6654255
6654257
6654258
6654277
6654279
6654291
6654293
6654418
6654420
6654421
6654440
6654442
6654454
6654456
6654510
6654512
6654513
6654523
6654525
6656703
6656712
6656713
6658179
6658185
6658353
6658678
6658689
6659324
6659326
6660219
6660221
6660241
6660246
6660359
6660361
6660484
6660489
6660508
6661927
6662894
6662899
6663090
6664586
6664588
6666034
6666036
6668460
6668461
6668779
6668783
6668809
6668811
6668812
6668825
6668827
6668828
6669474
6669476
6669477
6669484
6669486
6670433
6670435
6670516
6670518
6670520
6670522
6670524
6670526
6670528
6670530
6670532
6670534
6670536
6670538
6670540
6670544
6670545
6670546
6670547
6670548
6670549
6670550
6670551
6670552
6670553
6670554
6670555
6670556
6670629
6670631
6671183
6671721
6671723
6671724
6671733
6671735
6671786
6671788
6671789
6671798
6671800
6671851
6671853
6671854
6671863
6671865
6671916
6671918
6671919
6671928
6671930
6671981
6671983
6671984
6671993
6671995
6672043
6672045
6672046
6676086
6676088
6676126
6676128
6679429
6679433
6680097
6680101
6680599
6680705
6680707
6680708
6680722
6680724
6680782
6680784
6680841
6680843
6680900
6680902
6680932
6680934
6680989
6680991
6681030
6681032
6681087
6681089
6681145
6681147
6681192
6681194
6683455
6683457
6683482
6683484
6683795
6683797
6683807
6683809
6684113
6684115
6684171
6684173
6687842
6687844
6687875
6687877
6687896
6687898
6687917
6687919
6687994
6687996
6688027
6688029
6688048
6688050
6688069
6688071
6688139
6688141
6688172
6688174
6688193
6688195
6688214
6688216
6688290
6688292
6688323
6688325
6688344
6688346
6688365
6688367
6690849
6690912
6690914
6690915
6691528
6691530
6691621
6691623
6691676
6691678
6691731
6691733
6691789
6691791
6691844
6691846
6691899
6691901
6691954
6691956
6692009
6692011
6692078
6692080
6692147
6692149
6692216
6692218
6692285
6692287
6692354
6692356
6692423
6692425
6692492
6692494
6692561
6692563
6692621
6692623
6692682
6692684
6692743
6692745
6692804
6692806
6692983
6692985
6693237
6694219
6694221
6694235
6694237
6694251
6694253
6694298
6694300
6694314
6694316
6694342
6694344
6694370
6694372
6694392
6694394
6694408
6694410
6694424
6694426
6694440
6694442
6694456
6694458
6694472
6694474
6694488
6694490
6694504
6694506
6694520
6694522
6694536
6694538
6694552
6694554
6694568
6694570
6694591
6694593
6694600
6694602
6694605
6694632
6694709
6694711
6694761
6694763
6694809
6694811
6694830
6694832
6694852
6694854
6694874
6694876
6695291
6695293
6695356
6695358
6695421
6695423
6695486
6695488
6695551
6695553
6695616
6695619
6695682
6695684
6695747
6695749
6695812
6695814
6695877
6695879
6695943
6695945
6696008
6696010
6696073
6696075
6696139
6696141
6696204
6696206
6696269
6696271
6696344
6696346
6696417
6696419
6697927
6697929
6697953
6697955
6698017
6698019
6698081
6698083
6698145
6698147
6698209
6698211
6698273
6698275
6698337
6698339
6698386
6698388
6698450
6698452
6698515
6698517
6700619
6700621
6700720
6700722
6700723
6702085
6702090
6702652
6702654
6702724
6702726
6702797
6702799
6702870
6702872
6702944
6702946
6703017
6703019
6704641
6704643
6704657
6704659
6704725
6704727
6704748
6704750
6704772
6704774
6704797
6704799
6704822
6704824
6704847
6704849
6704872
6704874
6704897
6704899
6966480
7006979
7084358
7084360
7084362
7084364
7084366
7084368
7084370
7084372
7084374
7084376
7084378
7084380
7084382
7084386
7084387
7084388
7084389
7084390
7084391
7084392
7084393
7084394
7084395
7084396
7084397
7084398
7084480
7084482
7084484
7084486
7084488
7084490
7084492
7084494
7084496
7084498
7084500
7084502
7084504
7084511
7084512
7084513
7084514
7084515
7084516
7084517
7084518
7084519
7084520
7084521
7084522
7084523
7086621
7086623
7086692
7086694
7087666
7087668
7087737
7087739
7089347
7089349
7089392
7089394
7089560
7089562
7089632
7089634
7089668
7089670
7089692
7089694
7089766
7089768
7089928
7089942
7090092
7090352
7090354
7090373
7090375
7090394
7090396
7090415
7090417
7090436
7090438
7090457
7090459
7090478
7090480
7090499
7090501
7090520
7090522
7090541
7090543
7090562
7090564
7090583
7090585
7090604
7090606
7090625
7090627
7090646
7090648
7090667
7090669
7090688
7090690
7090709
7090711
7090730
7090732
7090751
7090753
7090772
7090774
7090793
7090795
7090814
7090816
7090835
7090837
7090910
7090912
7091186
7091188
7091207
7091209
7091228
7091230
7091249
7091251
7091270
7091272
7091291
7091293
7091312
7091314
7091333
7091335
7091354
7091356
7091375
7091377
7091396
7091398
7091417
7091419
7091438
7091440
7091459
7091461
7091480
7091482
7091501
7091503
7091522
7091524
7091543
7091545
7091564
7091566
7091585
7091587
7091606
7091608
7091627
7091629
7091648
7091650
7091723
7091725
7092000
7092002
7092021
7092023
7092042
7092044
7092063
7092065
7092084
7092086
7092105
7092107
7092126
7092128
7092147
7092149
7092168
7092170
7092189
7092191
7092210
7092212
7092231
7092233
7092252
7092254
7092273
7092275
7092294
7092296
7092315
7092317
7092336
7092338
7092357
7092359
7092378
7092380
7092399
7092401
7092420
7092422
7092441
7092443
7092462
7092464
7092483
7092485
7092504
7092506
7092525
7092527
7092546
7092548
7092567
7092569
7092588
7092590
7092609
7092611
7092630
7092632
7092651
7092653
7092672
7092674
7092693
7092695
7092708
7092710
7092729
7092731
7092750
7092752
7092771
7092773
7092792
7092794
7092813
7092815
7092834
7092836
7092855
7092857
7092876
7092878
7092897
7092899
7092918
7092920
7092998
7093000
7093019
7093021
7093040
7093042
7093061
7093063
7093082
7093084
7093103
7093105
7093124
7093126
7093145
7093147
7093166
7093168
7093187
7093189
7093208
7093210
7093229
7093231
7093250
7093252
7093271
7093273
7093292
7093294
7093313
7093315
7093334
7093336
7093355
7093357
7093376
7093378
7093397
7093399
7093418
7093420
7093439
7093441
7093460
7093462
7093481
7093483
7093502
7093504
7093523
7093525
7093544
7093546
7093565
7093567
7093586
7093588
7093607
7093609
7093628
7093630
7093649
7093651
7093670
7093672
7093691
7093693
7093712
7093714
7093733
7093735
7093754
7093756
7093775
7093777
7093796
7093798
7093817
7093819
7093838
7093840
7093859
7093861
7093880
7093882
7093901
7093903
7093922
7093924
7093943
7093945
7093964
7093966
7093985
7093987
7094006
7094008
7094027
7094029
7094048
7094050
7094069
7094071
7094090
7094092
7094111
7094113
7094132
7094134
7094153
7094155
7094174
7094176
7094195
7094197
7094216
7094218
7094237
7094239
7094258
7094260
7094279
7094281
7094300
7094302
7094321
7094323
7094342
7094344
7094363
7094365
7094384
7094386
7094405
7094407
7094426
7094428
7094447
7094449
7094468
7094470
7094489
7094491
7094510
7094512
7094531
7094533
7094552
7094554
7094573
7094575
7094594
7094596
7094615
7094617
7094636
7094638
7094657
7094659
7094678
7094680
7094699
7094701
7094720
7094722
7094741
7094743
7094762
7094764
7094783
7094785
7094804
7094806
7094825
7094827
7094846
7094848
7094867
7094869
7094888
7094890
7094909
7094911
7094930
7094932
7094951
7094953
7094972
7094974
7094993
7094995
7095014
7095016
7095035
7095037
7095056
7095058
7095077
7095079
7095098
7095100
7095119
7095121
7095140
7095142
7095161
7095163
7095182
7095184
7095203
7095205
7095224
7095226
7095245
7095247
7095266
7095268
7095287
7095289
7095308
7095310
7095329
7095331
7095350
7095352
7095371
7095373
7095392
7095394
7095413
7095415
7095434
7095436
7095455
7095457
7095476
7095478
7095497
7095499
7095518
7095520
7095539
7095541
7095560
7095562
7095581
7095583
7095602
7095604
7095623
7095625
7095644
7095646
7095665
7095667
7095686
7095688
7095707
7095709
7095728
7095730
7095749
7095751
7095770
7095772
7095791
7095793
7095812
7095814
7095833
7095835
7095866
7095868
7095887
7095889
7095908
7095910
7095929
7095931
7095950
7095952
7095971
7095973
7096004
7096006
7096025
7096027
7096046
7096048
7096067
7096069
7096088
7096090
7096109
7096111
7096130
7096132
7096151
7096153
7096172
7096174
7096193
7096195
7096214
7096216
7096235
7096237
7096256
7096258
7096277
7096279
7096298
7096300
7096319
7096321
7096340
7096342
7096361
7096363
7096382
7096384
7096403
7096405
7096424
7096426
7096445
7096447
7096466
7096468
7096487
7096489
7096508
7096510
7096529
7096531
7096550
7096552
7096571
7096573
7096592
7096594
7096613
7096615
7096634
7096636
7096655
7096657
7096676
7096678
7096697
7096699
7096718
7096720
7096739
7096741
7096760
7096762
7096781
7096783
7096802
7096804
7096823
7096825
7096844
7096846
7096865
7096867
7096886
7096888
7096907
7096909
7096928
7096930
7096949
7096951
7096970
7096972
7096991
7096993
7097012
7097014
7097033
7097035
7097054
7097056
7097075
7097077
7097096
7097098
7097117
7097119
7097138
7097140
7097159
7097161
7097180
7097182
7097201
7097203
7097222
7097224
7097243
7097245
7097264
7097266
7097285
7097287
7097306
7097308
7097327
7097329
7097348
7097350
7097369
7097371
7097390
7097392
7097411
7097413
7097432
7097434
7097453
7097455
7097474
7097476
7097495
7097497
7097516
7097518
7097537
7097539
7097558
7097560
7097579
7097581
7097600
7097602
7097621
7097623
7097642
7097644
7097663
7097665
7097684
7097686
7097705
7097707
7097726
7097728
7097747
7097749
7097768
7097770
7097789
7097791
7097810
7097812
7097831
7097833
7097852
7097854
7097873
7097875
7097900
7097902
7097921
7097923
7097942
7097944
7097963
7097965
7097984
7097986
7098005
7098007
7098026
7098028
7098047
7098049
7098068
7098070
7098089
7098091
7098110
7098112
7098131
7098133
7098152
7098154
7098173
7098175
7098194
7098196
7098215
7098217
7098236
7098238
7098257
7098259
7098278
7098280
7098299
7098301
7098320
7098322
7098341
7098343
7098362
7098364
7098383
7098385
7098404
7098406
7098425
7098427
7098446
7098448
7098467
7098469
7098488
7098490
7098509
7098511
7098530
7098532
7098551
7098553
7098572
7098574
7098593
7098595
7098614
7098616
7098635
7098637
7098656
7098658
7098677
7098679
7098704
7098706
7098725
7098727
7098746
7098748
7098767
7098769
7098788
7098790
7098809
7098811
7098830
7098832
7098857
7098859
7098878
7098880
7098899
7098901
7098920
7098922
7098941
7098943
7098962
7098964
7098983
7098985
7099004
7099006
7099025
7099027
7099046
7099048
7099067
7099069
7099088
7099090
7099109
7099111
7099130
7099132
7099151
7099153
7099172
7099174
7099193
7099195
7099214
7099216
7099235
7099237
7099256
7099258
7099277
7099279
7099298
7099300
7099319
7099321
7099340
7099342
7099361
7099363
7099382
7099384
7099403
7099405
7099424
7099426
7099445
7099447
7099466
7099468
7099487
7099489
7099508
7099510
7099529
7099531
7099550
7099552
7099571
7099573
7099592
7099594
7099613
7099615
7099634
7099636
7099655
7099657
7099676
7099678
7099697
7099699
7099718
7099720
7099739
7099741
7099760
7099762
7099781
7099783
7099802
7099804
7099823
7099825
7099844
7099846
7099865
7099867
7099886
7099888
7099907
7099909
7099928
7099930
7099949
7099951
7099970
7099972
7099991
7099993
7100012
7100014
7100033
7100035
7100054
7100056
7100075
7100077
7100096
7100098
7100117
7100119
7100138
7100140
7100159
7100161
7100180
7100182
7100201
7100203
7100222
7100224
7100243
7100245
7100264
7100266
7100285
7100287
7100306
7100308
7100327
7100329
7100348
7100350
7100369
7100371
7100390
7100392
7100411
7100413
7100432
7100434
7100453
7100455
7100474
7100476
7100495
7100497
7100516
7100518
7100537
7100539
7100558
7100560
7100579
7100581
7100600
7100602
7100621
7100623
7100642
7100644
7100663
7100665
7100684
7100686
7100705
7100707
7100726
7100728
7100747
7100749
7100768
7100770
7100789
7100791
7100810
7100812
7100831
7100833
7100852
7100854
7100873
7100875
7100894
7100896
7100915
7100917
7100936
7100938
7100957
7100959
7100978
7100980
7100999
7101001
7101020
7101022
7101041
7101043
7101062
7101064
7101083
7101085
7101104
7101106
7101125
7101127
7101146
7101148
7101167
7101169
7101188
7101190
7101209
7101211
7101230
7101232
7101251
7101253
7101272
7101274
7101293
7101295
7101314
7101316
7101335
7101337
7101356
7101358
7101377
7101379
7101398
7101400
7101419
7101421
7101440
7101442
7101461
7101463
7101482
7101484
7101503
7101505
7101524
7101526
7101545
7101547
7101566
7101568
7101587
7101589
7101608
7101610
7101629
7101631
7101650
7101652
7101671
7101673
7101692
7101694
7101713
7101715
7101734
7101736
7101755
7101757
7101776
7101778
7101797
7101799
7101818
7101820
7101839
7101841
7101860
7101862
7101881
7101883
7101902
7101904
7101923
7101925
7101944
7101946
7101965
7101967
7101986
7101988
7102007
7102009
7102028
7102030
7102049
7102051
7102070
7102072
7102091
7102093
7102112
7102114
7102133
7102135
7102154
7102156
7102175
7102177
7102196
7102198
7102217
7102219
7102238
7102240
7102259
7102261
7102280
7102282
7102301
7102303
7102322
7102324
7102343
7102345
7102364
7102366
7102385
7102387
7102406
7102408
7102427
7102429
7102448
7102450
7102469
7102471
7102490
7102492
7102511
7102513
7102532
7102534
7102553
7102555
7102574
7102576
7102595
7102597
7102616
7102618
7102637
7102639
7102658
7102660
7102679
7102681
7102700
7102702
7102727
7102729
7102748
7102750
7102769
7102771
7102790
7102792
7102811
7102813
7102832
7102834
7102853
7102855
7102874
7102876
7102895
7102897
7102916
7102918
7102937
7102939
7102958
7102960
7102979
7102981
7103000
7103002
7103021
7103023
7103042
7103044
7103063
7103065
7103084
7103086
7103105
7103107
7103126
7103128
7103147
7103149
7103168
7103170
7103189
7103191
7103210
7103212
7103231
7103233
7103252
7103254
7103279
7103281
7103300
7103302
7103321
7103323
7103342
7103344
7103363
7103365
7103384
7103386
7103405
7103407
7103426
7103428
7103447
7103449
7103468
7103470
7103489
7103491
7103510
7103512
7103531
7103533
7103552
7103554
7103573
7103575
7103594
7103596
7103615
7103617
7103636
7103638
7103663
7103665
7103684
7103686
7103705
7103707
7103726
7103728
7103747
7103749
7103768
7103770
7103789
7103791
7103810
7103812
7103831
7103833
7103852
7103854
7103873
7103875
7103894
7103896
7103915
7103917
7103936
7103938
7103957
7103959
7103978
7103980
7103999
7104001
7104020
7104022
7104041
7104043
7104062
7104064
7104083
7104085
7104104
7104106
7104125
7104127
7104146
7104148
7104173
7104175
7104194
7104196
7104215
7104217
7104236
7104238
7104257
7104259
7104278
7104280
7104299
7104301
7104320
7104322
7104341
7104343
7104362
7104364
7104383
7104385
7104404
7104406
7104425
7104427
7104446
7104448
7104467
7104469
7104488
7104490
7104509
7104511
7104530
7104532
7104551
7104553
7104572
7104574
7104593
7104595
7104614
7104616
7104635
7104637
7104656
7104658
7104677
7104679
7104698
7104700
7104725
7104727
7104746
7104748
7104767
7104769
7104794
7104796
7104815
7104817
7104836
7104838
7104857
7104859
7104878
7104880
7104899
7104901
7104920
7104922
7104941
7104943
7104962
7104964
7104983
7104985
7105004
7105006
7105025
7105027
7105046
7105048
7105067
7105069
7105088
7105090
7105109
7105111
7105130
7105132
7105151
7105153
7105172
7105174
7105193
7105195
7105214
7105216
7105235
7105237
7105256
7105258
7105277
7105279
7105298
7105300
7105319
7105321
7105340
7105342
7105361
7105363
7105382
7105384
7105403
7105405
7105424
7105426
7105445
7105447
7105466
7105468
7105487
7105489
7105508
7105510
7105529
7105531
7105550
7105552
7105571
7105573
7105592
7105594
7105613
7105615
7105634
7105636
7105655
7105657
7105676
7105678
7105697
7105699
7105718
7105720
7105739
7105741
7105760
7105762
7105781
7105783
7105802
7105804
7105823
7105825
7105844
7105846
7105865
7105867
7105886
7105888
7105907
7105909
7105928
7105930
7105949
7105951
7105970
7105972
7105991
7105993
7106012
7106014
7106033
7106035
7106054
7106056
7106075
7106077
7106096
7106098
7106117
7106119
7106138
7106140
7106159
7106161
7106180
7106182
7106201
7106203
7106222
7106224
7106243
7106245
7106264
7106266
7106285
7106287
7106306
7106308
7106327
7106329
7106348
7106350
7106369
7106371
7106390
7106392
7106411
7106413
7106432
7106434
7106453
7106455
7106474
7106476
7106495
7106497
7106516
7106518
7106537
7106539
7106558
7106560
7106579
7106581
7106600
7106602
7106621
7106623
7106642
7106644
7106663
7106665
7106684
7106686
7106705
7106707
7106726
7106728
7106747
7106749
7106768
7106770
7106789
7106791
7106810
7106812
7106831
7106833
7106852
7106854
7106873
7106875
7106894
7106896
7106915
7106917
7106936
7106938
7106957
7106959
7106978
7106980
7106999
7107001
7107020
7107022
7107041
7107043
7107062
7107064
7107161
7107163
7107182
7107184
7107203
7107205
7107224
7107226
7107245
7107247
7107266
7107268
7107287
7107289
7107308
7107310
7107329
7107331
7107350
7107352
7107371
7107373
7107392
7107394
7107413
7107415
7107434
7107436
7107455
7107457
7107476
7107478
7107497
7107499
7107518
7107520
7107539
7107541
7107560
7107562
7107581
7107583
7107602
7107604
7107623
7107625
7107644
7107646
7107665
7107667
7107686
7107688
7107707
7107709
7107728
7107730
7107749
7107751
7107770
7107772
7107791
7107793
7107812
7107814
7107833
7107835
7107854
7107856
7107875
7107877
7107896
7107898
7107917
7107919
7107938
7107940
7107959
7107961
7107980
7107982
7108001
7108003
7108022
7108024
7108043
7108045
7108064
7108066
7108085
7108087
7108106
7108108
7108127
7108129
7108148
7108150
7108169
7108171
7108190
7108192
7108211
7108213
7108232
7108234
7108253
7108255
7108274
7108276
7108295
7108297
7108316
7108318
7108337
7108339
7108358
7108360
7108379
7108381
7108400
7108402
7108421
7108423
7108442
7108444
7108463
7108465
7108484
7108486
7108505
7108507
7108526
7108528
7108547
7108549
7108568
7108570
7108589
7108591
7108610
7108612
7108631
7108633
7108652
7108654
7108673
7108675
7108694
7108696
7108715
7108717
7108736
7108738
7108757
7108759
7108778
7108780
7108799
7108801
7108820
7108822
7108841
7108843
7108862
7108864
7108883
7108885
7108904
7108906
7108925
7108927
7108946
7108948
7108967
7108969
7108988
7108990
7109009
7109011
7109030
7109032
7109051
7109053
7109072
7109074
7109093
7109095
7109114
7109116
7109135
7109137
7109156
7109158
7109177
7109179
7109198
7109200
7109219
7109221
7109240
7109242
7109261
7109263
7109282
7109284
7109303
7109305
7109324
7109326
7109345
7109347
7109366
7109368
7109387
7109389
7109408
7109410
7109429
7109431
7109450
7109452
7109471
7109473
7109492
7109494
7109513
7109515
7109534
7109536
7109555
7109557
7109576
7109578
7109597
7109599
7109618
7109620
7109639
7109641
7109660
7109662
7109681
7109683
7109702
7109704
7109723
7109725
7109744
7109746
7109765
7109767
7109786
7109788
7109807
7109809
7109828
7109830
7109849
7109851
7109870
7109872
7109891
7109893
7109912
7109914
7109933
7109935
7109954
7109956
7109975
7109977
7109996
7109998
7110017
7110019
7110038
7110040
7110059
7110061
7110080
7110082
7110101
7110103
7110122
7110124
7110143
7110145
7110164
7110166
7110185
7110187
7110206
7110208
7110227
7110229
7110248
7110250
7110269
7110271
7110290
7110292
7110311
7110313
7110332
7110334
7110353
7110355
7110374
7110376
7110395
7110397
7110416
7110418
7110437
7110439
7110458
7110460
7110479
7110481
7110500
7110502
7110521
7110523
7110542
7110544
7110563
7110565
7110584
7110586
7110605
7110607
7110626
7110628
7110647
7110649
7110668
7110670
7110689
7110691
7110710
7110712
7110731
7110733
7110752
7110754
7110773
7110775
7110794
7110796
7110815
7110817
7110836
7110838
7110857
7110859
7110878
7110880
7110899
7110901
7110920
7110922
7110941
7110943
7110962
7110964
7110983
7110985
7111004
7111006
7111025
7111027
7111046
7111048
7111067
7111069
7111088
7111090
7111109
7111111
7111130
7111132
7111151
7111153
7111172
7111174
7111193
7111195
7111214
7111216
7111235
7111237
7111256
7111258
7111277
7111279
7111298
7111300
7111319
7111321
7111340
7111342
7111361
7111363
7111382
7111384
7111403
7111405
7111424
7111426
7111445
7111447
7111466
7111468
7111487
7111489
7111508
7111510
7111529
7111531
7111550
7111552
7111571
7111573
7111592
7111594
7111613
7111615
7111634
7111636
7111655
7111657
7111676
7111678
7111697
7111699
7111718
7111720
7111739
7111741
7111760
7111762
7111781
7111783
7111802
7111804
7111823
7111825
7111844
7111846
7111865
7111867
7111886
7111888
7111907
7111909
7111928
7111930
7111949
7111951
7111970
7111972
7111991
7111993
7112012
7112014
7112033
7112035
7112054
7112056
7112075
7112077
7112096
7112098
7112117
7112119
7112138
7112140
7112159
7112161
7112180
7112182
7112201
7112203
7112222
7112224
7112243
7112245
7112264
7112266
7112285
7112287
7112306
7112308
7112327
7112329
7112348
7112350
7112369
7112371
7112390
7112392
7112411
7112413
7112432
7112434
7112453
7112455
7112474
7112476
7112495
7112497
7112516
7112518
7112537
7112539
7112558
7112560
7112579
7112581
7112600
7112602
7112621
7112623
7112642
7112644
7112663
7112665
7112684
7112686
7112705
7112707
7112726
7112728
7112747
7112749
7112768
7112770
7112789
7112791
7112810
7112812
7112831
7112833
7112852
7112854
7112873
7112875
7112894
7112896
7112915
7112917
7112936
7112938
7112957
7112959
7112978
7112980
7112999
7113001
7113020
7113022
7113041
7113043
7113062
7113064
7113083
7113085
7113104
7113106
7113125
7113127
7113146
7113148
7113167
7113169
7113188
7113190
7113217
7113219
7113301
7113303
7113322
7113324
7113343
7113345
7113364
7113366
7113385
7113387
7113406
7113408
7113427
7113429
7113448
7113450
7113469
7113471
7113490
7113492
7113511
7113513
7113532
7113534
7113553
7113555
7113574
7113576
7113595
7113597
7113616
7113618
7113637
7113639
7113658
7113660
7113679
7113681
7113700
7113702
7113721
7113723
7113742
7113744
7113763
7113765
7113784
7113786
7113805
7113807
7113826
7113828
7113847
7113849
7113868
7113870
7113889
7113891
7113910
7113912
7113931
7113933
7113952
7113954
7113973
7113975
7113994
7113996
7114015
7114017
7114036
7114038
7114057
7114059
7114078
7114080
7114099
7114101
7114120
7114122
7114141
7114143
7114162
7114164
7114183
7114185
7114204
7114206
7114225
7114227
7114246
7114248
7114267
7114269
7114288
7114290
7114309
7114311
7114330
7114332
7114351
7114353
7114372
7114374
7114393
7114395
7114414
7114416
7114435
7114437
7114456
7114458
7114477
7114479
7114498
7114500
7114519
7114521
7114540
7114542
7114561
7114563
7114582
7114584
7114603
7114605
7114624
7114626
7114645
7114647
7114666
7114668
7114687
7114689
7114708
7114710
7114729
7114731
7114750
7114752
7114771
7114773
7114792
7114794
7114813
7114815
7114834
7114836
7114855
7114857
7114876
7114878
7114897
7114899
7114918
7114920
7114939
7114941
7114960
7114962
7114981
7114983
7115002
7115004
7115023
7115025
7115044
7115046
7115065
7115067
7115086
7115088
7115107
7115109
7115128
7115130
7115149
7115151
7115170
7115172
7115191
7115193
7115212
7115214
7115233
7115235
7115254
7115256
7115275
7115277
7115296
7115298
7115317
7115319
7115338
7115340
7115359
7115361
7115380
7115382
7115401
7115403
7115422
7115424
7115443
7115445
7115464
7115466
7115485
7115487
7115506
7115508
7115527
7115529
7115548
7115550
7115569
7115571
7115590
7115592
7115611
7115613
7115632
7115634
7115653
7115655
7115674
7115676
7115695
7115697
7115716
7115718
7115737
7115739
7115758
7115760
7115779
7115781
7115800
7115802
7115821
7115823
7115842
7115844
7115863
7115865
7115884
7115886
7115905
7115907
7115926
7115928
7115947
7115949
7115968
7115970
7115989
7115991
7116010
7116012
7116031
7116033
7116052
7116054
7116073
7116075
7116094
7116096
7116115
7116117
7116136
7116138
7116157
7116159
7116178
7116180
7116199
7116201
7116220
7116222
7116241
7116243
7116262
7116264
7116283
7116285
7116304
7116306
7116325
7116327
7116346
7116348
7116367
7116369
7116388
7116390
7116409
7116411
7116430
7116432
7116451
7116453
7116472
7116474
7116493
7116495
7116514
7116516
7116535
7116537
7116556
7116558
7116577
7116579
7116598
7116600
7116619
7116621
7116640
7116642
7116661
7116663
7116682
7116684
7116703
7116705
7116724
7116726
7116745
7116747
7116766
7116768
7116787
7116789
7116808
7116810
7116829
7116831
7116850
7116852
7116871
7116873
7116892
7116894
7116913
7116915
7116934
7116936
7116961
7116963
7116982
7116984
7117003
7117005
7117024
7117026
7117045
7117047
7117066
7117068
7117087
7117089
7117108
7117110
7117129
7117131
7117150
7117152
7117171
7117173
7117192
7117194
7117213
7117215
7117234
7117236
7117255
7117257
7117276
7117278
7117297
7117299
7117318
7117320
7117339
7117341
7117360
7117362
7117381
7117383
7117402
7117404
7117423
7117425
7117444
7117446
7117465
7117467
7117486
7117488
7117507
7117509
7117528
7117530
7117549
7117551
7117570
7117572
7117591
7117593
7117612
7117614
7117633
7117635
7117654
7117656
7117675
7117677
7117696
7117698
7117717
7117719
7117738
7117740
7117759
7117761
7117780
7117782
7117801
7117803
7117822
7117824
7117843
7117845
7117864
7117866
7117885
7117887
7117906
7117908
7117927
7117929
7117948
7117950
7117969
7117971
7117990
7117992
7118011
7118013
7118032
7118034
7118053
7118055
7118074
7118076
7118095
7118097
7118116
7118118
7118137
7118139
7118158
7118160
7118179
7118181
7118200
7118202
7118221
7118223
7118242
7118244
7118263
7118265
7118284
7118286
7118305
7118307
7118326
7118328
7118347
7118349
7118368
7118370
7118389
7118391
7118410
7118412
7118431
7118433
7118452
7118454
7118473
7118475
7118494
7118496
7118515
7118517
7118536
7118538
7118557
7118559
7118578
7118580
7118599
7118601
7118620
7118622
7118641
7118643
7118662
7118664
7118683
7118685
7118704
7118706
7118725
7118727
7118746
7118748
7118767
7118769
7118788
7118790
7118809
7118811
7118830
7118832
7118851
7118853
7118872
7118874
7118893
7118895
7118914
7118916
7118935
7118937
7118956
7118958
7118977
7118979
7118998
7119000
7119019
7119021
7119040
7119042
7119061
7119063
7119082
7119084
7119103
7119105
7119124
7119126
7119145
7119147
7119166
7119168
7119187
7119189
7119208
7119210
7119229
7119231
7119250
7119252
7119271
7119273
7119292
7119294
7119313
7119315
7119334
7119336
7119355
7119357
7119376
7119378
7119397
7119399
7119418
7119420
7119439
7119441
7119460
7119462
7119481
7119483
7119502
7119504
7119523
7119525
7119544
7119546
7119565
7119567
7119586
7119588
7119607
7119609
7119628
7119630
7119649
7119651
7119670
7119672
7119691
7119693
7119712
7119714
7119733
7119735
7119754
7119756
7119775
7119777
7119796
7119798
7119817
7119819
7119838
7119840
7119859
7119861
7119880
7119882
7119901
7119903
7119922
7119924
7119943
7119945
7119964
7119966
7119985
7119987
7120006
7120008
7120027
7120029
7120048
7120050
7120069
7120071
7120090
7120092
7120111
7120113
7120132
7120134
7120153
7120155
7120174
7120176
7120195
7120197
7120216
7120218
7120237
7120239
7120258
7120260
7120279
7120281
7120300
7120302
7120321
7120323
7120342
7120344
7120363
7120365
7120384
7120386
7120405
7120407
7120426
7120428
7120447
7120449
7120468
7120470
7120489
7120491
7120510
7120512
7120531
7120533
7120552
7120554
7120573
7120575
7120594
7120596
7120615
7120617
7120636
7120638
7120657
7120659
7120678
7120680
7120699
7120701
7120720
7120722
7120741
7120743
7120762
7120764
7120783
7120785
7120804
7120806
7120825
7120827
7120846
7120848
7120867
7120869
7120888
7120890
7120909
7120911
7120930
7120932
7120951
7120953
7120972
7120974
7120993
7120995
7121014
7121016
7121035
7121037
7121056
7121058
7121077
7121079
7121098
7121100
7121119
7121121
7121140
7121142
7121161
7121163
7121182
7121184
7121203
7121205
7121224
7121226
7121245
7121247
7121266
7121268
7121310
7121312
7121331
7121333
7121352
7121354
7121373
7121375
7121394
7121396
7121415
7121417
7121436
7121438
7121457
7121459
7121478
7121480
7121499
7121501
7121520
7121522
7121541
7121543
7121562
7121564
7121583
7121585
7121604
7121606
7121625
7121627
7121646
7121648
7121667
7121669
7121688
7121690
7121709
7121711
7121730
7121732
7121751
7121753
7121772
7121774
7121793
7121795
7121814
7121816
7121835
7121837
7121856
7121858
7121877
7121879
7121898
7121900
7121919
7121921
7121940
7121942
7121961
7121963
7121982
7121984
7122003
7122005
7122024
7122026
7122045
7122047
7122066
7122068
7122087
7122089
7122108
7122110
7122129
7122131
7122150
7122152
7122171
7122173
7122192
7122194
7122213
7122215
7122234
7122236
7122255
7122257
7122276
7122278
7122297
7122299
7122318
7122320
7122339
7122341
7122360
7122362
7122381
7122383
7122402
7122404
7122423
7122425
7122444
7122446
7122465
7122467
7122486
7122488
7122507
7122509
7122528
7122530
7122549
7122551
7122570
7122572
7122591
7122593
7122612
7122614
7122633
7122635
7122654
7122656
7122675
7122677
7122696
7122698
7122717
7122719
7122738
7122740
7122759
7122761
7122780
7122782
7122801
7122803
7122822
7122824
7122843
7122845
7122864
7122866
7122885
7122887
7122906
7122908
7122927
7122929
7122948
7122950
7122969
7122971
7122990
7122992
7123011
7123013
7123032
7123034
7123053
7123055
7123074
7123076
7123095
7123097
7123116
7123118
7123137
7123139
7123158
7123160
7123179
7123181
7123200
7123202
7123221
7123223
7123242
7123244
7123263
7123265
7123284
7123286
7123305
7123307
7123326
7123328
7123347
7123349
7123368
7123370
7123389
7123391
7123410
7123412
7123431
7123433
7123452
7123454
7123473
7123475
7123494
7123496
7123515
7123517
7123536
7123538
7123557
7123559
7123578
7123580
7123599
7123601
7123620
7123622
7123641
7123643
7123662
7123664
7123683
7123685
7123704
7123706
7123725
7123727
7123746
7123748
7123767
7123769
7123788
7123790
7123809
7123811
7123836
7123838
7123857
7123859
7123878
7123880
7123899
7123901
7123920
7123922
7123941
7123943
7123962
7123964
7123983
7123985
7124004
7124006
7124025
7124027
7124046
7124048
7124067
7124069
7124088
7124090
7124109
7124111
7124130
7124132
7124151
7124153
7124172
7124174
7124193
7124195
7124214
7124216
7124235
7124237
7124256
7124258
7124277
7124279
7124298
7124300
7124319
7124321
7124340
7124342
7124361
7124363
7124382
7124384
7124403
7124405
7124424
7124426
7124445
7124447
7124466
7124468
7124487
7124489
7124508
7124510
7124529
7124531
7124550
7124552
7124571
7124573
7124592
7124594
7124613
7124615
7124640
7124642
7124667
7124669
7124694
7124696
7124715
7124717
7124736
7124738
7124757
7124759
7124778
7124780
7124799
7124801
7124820
7124822
7124841
7124843
7124862
7124864
7124883
7124885
7124904
7124906
7124925
7124927
7124946
7124948
7124967
7124969
7124988
7124990
7125009
7125011
7125030
7125032
7125051
7125053
7125072
7125074
7125093
7125095
7125114
7125116
7125135
7125137
7125156
7125158
7125177
7125179
7125198
7125200
7125219
7125221
7125240
7125242
7125261
7125263
7125282
7125284
7125303
7125305
7125324
7125326
7125345
7125347
7125366
7125368
7125387
7125389
7125408
7125410
7125429
7125431
7125450
7125452
7125471
7125473
7125492
7125494
7125513
7125515
7125534
7125536
7125555
7125557
7125576
7125578
7125597
7125599
7125618
7125620
7125639
7125641
7125660
7125662
7125681
7125683
7125702
7125704
7125723
7125725
7125744
7125746
7125765
7125767
7125786
7125788
7125807
7125809
7125828
7125830
7125849
7125851
7125870
7125872
7125891
7125893
7125912
7125914
7125933
7125935
7125954
7125956
7125975
7125977
7125996
7125998
7126017
7126019
7126038
7126040
7126059
7126061
7126080
7126082
7126101
7126103
7126122
7126124
7126143
7126145
7126164
7126166
7126185
7126187
7126206
7126208
7126227
7126229
7126248
7126250
7126269
7126271
7126290
7126292
7126311
7126313
7126332
7126334
7126353
7126355
7126374
7126376
7126395
7126397
7126416
7126418
7126437
7126439
7126458
7126460
7126479
7126481
7126500
7126502
7126521
7126523
7126542
7126544
7126563
7126565
7126584
7126586
7126605
7126607
7126626
7126628
7126647
7126649
7126668
7126670
7126689
7126691
7126710
7126712
7126731
7126733
7126752
7126754
7126773
7126775
7126794
7126796
7126815
7126817
7126836
7126838
7126857
7126859
7126878
7126880
7126899
7126901
7126920
7126922
7126941
7126943
7126962
7126964
7126983
7126985
7127004
7127006
7127025
7127027
7127046
7127048
7127067
7127069
7127088
7127090
7127109
7127111
7127130
7127132
7127151
7127153
7127172
7127174
7127193
7127195
7127214
7127216
7127235
7127237
7127280
7127282
7127301
7127303
7127322
7127324
7127343
7127345
7127364
7127366
7127385
7127387
7127406
7127408
7127427
7127429
7127448
7127450
7127469
7127471
7127490
7127492
7127511
7127513
7127532
7127534
7127553
7127555
7127574
7127576
7127595
7127597
7127616
7127618
7127637
7127639
7127658
7127660
7127679
7127681
7127700
7127702
7127721
7127723
7127742
7127744
7127763
7127765
7127784
7127786
7127805
7127807
7127826
7127828
7127847
7127849
7127868
7127870
7127889
7127891
7127910
7127912
7127931
7127933
7127952
7127954
7127973
7127975
7127994
7127996
7128015
7128017
7128036
7128038
7128057
7128059
7128078
7128080
7128099
7128101
7128120
7128122
7128141
7128143
7128162
7128164
7128183
7128185
7128204
7128206
7128225
7128227
7128246
7128248
7128267
7128269
7128288
7128290
7128309
7128311
7128330
7128332
7128351
7128353
7128372
7128374
7128393
7128395
7128414
7128416
7128435
7128437
7128456
7128458
7128477
7128479
7128498
7128500
7128519
7128521
7128540
7128542
7128561
7128563
7128582
7128584
7128603
7128605
7128624
7128626
7128645
7128647
7128666
7128668
7128687
7128689
7128708
7128710
7128729
7128731
7128750
7128752
7128771
7128773
7128792
7128794
7128813
7128815
7128834
7128836
7128855
7128857
7128876
7128878
7128897
7128899
7128918
7128920
7128939
7128941
7128960
7128962
7128981
7128983
7129002
7129004
7129023
7129025
7129044
7129046
7129071
7129073
7129092
7129094
7129113
7129115
7129134
7129136
7129155
7129157
7129176
7129178
7129197
7129199
7129218
7129220
7129239
7129241
7129260
7129262
7129281
7129283
7129302
7129304
7129323
7129325
7129344
7129346
7129365
7129367
7129386
7129388
7129407
7129409
7129428
7129430
7129449
7129451
7129470
7129472
7129491
7129493
7129512
7129514
7129533
7129535
7129554
7129556
7129575
7129577
7129596
7129598
7129617
7129619
7129638
7129640
7129659
7129661
7129680
7129682
7129701
7129703
7129722
7129724
7129743
7129745
7129764
7129766
7129785
7129787
7129806
7129808
7129827
7129829
7129848
7129850
7129869
7129871
7129890
7129892
7129911
7129913
7129932
7129934
7129953
7129955
7129974
7129976
7129995
7129997
7130016
7130018
7130037
7130039
7130058
7130060
7130079
7130081
7130100
7130102
7130121
7130123
7130142
7130144
7130163
7130165
7130184
7130186
7130205
7130207
7130226
7130228
7130247
7130249
7130268
7130270
7130289
7130291
7130310
7130312
7130331
7130333
7130352
7130354
7130373
7130375
7130394
7130396
7130415
7130417
7130436
7130438
7130457
7130459
7130478
7130480
7130499
7130501
7130520
7130522
7130541
7130543
7130562
7130564
7130583
7130585
7130604
7130606
7130625
7130627
7130646
7130648
7130667
7130669
7130688
7130690
7130709
7130711
7130730
7130732
7130751
7130753
7130772
7130774
7130793
7130795
7130814
7130816
7130835
7130837
7130856
7130858
7130877
7130879
7130898
7130900
7130919
7130921
7130940
7130942
7130961
7130963
7130982
7130984
7131003
7131005
7131024
7131026
7131045
7131047
7131066
7131068
7131087
7131089
7131108
7131110
7131129
7131131
7131150
7131152
7131171
7131173
7131192
7131194
7131213
7131215
7131234
7131236
7131255
7131257
7131276
7131278
7131297
7131299
7131318
7131320
7131339
7131341
7131360
7131362
7131381
7131383
7131402
7131404
7131423
7131425
7131444
7131446
7131465
7131467
7131486
7131488
7131507
7131509
7131528
7131530
7131549
7131551
7131570
7131572
7131591
7131593
7131612
7131614
7131633
7131635
7131654
7131656
7131675
7131677
7131696
7131698
7131717
7131719
7131738
7131740
7131759
7131761
7131780
7131782
7131801
7131803
7131822
7131824
7131843
7131845
7131864
7131866
7131885
7131887
7131906
7131908
7131927
7131929
7131948
7131950
7131969
7131971
7131990
7131992
7132011
7132013
7132032
7132034
7132053
7132055
7132074
7132076
7132095
7132097
7132116
7132118
7132137
7132139
7132158
7132160
7132179
7132181
7132200
7132202
7132221
7132223
7132242
7132244
7132263
7132265
7132284
7132286
7132305
7132307
7132326
7132328
7132347
7132349
7132368
7132370
7132389
7132391
7132410
7132412
7132431
7132433
7132452
7132454
7132473
7132475
7132494
7132496
7132515
7132517
7132536
7132538
7132557
7132559
7132578
7132580
7132599
7132601
7132620
7132622
7132641
7132643
7132662
7132664
7132683
7132685
7132704
7132706
7132725
7132727
7132746
7132748
7132767
7132769
7132788
7132790
7132809
7132811
7132830
7132832
7132851
7132853
7132872
7132874
7132893
7132895
7132914
7132916
7132935
7132937
7132956
7132958
7132977
7132979
7132998
7133000
7133019
7133021
7133040
7133042
7133061
7133063
7133088
7133090
7133109
7133111
7133130
7133132
7133151
7133153
7133172
7133174
7133193
7133195
7133214
7133216
7133235
7133237
7133256
7133258
7133277
7133279
7133298
7133300
7133319
7133321
7133340
7133342
7133361
7133363
7133382
7133384
7133403
7133405
7133424
7133426
7133445
7133447
7133466
7133468
7133487
7133489
7133508
7133510
7133529
7133531
7133550
7133552
7133571
7133573
7133592
7133594
7133613
7133615
7133634
7133636
7133655
7133657
7133682
7133684
7133703
7133705
7133724
7133726
7133745
7133747
7133766
7133768
7133787
7133789
7133808
7133810
7133829
7133831
7133850
7133852
7133871
7133873
7133892
7133894
7133913
7133915
7133934
7133936
7133955
7133957
7133976
7133978
7133997
7133999
7134018
7134020
7134039
7134041
7134060
7134062
7134081
7134083
7134102
7134104
7134123
7134125
7134144
7134146
7134165
7134167
7134186
7134188
7134207
7134209
7134228
7134230
7134249
7134251
7134270
7134272
7134291
7134293
7134312
7134314
7134333
7134335
7134354
7134356
7134375
7134377
7134396
7134398
7134417
7134419
7134438
7134440
7134459
7134461
7134480
7134482
7134501
7134503
7134522
7134524
7134543
7134545
7134564
7134566
7134585
7134587
7134606
7134608
7134627
7134629
7134648
7134650
7134669
7134671
7134690
7134692
7134711
7134713
7134732
7134734
7134753
7134755
7134774
7134776
7134795
7134797
7134816
7134818
7134837
7134839
7134858
7134860
7134879
7134881
7134900
7134902
7134921
7134923
7134942
7134944
7134963
7134965
7134984
7134986
7135005
7135007
7135026
7135028
7135047
7135049
7135068
7135070
7135089
7135091
7135110
7135112
7135131
7135133
7135152
7135154
7135173
7135175
7135253
7135255
7135274
7135276
7135295
7135297
7135316
7135318
7135337
7135339
7135358
7135360
7135379
7135381
7135400
7135402
7135421
7135423
7135442
7135444
7135463
7135465
7135484
7135486
7135505
7135507
7135526
7135528
7135547
7135549
7135568
7135570
7135589
7135591
7135610
7135612
7135631
7135633
7135652
7135654
7135673
7135675
7135694
7135696
7135715
7135717
7135742
7135744
7135763
7135765
7135784
7135786
7135805
7135807
7135826
7135828
7135847
7135849
7135868
7135870
7135889
7135891
7135910
7135912
7135937
7135939
7135958
7135960
7135979
7135981
7136000
7136002
7136021
7136023
7136042
7136044
7136063
7136065
7136084
7136086
7136105
7136107
7136126
7136128
7136147
7136149
7136168
7136170
7136189
7136191
7136210
7136212
7136231
7136233
7136252
7136254
7136273
7136275
7136294
7136296
7136315
7136317
7136336
7136338
7136357
7136359
7136390
7136392
7136411
7136413
7136432
7136434
7136453
7136455
7136474
7136476
7136495
7136497
7136516
7136518
7136537
7136539
7136558
7136560
7136579
7136581
7136600
7136602
7136621
7136623
7136642
7136644
7136663
7136665
7136684
7136686
7136705
7136707
7136726
7136728
7136747
7136749
7136768
7136770
7136789
7136791
7136810
7136812
7136831
7136833
7136852
7136854
7136873
7136875
7136894
7136896
7136915
7136917
7136936
7136938
7136957
7136959
7136978
7136980
7136999
7137001
7137020
7137022
7137041
7137043
7137062
7137064
7137083
7137085
7137104
7137106
7137125
7137127
7137146
7137148
7137167
7137169
7137188
7137190
7137209
7137211
7137230
7137232
7137251
7137253
7137272
7137274
7137293
7137295
7137314
7137316
7137335
7137337
7137356
7137358
7137377
7137379
7137398
7137400
7137419
7137421
7137440
7137442
7137461
7137463
7137482
7137484
7137503
7137505
7137524
7137526
7137545
7137547
7137566
7137568
7137587
7137589
7137614
7137616
7137635
7137637
7137656
7137658
7137677
7137679
7137698
7137700
7137719
7137721
7137740
7137742
7137761
7137763
7137782
7137784
7137803
7137805
7137824
7137826
7137845
7137847
7137866
7137868
7137887
7137889
7137908
7137910
7137929
7137931
7137950
7137952
7137971
7137973
7137992
7137994
7138013
7138015
7138034
7138036
7138055
7138057
7138076
7138078
7138097
7138099
7138118
7138120
7138139
7138141
7138160
7138162
7138181
7138183
7138202
7138204
7138223
7138225
7138244
7138246
7138265
7138267
7138286
7138288
7138307
7138309
7138328
7138330
7138349
7138351
7138370
7138372
7138391
7138393
7138412
7138414
7138433
7138435
7138454
7138456
7138475
7138477
7138496
7138498
7138517
7138519
7138538
7138540
7138559
7138561
7138580
7138582
7138601
7138603
7138622
7138624
7138643
7138645
7138664
7138666
7138685
7138687
7138706
7138708
7138727
7138729
7138748
7138750
7138769
7138771
7138790
7138792
7138811
7138813
7138832
7138834
7138853
7138855
7138874
7138876
7138895
7138897
7138916
7138918
7138937
7138939
7138958
7138960
7138979
7138981
7139000
7139002
7139021
7139023
7139042
7139044
7139063
7139065
7139084
7139086
7139105
7139107
7139126
7139128
7139147
7139149
7139168
7139170
7139189
7139191
7139210
7139212
7139231
7139233
7139252
7139254
7139273
7139275
7139294
7139296
7139315
7139317
7139336
7139338
7139357
7139359
7139378
7139380
7139399
7139401
7139420
7139422
7139441
7139443
7139462
7139464
7139483
7139485
7139504
7139506
7139525
7139527
7139546
7139548
7139567
7139569
7139588
7139590
7139609
7139611
7139630
7139632
7139651
7139653
7139672
7139674
7139693
7139695
7139714
7139716
7139735
7139737
7139756
7139758
7139777
7139779
7139798
7139800
7139819
7139821
7139840
7139842
7139861
7139863
7139882
7139884
7139903
7139905
7139924
7139926
7139945
7139947
7139966
7139968
7139987
7139989
7140008
7140010
7140029
7140031
7140050
7140052
7140071
7140073
7140092
7140094
7140113
7140115
7140134
7140136
7140155
7140157
7140176
7140178
7140197
7140199
7140218
7140220
7140239
7140241
7140260
7140262
7140281
7140283
7140302
7140304
7140323
7140325
7140344
7140346
7140365
7140367
7140386
7140388
7140407
7140409
7140428
7140430
7140449
7140451
7140470
7140472
7140491
7140493
7140512
7140514
7140533
7140535
7140554
7140556
7140575
7140577
7140596
7140598
7140617
7140619
7140638
7140640
7140659
7140661
7140680
7140682
7140701
7140703
7140722
7140724
7140743
7140745
7140764
7140766
7140785
7140787
7140806
7140808
7140827
7140829
7140848
7140850
7140869
7140871
7140890
7140892
7140911
7140913
7140932
7140934
7140953
7140955
7140974
7140976
7140995
7140997
7141016
7141018
7141037
7141039
7141058
7141060
7141079
7141081
7141100
7141102
7141121
7141123
7141142
7141144
7141169
7141171
7141190
7141192
7141211
7141213
7141232
7141234
7141253
7141255
7141274
7141276
7141295
7141297
7141316
7141318
7141337
7141339
7141358
7141360
7141379
7141381
7141400
7141402
7141421
7141423
7141442
7141444
7141463
7141465
7141484
7141486
7141505
7141507
7141526
7141528
7141547
7141549
7141568
7141570
7141589
7141591
7141610
7141612
7141631
7141633
7141652
7141654
7141673
7141675
7141694
7141696
7141715
7141717
7141736
7141738
7141757
7141759
7141778
7141780
7141799
7141801
7141820
7141822
7141841
7141843
7141862
7141864
7141883
7141885
7141904
7141906
7141925
7141927
7141946
7141948
7141967
7141969
7141988
7141990
7142009
7142011
7142030
7142032
7142051
7142053
7142072
7142074
7142093
7142095
7142114
7142116
7142135
7142137
7142156
7142158
7142177
7142179
7142198
7142200
7142219
7142221
7142240
7142242
7142261
7142263
7142282
7142284
7142303
7142305
7142324
7142326
7142345
7142347
7142366
7142368
7142387
7142389
7142408
7142410
7142429
7142431
7142450
7142452
7142471
7142473
7142492
7142494
7142513
7142515
7142534
7142536
7142555
7142557
7142576
7142578
7142597
7142599
7142618
7142620
7142639
7142641
7142660
7142662
7142681
7142683
7142702
7142704
7142723
7142725
7142744
7142746
7142765
7142767
7142786
7142788
7142807
7142809
7142828
7142830
7142849
7142851
7142870
7142872
7142891
7142893
7142912
7142914
7142933
7142935
7142954
7142956
7142975
7142977
7142996
7142998
7143017
7143019
7143038
7143040
7143059
7143061
7143080
7143082
7143101
7143103
7143122
7143124
7143143
7143145
7143164
7143166
7143185
7143187
7143206
7143208
7143227
7143229
7143274
7143276
7143295
7143297
7143316
7143318
7143337
7143339
7143358
7143360
7143379
7143381
7143400
7143402
7143421
7143423
7143442
7143444
7143463
7143465
7143484
7143486
7143505
7143507
7143526
7143528
7143547
7143549
7143562
7143564
7143583
7143585
7143610
7143612
7143631
7143633
7143652
7143654
7143673
7143675
7143694
7143696
7143715
7143717
7143736
7143738
7143757
7143759
7143778
7143780
7143799
7143801
7143820
7143822
7143841
7143843
7143862
7143864
7143883
7143885
7143904
7143906
7143925
7143927
7143946
7143948
7143967
7143969
7143988
7143990
7144009
7144011
7144030
7144032
7144051
7144053
7144072
7144074
7144093
7144095
7144114
7144116
7144135
7144137
7144156
7144158
7144177
7144179
7144198
7144200
7144219
7144221
7144240
7144242
7144261
7144263
7144282
7144284
7144303
7144305
7144324
7144326
7144345
7144347
7144366
7144368
7144387
7144389
7144408
7144410
7144429
7144431
7144450
7144452
7144471
7144473
7144492
7144494
7144513
7144515
7144534
7144536
7144555
7144557
7144576
7144578
7144597
7144599
7144618
7144620
7144639
7144641
7144660
7144662
7144681
7144683
7144702
7144704
7144723
7144725
7144744
7144746
7144765
7144767
7144786
7144788
7144807
7144809
7144828
7144830
7144849
7144851
7144870
7144872
7144891
7144893
7144912
7144914
7144933
7144935
7144954
7144956
7144975
7144977
7144996
7144998
7145017
7145019
7145038
7145040
7145059
7145061
7145080
7145082
7145101
7145103
7145122
7145124
7145143
7145145
7145164
7145166
7145185
7145187
7145206
7145208
7145227
7145229
7145248
7145250
7145269
7145271
7145290
7145292
7145311
7145313
7145332
7145334
7145353
7145355
7145374
7145376
7145395
7145397
7145416
7145418
7145437
7145439
7145458
7145460
7145479
7145481
7145500
7145502
7145521
7145523
7145542
7145544
7145563
7145565
7145584
7145586
7145605
7145607
7145626
7145628
7145647
7145649
7145668
7145670
7145689
7145691
7145710
7145712
7145731
7145733
7145752
7145754
7145773
7145775
7145794
7145796
7145815
7145817
7145836
7145838
7145857
7145859
7145878
7145880
7145899
7145901
7145920
7145922
7145941
7145943
7145962
7145964
7145983
7145985
7146004
7146006
7146025
7146027
7146046
7146048
7146067
7146069
7146088
7146090
7146109
7146111
7146130
7146132
7146151
7146153
7146172
7146174
7146193
7146195
7146214
7146216
7146235
7146237
7146256
7146258
7146277
7146279
7146298
7146300
7146319
7146321
7146340
7146342
7146361
7146363
7146382
7146384
7146403
7146405
7146424
7146426
7146445
7146447
7146466
7146468
7146487
7146489
7146508
7146510
7146529
7146531
7146550
7146552
7146571
7146573
7146592
7146594
7146613
7146615
7146634
7146636
7146655
7146657
7146676
7146678
7146697
7146699
7146718
7146720
7146739
7146741
7146760
7146762
7146781
7146783
7146808
7146810
7146829
7146831
7146850
7146852
7146871
7146873
7146892
7146894
7146913
7146915
7146934
7146936
7146955
7146957
7146976
7146978
7146997
7146999
7147018
7147020
7147039
7147041
7147060
7147062
7147081
7147083
7147102
7147104
7147123
7147125
7147144
7147146
7147165
7147167
7147186
7147188
7147207
7147209
7147228
7147230
7147249
7147251
7147270
7147272
7147291
7147293
7147312
7147314
7147333
7147335
7147354
7147356
7147375
7147377
7147396
7147398
7147417
7147419
7147438
7147440
7147459
7147461
7147480
7147482
7147501
7147503
7147522
7147524
7147543
7147545
7147564
7147566
7147585
7147587
7147606
7147608
7147627
7147629
7147648
7147650
7147669
7147671
7147690
7147692
7147711
7147713
7147732
7147734
7147753
7147755
7147774
7147776
7147795
7147797
7147816
7147818
7147837
7147839
7147858
7147860
7147879
7147881
7147900
7147902
7147921
7147923
7147942
7147944
7147963
7147965
7147984
7147986
7148005
7148007
7148026
7148028
7148047
7148049
7148068
7148070
7148089
7148091
7148110
7148112
7148131
7148133
7148152
7148154
7148173
7148175
7148194
7148196
7148215
7148217
7148236
7148238
7148257
7148259
7148278
7148280
7148299
7148301
7148320
7148322
7148341
7148343
7148362
7148364
7148383
7148385
7148404
7148406
7148425
7148427
7148446
7148448
7148467
7148469
7148488
7148490
7148509
7148511
7148530
7148532
7148551
7148553
7148572
7148574
7148593
7148595
7148614
7148616
7148635
7148637
7148656
7148658
7148677
7148679
7148698
7148700
7148719
7148721
7148740
7148742
7148761
7148763
7148782
7148784
7148803
7148805
7148824
7148826
7148845
7148847
7148866
7148868
7148887
7148889
7148908
7148910
7148929
7148931
7148950
7148952
7148971
7148973
7148992
7148994
7149013
7149015
7149034
7149036
7149055
7149057
7149076
7149078
7149103
7149105
7149124
7149126
7149145
7149147
7149166
7149168
7149187
7149189
7149208
7149210
7149229
7149231
7149250
7149252
7149303
7149305
7149324
7149326
7149345
7149347
7149366
7149368
7149387
7149389
7149408
7149410
7149429
7149431
7149450
7149452
7149471
7149473
7149492
7149494
7149513
7149515
7149534
7149536
7149555
7149557
7149576
7149578
7149597
7149599
7149618
7149620
7149633
7149635
7149648
7149650
7149669
7149671
7149690
7149692
7149711
7149713
7149732
7149734
7149753
7149755
7149774
7149776
7149795
7149797
7149816
7149818
7149837
7149839
7149858
7149860
7149879
7149881
7149900
7149902
7149921
7149923
7149942
7149944
7149963
7149965
7149984
7149986
7150005
7150007
7150026
7150028
7150047
7150049
7150068
7150070
7150089
7150091
7150110
7150112
7150131
7150133
7150152
7150154
7150173
7150175
7150194
7150196
7150215
7150217
7150236
7150238
7150257
7150259
7150278
7150280
7150299
7150301
7150320
7150322
7150341
7150343
7150362
7150364
7150389
7150391
7150410
7150412
7150431
7150433
7150458
7150460
7150479
7150481
7150494
7150496
7150515
7150517
7150536
7150538
7150557
7150559
7150578
7150580
7150599
7150601
7150620
7150622
7150641
7150643
7150662
7150664
7150683
7150685
7150704
7150706
7150725
7150727
7150746
7150748
7150767
7150769
7150788
7150790
7150809
7150811
7150830
7150832
7150851
7150853
7150872
7150874
7150893
7150895
7150914
7150916
7150935
7150937
7150956
7150958
7150977
7150979
7150998
7151000
7151019
7151021
7151040
7151042
7151061
7151063
7151082
7151084
7151103
7151105
7151124
7151126
7151145
7151147
7151166
7151168
7151187
7151189
7151208
7151210
7151229
7151231
7151250
7151252
7151271
7151273
7151292
7151294
7151313
7151315
7151334
7151336
7151355
7151357
7151376
7151378
7151397
7151399
7151418
7151420
7151439
7151441
7151460
7151462
7151481
7151483
7151502
7151504
7151523
7151525
7151544
7151546
7151565
7151567
7151586
7151588
7151607
7151609
7151628
7151630
7151649
7151651
7151670
7151672
7151691
7151693
7151712
7151714
7151733
7151735
7151754
7151756
7151775
7151777
7151796
7151798
7151817
7151819
7151838
7151840
7151859
7151861
7151880
7151882
7151901
7151903
7151922
7151924
7151943
7151945
7151964
7151966
7151985
7151987
7152006
7152008
7152027
7152029
7152048
7152050
7152069
7152071
7152090
7152092
7152111
7152113
7152132
7152134
7152153
7152155
7152174
7152176
7152195
7152197
7152216
7152218
7152237
7152239
7152258
7152260
7152279
7152281
7152300
7152302
7152321
7152323
7152342
7152344
7152363
7152365
7152384
7152386
7152405
7152407
7152426
7152428
7152447
7152449
7152468
7152470
7152489
7152491
7152510
7152512
7152531
7152533
7152552
7152554
7152573
7152575
7152594
7152596
7152615
7152617
7152636
7152638
7152657
7152659
7152678
7152680
7152699
7152701
7152720
7152722
7152741
7152743
7152762
7152764
7152783
7152785
7152804
7152806
7152825
7152827
7152846
7152848
7152867
7152869
7152888
7152890
7152909
7152911
7152930
7152932
7152951
7152953
7152972
7152974
7152993
7152995
7153014
7153016
7153035
7153037
7153056
7153058
7153077
7153079
7153098
7153100
7153119
7153121
7153140
7153142
7153161
7153163
7153182
7153184
7153203
7153205
7153224
7153226
7153245
7153247
7154265
7154292
7154293
7155543
7155547
7156767
7156795
7156989
7156991
7157155
7157159
7157361
7157365
7157390
7157396
7159238
7159241
7159688
7159690
7159691
7160249
7160250
7160251
7160252
7160253
7160254
7160255
7160256
7160257
7160258
7160259
7160260
7160261
7160262
7160263
7160264
7160265
7160266
7160267
7160268
7160269
7160270
7164581
7164585
7164781
7164783
7164813
7164815
7165412
7165414
7166751
7166753
7166783
7166785
7170612
7170613
7170614
7170615
7170616
7170685
7171521
7171523
7171524
7171578
7171580
7171581
7171640
7171642
7171643
7171653
7171655
7171706
7171708
7171709
7171719
7171721
7171772
7171774
7171775
7171785
7171787
7175539
7175541
7175738
7175759
7175761
7175772
7175774
7175789
7175791
7175840
7175842
7175843
7176095
7176097
7177435
7179608
7179610
7179974
7179976
7179977
7179986
7179988
7180039
7180041
7180042
7180052
7180054
7180105
7180107
7180108
7180117
7180119
7181279
7181281
7181282
7181291
7181293
7181299
7181301
7181324
7181326
7181349
7181351
7181374
7181376
7181399
7181401
7181424
7181426
7181449
7181451
7181474
7181476
7181499
7181501
7181524
7181526
7182153
7182157
7182204
7183414
7183429
7184042
7184044
7186964
7186968
7186970
7186975
7187055
7187057
7189189
7189191
7189218
7189220
7189239
7189241
7189294
7189296
7189297
7189298
7189351
7189353
7189354
7189413
7189415
7189416
7189417
7189746
7189748
7189749
7189803
7189805
7189806
7192316
7192318
7192365
7192367
7192414
7192416
7192463
7192465
7192512
7192514
7192561
7192563
7192610
7192612
7192659
7192661
7192708
7192710
7192757
7192759
7192806
7192808
7192855
7192857
7192932
7192934
7192981
7192983
7193030
7193032
7193089
7193091
7193138
7193140
7193227
7193229
7193316
7193318
7193376
7193378
7193436
7193438
7193496
7193498
7193556
7193558
7193616
7193618
7193666
7193668
7193716
7193718
7193776
7193778
7193836
7193838
7193896
7193898
7193956
7193958
7194016
7194018
7194076
7194078
7194136
7194138
7195764
7195777
7195950
7195963
7196137
7196150
7197055
7197068
7197241
7197254
7197792
7197805
7197979
7197992
7198166
7198179
7198414
7198416
7198459
7198486
7198487
7198515
7198517
7198619
7198621
7198716
7198718
7198740
7198742
7198832
7198865
7198934
7198936
7198989
7198991
7199044
7199046
7199085
7199087
7199127
7199129
7199185
7199187
7199224
7199226
7199279
7199281
7199370
7199372
7199428
7199430
7199483
7199485
7199538
7199540
7199597
7199599
7199661
7199663
7199720
7199722
7199778
7199780
7199836
7199838
7199894
7199896
7199952
7199954
7200010
7200012
7200068
7200070
7200127
7200129
7200185
7200187
7200243
7200245
7200301
7200303
7200359
7200361
7200417
7200419
7200475
7200477
7200533
7200535
7200591
7200593
7200649
7200651
7200707
7200709
7200775
7200777
7200843
7200845
7200911
7200913
7200979
7200981
7201047
7201049
7201091
7201093
7201161
7201163
7201232
7201234
7201300
7201302
7201368
7201370
7201437
7201439
7201505
7201507
7201549
7201551
7201617
7201619
7201685
7201687
7201753
7201755
7201821
7201823
7202448
7202450
7216466
7216468
7216523
7216525
7216579
7216581
7216660
7217350
7217357
7218022
7220300
7221445
7221447
7221461
7221463
7221521
7221523
7221541
7221543
7223296
7223298
7223804
7223806
7223811
7223838
7223863
7223865
7223866
7223875
7223877
7224290
7224292
7224502
7224504
7224526
7224528
7224534
7224536
7224782
7224792
7224793
7226615
7226617
7227511
7227516
7231018
7231580
7231597
7231608
7231610
7231611
7231693
7231695
7231850
7231852
7231998
7232000
7232146
7232148
7232294
7232296
7232502
7232504
7232650
7232652
7232798
7232800
7232946
7232948
7233094
7233096
7233242
7233244
7233390
7233392
7233537
7233539
7236125
7236127
7236176
7236178
7236260
7236262
7236276
7236278
7236292
7236294
7236308
7236310
7236324
7236326
7236340
7236342
7236356
7236358
7236372
7236374
7236388
7236390
7236404
7236406
7236420
7236422
7236436
7236438
7236452
7236454
7236468
7236470
7236484
7236486
7236500
7236502
7236516
7236518
7236532
7236534
7236548
7236550
7236564
7236566
7236580
7236582
7236596
7236598
7236612
7236614
7236628
7236630
7236644
7236646
7236660
7236662
7236676
7236678
7236692
7236694
7236708
7236710
7236724
7236726
7236740
7236742
7238198
7238385
7238387
7238422
7238424
7241120
7241122
7241167
7241169
7241183
7241185
7241205
7241207
7241258
7241260
7241619
7241621
7241635
7241637
7241995
7242020
7242021
7242022
7242023
7242029
7242030
7242189
7242191
7242192
7242253
7242255
7242267
7242269
7242604
7243249
7243596
7243608
7243628
7243630
7243636
7243638
7243644
7243646
7244506
7245172
7245192
7245963
7245965
7245966
7246330
7246332
7246335
7247111
7248290
7248293
7248298
7250505
7250514
7254281
7254284
7254366
7254374
7255355
7255357
7255770
7255772
7256026
7256030
7256225
7256229
7256403
7256407
7256606
7256610
7257170
7257195
7257197
7257205
7257261
7257265
7257273
7257275
7257308
7257310
7257311
7257312
7257421
7257628
7257632
7257928
7257932
7258104
7258108
7258296
7258300
7259557
7259559
7259560
7259567
7259569
7261535
7261539
7261556
7261558
7261566
7261568
7261581
7261583
7261596
7261598
7261599
7261784
7261788
7261926
7261953
7262117
7262149
7262165
7262516
7262687
7262691
7262692
7262695
7262835
7262885
7262918
7262936
7262967
7262983
7263017
7263033
7263060
7263076
7263103
7263119
7263145
7263161
7263177
7263206
7263222
7263255
7263708
7263735
7263751
7263782
7263798
7263823
7263824
7263827
7263883
7263884
7263886
7263887
7264310
7264786
7264788
7264997
7264999
7265012
7265014
7265044
7265046
7265061
7265063
7265355
7265357
7265426
7265428
7265494
7265496
7265559
7265561
7266749
7266751
7266809
7266811
7266869
7266871
7267284
7267286
7267299
7267301
7267315
7267317
7267318
7267319
7269951
7269996
7269998
7270020
7270022
7270044
7270046
7270068
7270070
7270092
7270094
7270116
7270118
7270183
7270185
7270186
7270195
7270197
7270200
7270222
7270224
7270229
7270293
7270295
7272518
7272868
7276891
7276914
7276916
7276922
7276924
7277689
7277690
7277921
7277925
7277931
7277933
7277983
7277985
7278301
7278807
7278809
7278972
7278976
7280128
7280901
7280903
7280904
7280909
7280932
7280934
7280989
7280990
7280991
7281267
7281269
7281299
7281301
7281367
7281369
7281370
7281572
7281601
7281606
7281621
7281646
7281649
7281702
7281727
7281734
7281758
7281760
7281761
7286081
7286083
7286349
7286351
7286921
7286926
7288576
7288578
7288691
7288693
7293910
7294018
7294020
7297816
7297818
7297830
7297832
7298406
7298408
7298514
7298516
7298564
7298566
7298764
7298766
7298773
7298775
7298781
7298783
7298791
7298793
7298800
7298802
7298808
7298810
7299596
7299598
7299799
7299801
7301037
7301040
7301436
7302272
7303057
7303893
7307136
7307138
7307149
7307151
7307163
7307165
7307336
7307338
7309032
7309034
7309056
7309058
7309108
7309110
7309135
7309137
7309265
7309267
7309286
7309288
7309307
7309309
7309328
7309330
7309362
7309364
7309412
7309414
7309433
7309435
7309454
7309456
7309475
7309477
7309496
7309498
7309517
7309519
7309538
7309540
7309559
7309561
7309580
7309582
7309601
7309603
7309622
7309624
7309643
7309645
7309664
7309666
7309685
7309687
7309706
7309708
7309727
7309729
7309748
7309750
7309769
7309771
7309790
7309792
7309811
7309813
7309832
7309834
7309853
7309855
7309874
7309876
7309895
7309897
7309916
7309918
7309961
7309963
7310019
7310021
7310064
7310066
7310122
7310124
7310143
7310145
7310164
7310166
7310185
7310187
7314944
7314946
7314947
7314957
7314959
7315010
7315012
7315013
7315023
7315025
7315071
7315073
7315074
7315660
7315662
7315757
7315759
7315760
7315886
7315913
7315914
7317117
7317121
7317785
7318237
7318588
7318613
7318615
7318632
7318790
7318817
7318844
7318848
7318853
7318855
7318860
7318862
7318867
7318869
7318881
7318882
7318884
7318886
7318887
7318888
7318973
7318975
7318999
7319014
7319046
7319048
7319099
7319101
7319171
7319173
7319252
7319254
7319333
7319335
7319414
7319416
7319495
7319497
7319576
7319578
7319657
7319659
7319738
7319740
7319819
7319821
7319900
7319902
7320842
7320844
7320898
7320900
7320954
7320956
7321010
7321012
7321066
7321068
7322505
7323579
7323581
7323605
7323607
7323636
7323638
7323721
7323723
7323826
7323830
7323860
7323862
7323910
7323912
7323995
7323997
7323998
7324057
7324073
7324075
7324217
7324219
7324242
7324244
7324267
7324269
7324374
7324376
7324490
7324492
7324606
7324608
7324722
7324724
7324838
7324840
7324954
7324956
7324988
7324990
7325040
7325042
7325185
7325187
7325237
7325239
7325262
7325264
7325314
7325316
7325421
7325423
7325473
7325475
7325498
7325500
7325550
7325552
7325657
7325659
7325695
7325697
7325703
7325705
7325741
7325743
7325749
7325751
7325787
7325789
7325795
7325797
7325833
7325835
7325841
7325843
7325870
7325872
7325878
7325880
7325952
7325954
7326026
7326028
7326100
7326102
7326174
7326176
7326248
7326250
7326333
7326335
7326418
7326420
7326491
7326493
7326562
7326564
7326565
7326574
7326576
7326624
7326626
7326627
7326637
7326639
7326690
7326692
7326693
7326703
7326705
7326756
7326758
7326759
7326769
7326771
7326823
7326825
7326826
7326836
7326838
7326889
7326891
7326892
7326902
7326904
7326955
7326957
7326958
7326968
7326970
7327021
7327023
7327024
7327032
7327034
7327085
7327087
7327088
7327098
7327100
7327151
7327153
7327154
7327164
7327166
7327217
7327219
7327220
7327230
7327232
7327283
7327285
7327286
7327296
7327298
7327403
7327405
7327406
7327460
7327462
7327463
7327517
7327519
7327520
7327574
7327576
7327577
7327631
7327633
7327634
7327688
7327690
7327691
7328080
7328082
7328083
7328173
7328174
7328311
7328313
7328649
7328650
7331531
7331733
7333097
7333099
7333212
7333214
7333234
7333239
7333418
7333422
7333430
7333434
7335187
7335189
7336796
7336798
7336911
7336913
7337622
7337633
7338295
7338440
7339611
7339632
7339635
7340394
7340396
7340419
7340421
7340481
7340483
7340528
7340530
7340584
7340616
7340629
7340632
7340633
7340650
7340843
7340870
7340961
7340986
7340989
7341053
7341055
7341808
7341839
7341841
7342119
7342147
7342173
7342175
7342184
7342186
7342222
7342251
7343518
7343519
7343521
7343522
7343530
7343532
7343540
7343542
7344176
7344183
7344190
7344192
7344238
7344245
7345431
7345433
7345508
7345510
7345573
7345575
7345651
7345653
7346012
7346014
7346106
7346108
7346200
7346202
7346294
7346296
7346388
7346390
7346482
7346484
7346576
7346578
7346670
7346672
7346764
7346766
7346858
7346860
7346952
7346954
7347046
7347048
7347076
7347079
7347579
7350558
7350560
7350743
7350745
7352508
7352510
7352569
7352571
7352630
7352632
7352691
7352693
7352752
7352754
7352935
7352937
7352938
7352948
7352950
7353105
7353109
7353326
7357042
7357610
7357612
7357635
7357637
7357650
7357652
7357684
7357686
7357721
7357723
7357777
7357779
7357780
7357827
7357829
7357830
7357884
7357886
7357887
7357941
7357943
7357944
7357998
7358000
7358001
7358055
7358057
7358058
7358112
7358114
7358115
7358169
7358171
7358172
7360660
7360685
7360686
7360687
7360690
7360706
7360714
7362066
7362068
7363207
7363209
7363275
7363277
7363296
7363298
7363317
7363319
7363334
7363336
7364834
7364861
7364862
7365835
7365862
7365863
7366435
7366437
7366459
7366461
7367360
7367362
7367440
7367442
7367520
7367522
7367600
7367602
7367680
7367682
7367817
7367819
7367897
7367899
7367976
7367978
7368312
7368346
7368382
7368416
7368421
7368422
7368423
7368424
7368436
7368591
7368618
7368662
7368666
7368681
7368683
7368715
7368719
7368734
7368736
7368768
7368772
7368788
7368792
7368807
7368809
7368841
7368845
7368860
7368862
7368894
7368898
7368913
7368915
7368947
7368951
7368966
7368968
7369000
7369004
7369019
7369021
7369053
7369057
7369183
7369185
7369305
7369307
7369355
7369357
7369405
7369407
7369455
7369457
7369505
7369507
7369555
7369557
7372658
7372660
7372672
7372674
7372701
7372703
7372782
7372784
7372863
7372865
7372945
7372947
7373000
7373002
7375387
7376438
7376440
7376620
7376622
7377408
7377432
7377931
7377933
7377982
7377984
7378893
7378917
7378919
7378939
7378941
7378983
7378985
7379006
7379008
7379053
7379055
7379075
7379077
7379122
7379124
7379201
7379203
7379224
7379226
7379276
7379278
7379328
7379330
7379380
7379382
7379432
7379434
7379484
7379486
7379536
7379538
7379588
7379590
7379894
7379896
7379897
7379907
7379909
7381299
7381301
7381324
7381326
7381457
7381459
7381552
7381554
7381676
7381678
7381807
7381809
7383259
7384290
7384292
7384305
7384307
7384338
7384340
7384382
7384384
7384403
7384405
7384436
7384438
7384486
7384488
7384507
7384509
7384538
7384540
7384582
7384584
7384595
7384597
7384616
7384618
7385496
7385498
7385546
7385548
7385596
7385598
7385646
7385648
7385696
7385698
7385746
7385748
7385796
7385798
7385846
7385848
7385896
7385898
7387040
7387042
7387062
7387064
7387086
7387088
7387110
7387112
7387134
7387136
7387158
7387160
7387182
7387184
7387206
7387208
7387230
7387232
7387254
7387256
7389098
7389100
7389240
7389242
7389382
7389384
7389524
7389526
7389666
7389668
7389808
7389810
7389950
7389952
7390092
7390094
7390234
7390236
7390376
7390378
7390518
7390520
7401633
7401635
7401655
7401657
7401833
7401835
7401935
7401937
7401957
7401959
7401979
7401981
7401988
7401990
7402029
7402031
7402135
7402180
7402182
7402244
7402249
7402256
7402258
7402301
7402306
7402313
7402315
7402377
7402382
7402389
7402391
7402453
7402458
7402465
7402467
7402510
7402515
7402522
7402524
7402586
7402592
7402599
7402601
7402663
7402668
7402675
7402677
7402739
7402744
7402751
7402753
7402815
7402820
7402827
7402829
7402891
7402896
7402903
7402905
7402967
7402972
7402979
7402981
7403043
7403048
7403055
7403057
7403119
7403124
7403131
7403133
7403195
7403200
7403207
7403209
7403271
7403276
7403283
7403285
7403347
7403352
7403359
7403361
7403423
7403428
7403435
7403437
7403499
7403504
7403511
7403513
7403575
7403580
7403587
7403589
7403651
7403656
7403663
7403665
7403727
7403732
7403739
7403741
7403803
7403808
7403815
7403817
7403879
7403884
7403891
7403893
7403936
7403941
7403948
7403950
7404012
7404019
7404026
7404028
7404090
7404095
7404102
7404104
7404166
7404171
7404178
7404180
7404242
7404247
7404254
7404256
7404318
7404323
7404330
7404332
7404394
7404399
7404406
7404408
7404470
7404475
7404482
7404484
7404546
7404551
7404558
7404560
7404622
7404627
7404634
7404636
7404679
7404684
7404691
7404693
7404755
7404760
7404767
7404769
7404831
7404836
7404843
7404845
7404907
7404912
7404919
7404921
7404983
7404988
7404995
7404997
7405059
7405064
7405071
7405073
7405135
7405140
7408412
7411470
7411472
7411473
7411483
7411485
7411644
7411646
7411702
7411704
7411760
7411762
7411851
7411853
7411938
7411940
7411954
7411956
7412028
7412030
7413855
7415623
7415625
7415632
7415634
7415881
7415883
7417852
7417919
7417921
7417947
7417949
7418051
7418053
7418073
7418075
7418108
7418110
7418177
7418179
7418295
7418297
7418298
7419447
7419449
7419468
7419470
7419489
7419491
7419510
7419512
7420872
7420874
7421796
7421798
7422874
7423715
7423717
7423794
7423796
7423874
7423876
7423953
7423955
7424032
7424034
7427594
7427621
7427623
7427643
7427645
7427808
7427810
7427834
7427836
7427860
7427862
7427906
7427908
7427916
7427918
7427939
7427941
7431201
7431203
7431225
7431227
7431247
7431249
7431269
7431271
7431278
7431280
7431351
7431353
7431379
7431381
7431435
7431437
7431445
7431447
7431695
7431697
7431768
7431770
7431841
7431843
7432321
7432322
7432344
7432346
7432422
7432424
7432500
7432502
7432578
7432580
7432656
7432658
7432734
7432736
7432819
7432821
7432904
7432906
7432989
7432991
7433074
7433076
7435901
7435903
7435910
7435912
7435932
7435934
7435940
7436264
7436266
7436356
7436358
7437134
7437136
7437226
7437228
7437822
7437824
7437886
7437888
7437950
7437952
7438909
7438911
7438974
7438976
7439578
7439580
7439762
7439764
7439794
7439977
7439979
7440009
7440036
7440038
7440166
7440168
7440169
7440183
7440185
7440211
7440213
7440239
7440241
7440305
7440307
7440371
7440373
7440398
7440482
7440545
7440581
7440583
7440596
7440598
7441229
7441243
7441245
7441266
7441268
7441488
7441489
7441499
7441509
7441516
7441724
7441725
7441736
7441746
7441752
7441791
7441793
7442172
7442173
7442183
7442193
7442199
7442250
7442252
7442279
7442281
7442308
7442310
7442337
7442339
7442787
7442998
7443591
7443814
7444261
7444485
7444861
7445073
7445712
7445974
7446460
7446721
7447271
7447273
7447342
7447344
7447413
7447415
7447484
7447486
7447555
7447557
7448793
7448795
7448891
7448893
7448989
7448991
7449087
7449089
7449185
7449187
7449283
7449285
7450514
7450516
7450543
7450545
7450552
7450554
7450623
7450625
7450694
7450696
7450765
7450767
7450836
7450838
7451156
7451158
7451159
7451761
7451763
7451789
7451791
7451817
7451819
7451845
7451847
7451873
7451875
7451901
7451903
7452636
7452638
7452725
7452727
7452814
7452816
7455398
7455425
7455427
7455447
7455449
7455456
7455458
7455482
7455484
7455530
7455532
7455556
7455558
7456791
7456793
7456798
7456799
7457075
7458403
7458406
7458530
7458532
7458539
7458541
7458600
7458602
7458658
7458660
7458722
7458724
7459139
7459141
7460543
7460545
7460552
7460554
7460611
7460613
7461406
7461408
7461415
7461417
7462625
7462766
7466161
7466164
7467062
7467064
7467071
7467073
7467096
7467098
7467121
7467123
7467145
7467147
7467173
7467175
7467190
7467192
7467201
7467203
7467580
7467582
7467635
7467637
7467690
7467692
7467739
7467741
7467794
7467796
7467819
7469731
7469733
7469795
7469797
7472732
7472734
7472828
7472830
7472924
7472926
7473020
7473022
7473116
7473118
7473212
7473214
7473308
7473310
7473404
7473406
7473500
7473502
7473596
7473598
7473693
7473695
7473789
7473791
7473885
7473887
7473981
7473983
7474077
7474079
7474173
7474175
7474269
7474271
7474365
7474367
7482492
7482692
7482969
7482971
7483033
7483035
7484768
7484770
7484799
7484801
7488261
7488263
7488309
7488311
7488363
7488365
7488417
7488419
7488471
7488473
7488525
7488527
7489674
7489676
7489729
7489731
7489784
7489786
7489839
7489841
7489894
7489896
7490625
7492121
7492123
7492153
7492336
7492338
7492358
7492360
7492380
7492382
7492402
7492404
7492424
7492426
7492446
7492448
7492468
7492470
7492490
7492492
7492512
7492514
7492534
7492536
7492556
7492558
7492578
7492580
7492600
7492602
7492622
7492624
7492644
7492646
7492666
7492668
7492675
7492677
7492698
7492700
7492721
7492723
7492749
7492751
7492775
7492777
7492830
7492832
7492856
7492858
7492922
7492924
7492944
7492946
7492992
7492994
7493058
7493060
7494506
7494507
7494509
7494510
7494534
7494536
7494562
7494564
7494590
7494592
7494617
7494619
7494645
7494647
7494672
7494674
7494699
7494701
7494726
7494728
7494754
7494756
7502327
7502329
7502350
7502352
7502376
7502378
7502399
7502401
7502425
7502427
7502451
7502453
7502509
7502511
7502532
7502534
7502555
7502557
7502578
7502580
7502601
7502603
7502624
7502626
7502647
7502649
7502670
7502672
7502731
7502733
7503023
7503025
7503049
7503051
7503072
7503074
7503131
7503133
7503187
7503189
7503243
7503245
7503299
7503301
7503355
7503357
7503411
7503413
7503605
7503607
7503628
7503630
7503651
7503653
7503709
7503711
7503788
7503790
7503816
7503818
7503844
7503846
7503872
7503874
7504054
7504056
7504077
7504079
7504125
7504127
7504179
7504181
7504233
7504235
7504287
7504289
7504586
7504588
7504609
7504611
7504632
7504634
7504655
7504657
7504678
7504680
7504757
7504759
7504836
7504838
7504915
7504917
7504994
7504996
7505073
7505075
7505630
7505632
7505685
7505687
7505740
7505742
7505795
7505797
7505850
7505852
7506648
7506650
7507242
7507244
7507333
7507335
7507424
7507427
7507516
7507518
7507586
7507588
7507658
7507660
7507729
7507731
7507800
7507802
7511211
7511213
7511240
7511242
7511262
7511264
7511288
7511315
7511317
7511324
7511326
7511374
7511376
7511390
7511392
7511479
7511481
7511482
7511541
7511543
7511544
7511554
7511556
7511602
7511604
7511605
7511623
7511625
7511626
7512553
7512555
7512626
7512628
7512699
7512701
7512772
7512774
7514774
7514776
7514848
7514850
7514969
7514971
7515043
7515045
7515117
7515119
7515191
7515193
7515322
7515324
7515397
7515400
7515531
7515533
7517179
7517181
7517201
7517203
7517223
7517225
7517245
7517247
7517254
7517256
7517435
7517437
7517504
7517506
7517573
7517575
7517642
7517644
7517828
7517830
7517896
7517898
7517964
7517966
7518032
7518034
7518100
7518102
7518169
7518171
7518237
7518239
7518305
7518307
7518373
7518375
7518949
7518951
7518952
7519518
7519520
7519586
7519588
7519654
7519656
7519722
7519724
7519790
7519792
7519858
7519860
7519926
7519928
7519994
7519996
7520062
7520064
7520130
7520132
7520198
7520200
7520266
7520268
7524854
7524881
7524883
7524903
7524905
7524930
7524943
7524945
7525022
7525024
7525032
7525034
7525111
7525113
7525190
7525192
7525270
7525272
7525350
7525352
7525386
7525388
7525426
7525428
7525495
7525503
7525515
7525517
7527884
7527886
7527887
7527941
7527943
7527944
7528503
7528505
7528591
7528593
7528679
7528681
7528767
7528769
7528855
7528858
7528944
7528946
7529023
7529025
7529111
7529113
7529199
7529201
7529287
7529289
7529376
7529378
7529455
7529458
7529544
7529546
7529632
7529635
7529721
7529723
7529809
7529811
7529897
7529899
7529985
7529987
7530073
7530075
7530217
7530219
7530305
7530307
7530393
7530395
7530444
7530446
7530532
7530534
7530620
7530622
7530820
7530822
7530908
7530910
7530996
7530998
7531131
7531133
7531182
7531184
7537671
7537699
7537728
7537757
7541236
7541238
7541393
7541395
7541505
7541507
7541662
7541664
7541774
7541776
7541886
7541888
7541998
7542000
7542088
7542090
7542232
7542234
7542322
7542324
7542412
7542414
7542502
7542505
7542593
7542595
7542648
7542650
7542801
7542803
7542895
7542897
7542989
7542991
7543687
7543689
7543712
7543713
7543715
7543716
7543789
7543791
7543871
7543873
7543953
7543955
7544036
7544038
7544119
7544121
7544202
7544204
7544285
7544287
7544368
7544370
7544451
7544453
7544534
7544536
7544617
7544619
7544700
7544702
7544783
7544785
7544866
7544868
7544949
7544951
7545032
7545034
7545115
7545117
7545198
7545200
7545280
7545282
7545363
7545365
7545446
7545448
7545530
7545532
7545614
7545616
7545698
7545700
7545782
7545784
7545866
7545868
7545950
7545952
7546034
7546036
7546117
7546119
7546201
7546203
7546285
7546287
7546368
7546370
7546451
7546453
7546534
7546536
7546618
7546620
7546702
7546704
7546786
7546788
7546870
7546872
7546954
7546956
7547038
7547040
7547385
7547412
7547414
7547447
7547449
7547627
7547628
7547632
7547636
7547653
7547655
7547833
7547834
7547838
7547841
7547858
7547860
7548038
7548039
7548045
7548048
7548065
7548067
7548245
7548246
7548250
7548253
7548270
7548272
7548450
7548451
7548455
7548458
7548475
7548477
7548655
7548656
7548661
7548664
7548681
7548683
7548862
7548863
7548868
7548871
7548888
7548890
7548968
7548969
7548971
7548972
7549132
7549133
7549137
7549140
7549157
7549159
7549221
7549223
7549285
7549287
7549339
7549346
7549357
7549359
7549411
7549418
7549429
7549431
7549483
7549490
7549501
7549503
7549555
7549562
7549573
7549575
7549627
7549634
7549645
7549647
7549699
7549706
7549717
7549719
7549771
7549778
7549789
7549791
7549843
7549850
7549861
7549863
7549915
7549922
7549933
7549935
7549987
7549994
7550005
7550007
7550059
7550066
7550077
7550079
7550131
7550138
7550149
7550151
7550203
7550210
7550221
7550223
7550275
7550282
7550293
7550295
7550347
7550354
7550365
7550367
7550419
7550426
7550437
7550439
7550491
7550498
7550510
7550512
7550564
7550572
7550584
7550586
7550639
7550646
7550657
7550659
7550713
7550720
7550731
7550733
7550786
7550794
7550806
7550808
7550862
7550870
7550882
7550884
7550937
7550946
7550958
7550960
7551014
7551022
7551034
7551036
7551088
7551095
7551106
7551108
7551138
7551146
7551157
7551159
7551212
7551220
7551231
7551233
7551286
7551293
7551304
7551306
7551359
7551366
7551377
7551379
7551409
7551416
7551427
7551429
7551482
7551489
7551501
7551503
7551557
7551565
7551577
7551579
7551631
7551638
7551649
7551651
7551703
7551710
7551721
7551723
7551776
7551783
7551795
7551797
7551851
7551859
7551871
7551873
7551925
7551932
7551944
7551946
7551998
7552006
7552018
7552020
7552072
7552079
7552090
7552092
7552144
7552151
7552536
7552799
7553452
7553716
7554292
7554555
7554779
7555042
7555618
7555881
7556457
7556720
7556935
7556941
7556943
7556945
7556970
7556972
7556998
7557000
7557568
7557831
7558407
7558670
7559244
7559507
7560083
7560346
7560922
7561185
7561761
7562024
7562600
7562863
7563439
7563702
7564278
7564541
7565117
7565380
7565771
7565777
7565779
7565781
7565808
7565809
7565811
7565812
7565839
7565841
7566405
7566669
7567239
7567506
7568077
7568340
7569092
7569355
7569926
7570189
7570935
7571198
7571769
7572032
7572603
7572866
7573797
7574060
7574631
7574894
7575484
7575788
7576491
7576795
7577207
7577512
7577924
7578228
7578640
7578944
7579356
7579660
7580072
7580376
7580970
7581274
7581311
7581317
7581319
7581321
7581346
7581348
7581745
7582049
7582461
7582765
7583177
7583482
7583894
7584199
7584611
7584916
7584940
7584942
7585083
7585085
7585226
7585228
7585369
7585371
7585512
7585514
7585655
7585657
7585726
7585728
7585815
7585817
7585958
7585960
7586046
7586048
7586128
7586130
7586216
7586218
7586420
7586422
7586508
7586510
7586596
7586598
7586762
7586764
7586844
7586846
7587120
7587122
7587202
7587204
7587273
7587275
7587362
7587364
7587505
7587507
7587648
7587650
7587791
7587793
7587862
7587864
7588005
7588007
7588093
7588095
7588100
7588109
7588133
7588156
7588158
7588299
7588301
7588442
7588444
7588585
7588587
7588728
7588730
7588871
7588873
7589014
7589016
7589085
7589087
7589173
7589175
7589316
7589318
7589459
7589461
7589602
7589604
7589745
7589747
7589888
7589890
7590031
7590033
7590174
7590176
7590273
7590275
7590285
7590287
7590428
7590430
7590571
7590573
7590714
7590716
7590857
7590859
7591000
7591002
7591143
7591145
7591287
7591289
7591431
7591433
7591574
7591576
7591717
7591719
7591860
7591862
7592004
7592006
7592147
7592149
7592290
7592292
7592433
7592435
7592577
7592579
7592721
7592723
7592864
7592866
7593007
7593009
7593150
7593152
7593293
7593295
7593350
7593352
7595310
7595312
7603449
7603451
7611606
7611608
7614651
7614653
7614673
7614675
7614698
7614700
7614763
7614765
7614828
7614830
7614893
7614895
7614958
7614960
7615023
7615025
7615088
7615090
7615975
7615977
7616065
7616067
7616858
7616860
7616861
7616868
7616870
7616932
7616934
7617316
7617318
7617384
7617386
7617400
7617402
7617438
7617440
7617691
7617693
7617710
7617712
7618158
7618160
7618200
7618202
7618242
7618244
7618285
7618287
7618328
7618330
7618371
7618373
7618414
7618416
7618457
7618459
7618500
7618502
7618542
7618544
7618585
7618587
7618627
7618629
7618670
7618672
7618713
7618715
7618756
7618758
7618799
7618801
7618842
7618844
7618885
7618887
7618927
7618929
7618970
7618972
7619013
7619015
7619056
7619058
7619102
7619104
7619148
7619150
7619194
7619196
7619240
7619242
7619286
7619288
7619331
7619333
7619377
7619379
7619422
7619424
7619467
7619469
7619496
7619498
7619542
7619544
7619587
7619589
7619615
7619617
7619660
7619662
7619708
7619710
7619752
7619754
7619796
7619798
7619840
7619842
7619884
7619886
7619928
7619930
7619972
7619974
7620016
7620018
7620063
7620065
7620110
7620112
7620157
7620159
7620204
7620206
7620251
7620253
7620298
7620300
7620345
7620347
7620392
7620394
7620457
7620459
7620504
7620506
7620551
7620553
7620598
7620600
7620645
7620647
7620692
7620694
7620739
7620741
7620786
7620788
7620834
7620836
7620881
7620883
7620928
7620930
7620975
7620977
7621022
7621024
7621069
7621071
7621116
7621118
7621163
7621165
7621335
7621337
7621386
7621388
7621437
7621439
7621488
7621490
7621539
7621541
7621590
7621592
7621677
7621679
7621728
7621730
7621779
7621781
7621830
7621832
7621881
7621883
7621932
7621934
7621983
7621985
7622034
7622036
7622076
7622078
7622127
7622129
7622178
7622180
7622229
7622231
7622280
7622282
7622331
7622333
7622382
7622384
7622433
7622435
7622484
7622486
7622535
7622537
7622586
7622588
7622637
7622639
7622688
7622690
7622739
7622741
7622790
7622792
7622841
7622843
7622892
7622894
7622943
7622945
7622994
7622996
7623045
7623047
7623096
7623098
7623147
7623149
7623198
7623200
7623249
7623251
7623300
7623302
7623351
7623353
7623402
7623404
7623453
7623455
7623504
7623506
7623555
7623557
7623606
7623608
7623657
7623659
7623708
7623710
7623759
7623761
7623810
7623812
7623861
7623863
7623912
7623914
7623963
7623965
7624014
7624016
7624065
7624067
7624116
7624118
7624167
7624169
7624218
7624220
7624270
7624272
7624321
7624323
7624372
7624374
7624424
7624426
7624475
7624477
7624527
7624529
7624578
7624580
7624629
7624631
7624680
7624682
7624731
7624733
7624782
7624784
7624833
7624835
7624885
7624887
7624936
7624938
7624987
7624989
7625038
7625040
7625089
7625091
7625140
7625142
7625191
7625193
7625242
7625244
7625293
7625295
7625345
7625347
7625396
7625398
7625447
7625449
7625498
7625500
7625549
7625551
7625601
7625603
7625652
7625654
7625704
7625706
7625755
7625757
7625806
7625808
7625858
7625860
7625909
7625911
7625960
7625962
7626011
7626013
7626062
7626064
7626113
7626115
7626164
7626166
7626180
7642402
7642403
7642404
7642405
7642406
7642407
7642408
7642409
7642410
7642411
7642412
7642413
7642414
7642415
7642416
7642417
7642418
7642419
7642420
7642421
7642422
7642423
7642424
7642487
7642489
7642541
7642543
7642595
7642597
7642649
7642651
7642703
7642705
7642758
7642760
7642812
7642814
7642866
7642868
7642920
7642922
7642974
7642976
7643028
7643030
7643082
7643084
7643136
7643138
7643190
7643192
7643244
7643246
7643298
7643300
7643352
7643354
7643406
7643408
7643460
7643462
7643514
7643516
7643568
7643570
7643622
7643624
7643676
7643678
7643730
7643732
7643784
7643786
7643838
7643840
7643892
7643894
7643946
7643948
7644000
7644002
7644054
7644056
7644108
7644110
7644162
7644164
7644216
7644218
7644270
7644272
7644324
7644326
7644378
7644380
7644432
7644434
7644486
7644488
7644540
7644542
7644594
7644596
7644648
7644650
7644702
7644704
7644756
7644758
7644810
7644812
7644864
7644866
7644918
7644920
7644972
7644974
7645026
7645028
7645080
7645082
7645134
7645136
7645188
7645190
7645242
7645244
7645296
7645298
7645350
7645352
7645404
7645406
7645458
7645460
7645512
7645514
7645566
7645568
7645620
7645622
7645643
7645645
7645666
7645668
7645689
7645691
7645712
7645714
7645735
7645737
7645758
7645760
7645781
7645783
7645804
7645806
7645827
7645829
7645850
7645852
7645873
7645875
7645896
7645898
7645919
7645921
7645942
7645944
7645965
7645967
7645988
7645990
7646011
7646013
7646034
7646036
7646057
7646059
7646080
7646082
7646103
7646105
7646126
7646128
7646149
7646151
7646172
7646174
7646195
7646197
7646218
7646220
7646241
7646243
7646264
7646266
7646287
7646289
7646310
7646312
7646333
7646335
7646356
7646358
7646400
7646409
7646420
7646422
7646464
7646473
7646484
7646486
7646528
7646537
7646548
7646550
7646592
7646600
7646610
7646612
7646654
7646662
7646672
7646674
7646716
7646724
7646734
7646736
7646778
7646786
7646796
7646798
7646840
7646848
7646858
7646860
7646902
7646910
7646920
7646922
7646964
7646972
7646982
7646984
7647026
7647034
7647044
7647046
7647088
7647096
7647106
7647108
7647150
7647159
7647169
7647171
7647213
7647221
7647231
7647233
7647275
7647283
7647293
7647295
7647337
7647345
7647355
7647357
7647399
7647407
7647417
7647419
7647461
7647469
7647479
7647481
7647523
7647531
7647541
7647543
7647585
7647593
7647603
7647605
7647647
7647655
7647665
7647667
7647709
7647717
7647727
7647729
7647771
7647779
7647789
7647791
7647833
7647841
7647851
7647853
7647895
7647903
7647913
7647915
7647957
7647965
7647975
7647977
7648019
7648027
7648037
7648039
7648081
7648089
7648099
7648101
7648143
7648151
7648161
7648163
7648205
7648213
7648223
7648225
7648267
7648275
7648285
7648287
7648329
7648337
7648347
7648349
7648391
7648399
7648409
7648411
7648453
7648461
7648471
7648473
7648515
7648523
7648533
7648535
7648577
7648585
7648595
7648597
7648639
7648647
7648657
7648659
7648701
7648709
7648719
7648721
7648763
7648771
7648781
7648783
7648825
7648833
7648843
7648845
7648887
7648895
7648905
7648907
7648949
7648957
7648967
7648969
7649011
7649019
7649029
7649031
7649073
7649081
7649091
7649093
7649135
7649143
7649153
7649155
7649197
7649205
7649215
7649217
7649259
7649267
7649277
7649279
7649321
7649329
7649339
7649341
7649383
7649391
7649401
7649403
7649445
7649453
7649463
7649465
7649507
7649515
7649525
7649527
7649569
7649577
7649587
7649589
7649631
7649639
7649649
7649651
7649693
7649701
7649711
7649713
7649755
7649763
7649773
7649775
7649817
7649825
7649835
7649837
7649879
7649887
7649897
7649899
7649907
7649909
7649951
7649959
7649969
7649971
7650013
7650021
7650031
7650033
7650075
7650083
7650093
7650095
7650137
7650145
7650155
7650157
7650199
7650208
7661291
7661293
7683088
7683090
7692710
7692712
7692713
7692780
7692782
7692783
7692799
7692801
7692805
7692928
7693046
7693206
7693208
7693729
7693758
7693759
7694623
7694625
7694634
7694636
7694647
7694649
7694664
7694666
7694675
7694677
7694687
7694689
7694690
7694933
7694937
7696050
7696052
7696076
7696077
7696146
7696150
7696575
7696577
7696685
7696687
7715742
7715744
7715745
7715782
7715784
7715899
7715901
7715902
7715956
7715958
7715959
7715981
7716008
7716198
7716200
7716267
7716269
7716337
7716339
7716407
7716409
7716477
7716479
7716547
7716549
7716618
7716620
7716688
7716690
7716759
7716761
7716829
7716831
7716899
7716901
7716969
7716971
7717042
7717044
7717107
7717109
7717212
7717214
7717215
7717268
7717270
7717271
7717802
7717804
7718508
7718538
7718540
7718607
7718609
7718676
7718678
7718745
7718747
7718814
7718816
7718883
7718885
7718952
7718954
7719338
7720266
7721403
7722324
7725685
7725930
7725932
7725959
7725961
7726313
7726316
7727430
7727432
7727488
7727493
7728266
7728315
7728322
7728329
7728332
7729202
7729204
7729283
7729331
7729334
7729363
7729601
7729749
7729776
7729839
7729846
7729889
7729896
7729939
7729946
7729989
7729996
7730049
7730056
7730099
7730106
7730150
7730157
7730200
7730207
7730250
7730257
7730301
7730308
7730352
7730359
7730402
7730409
7734659
7734663
7735840
7735842
7735883
7735885
7735931
7735933
7736118
7736134
7736185
7736210
7736212
7736218
7736220
7736228
7736229
7736231
7736232
7736236
7736271
7736273
7736275
7736358
7736359
7736360
7736384
7736386
7736713
7736715
7736938
7736940
7736941
7736997
7736999
7737046
7737048
7737270
7737272
7737304
7737306
7737320
7737322
7737336
7737338
7737926
7737928
7738331
7738333
7738928
7739020
7739032
7739034
7740082
7740085
7740106
7740109
7740172
7740601
7740765
7741855
7741876
7741877
7741879
7741880
7742755
7742759
7742762
7742789
7742944
7743131
7745668
7745670
7746809
7746811
7746906
7746908
7747478
7747480
7747541
7747543
7748414
7749265
7749848
7750127
7750930
7750932
7750962
7751214
7751221
7751238
7751240
7751253
7751264
7751266
7751267
7751299
7752502
7752504
7752537
7752539
7752988
7754173
7754201
7754214
7754266
7754288
7754301
7754354
7754408
7754462
7754550
7754606
7754622
7754766
7754782
7754791
7754793
7754806
7754808
7754822
7754824
7754840
7754842
7754856
7754858
7754874
7754876
7754888
7755094
7755098
7755253
7755257
7755727
7755731
7755886
7755890
7755951
7755976
7755979
7756464
7756491
7758655
7758665
7759083
7759114
7759199
7759201
7759447
7759549
7759668
7759676
7759678
7762651
7764177
7765120
7765140
7765142
7765261
7765279
7765281
7766511
7766513
7766746
7767224
7767886
7767888
7768078
7768080
7768104
7768106
7768336
7768366
7768368
7768369
7768382
7768384
7768385
7768400
7768433
7768435
7768436
7768485
7768516
7768518
7768653
7768679
7768681
7768702
7768703
7768727
7768913
7768917
7769485
7769499
7769554
7770458
7770462
7770504
7770506
7771084
7771088
7772326
7772328
7772329
7774244
7774247
7774253
7774255
7776982
7776984
7777117
7777119
7777120
7777168
7777170
7777250
7777254
7777264
7777267
7777383
7777411
7777415
7777447
7777448
7777747
7777749
7778599
7778601
7779221
7779223
7779229
7779231
7779989
7779991
7779996
7779998
7780041
7780043
7780510
7780512
7780571
7780779
7781142
7781144
7782221
7782223
7782224
7782239
7782241
7782242
7782251
7782253
7782259
7782261
7782267
7782269
7782275
7782277
7782283
7782285
7782291
7782293
7782302
7782322
7782324
7782325
7782353
7782355
7782404
7782432
7782452
7782453
7782462
7782464
7782476
7782478
7782479
7782495
7782497
7782498
7782508
7782511
7782514
7782519
7782521
7782530
7782533
7782536
7782541
7782543
7782552
7782555
7782558
7782569
7782571
7782572
7782592
7782594
7782614
7782616
7782668
7782670
7782820
7782822
7783105
7783109
7783123
7783125
7783365
7783367
7783368
7783369
7783701
7783703
7784624
7784626
7785139
7785141
7785925
7785927
7786082
7786084
7786193
7786195
7786256
7786258
7788101
7788103
7788516
7788518
7788572
7789268
7789275
7789277
7791629
7791633
7791634
7791679
7791681
7795576
7795578
7796308
7796435
7796437
7796479
7796865
7797863
7798657
7798669
7798878
7799417
7799418
7799419
7799980
7799982
7800814
7800816
7801294
7801304
7806860
7806862
7806937
7806939
7807371
7807372
7807474
7807476
7808360
7809876
7810186
7810394
7810396
7810402
7810404
7810651
7810653
7810659
7810661
7810673
7810675
7812153
7812155
7812167
7812169
7812265
7812267
7812317
7812319
7812370
7812372
7812401
7812413
7812415
7812427
7812429
7812460
7812462
7812485
7812509
7812556
7812583
7812649
7812651
7812764
7812766
7812794
7812796
7812827
7812829
7812882
7812896
7812898
7812955
7813035
7813037
7813117
7813119
7813265
7813267
7813365
7813367
7813370
7813438
7813440
7813625
7813627
7813812
7813814
7813992
7813994
7814038
7814059
7814165
7814167
7814374
7814384
7814386
7814540
7814542
7814697
7814699
7814852
7814854
7815189
7815539
7815543
7816957
7818418
7818422
7818626
7818630
7818631
7818643
7818904
7818908
7819079
7819083
7819273
7819277
7819278
7819315
7820130
7820134
7820303
7820338
7820519
7820523
7820524
7821083
7821387
7821391
7826119
7828144
7828942
7828946
7830393
7830395
7831121
7832170
7832257
7832286
7832288
7832458
7832460
7832816
7832818
7834555
7834557
7834649
7834651
7834711
7834713
7834841
7834843
7834854
7834856
7835264
7835266
7835640
7835642
7835803
7835805
7835811
7835813
7835819
7835821
7835846
7835848
7836346
7836350
7840681
7840683
7840706
7840708
7841068
7841070
7841093
7841095
7843309
7843311
7845759
7845761
7845784
7845786
7846819
7846821
7849565
7849568
7850518
7851895
7851897
7854204
7854292
7854294
7855220
7855266
7855386
7856287
7857665
7857841
7858162
7858316
7858641
7858644
7858757
7858765
7858854
7858922
7858965
7858990
7858992
7858993
7859406
7859409
7859410
7860409
7860422
7860478
7860498
7861291
7861304
7861441
7861445
7862302
7862304
7862317
7862319
7862320
7864195
7864198
7864301
7864304
7864581
7865218
7866425
7868516
7868821
7868824
7869184
7869186
7869349
7869351
7869798
7869802
7869871
7869874
7870601
7871190
7871192
7871640
7871642
7871997
7872297
7872853
7872856
7874732
7874759
7874761
7874772
7874774
7874781
7874783
7874800
7874802
7874803
7874804
7874836
7874838
7874839
7874845
7874847
7874853
7874855
7874860
7874862
7874868
7874870
7874890
7874903
7874905
7874919
7874921
7874953
7874978
7874992
7874994
7875024
7875026
7875052
7875084
7875121
7875153
7875166
7875168
7875186
7875188
7875210
7875212
7875219
7875221
7875227
7875229
7875326
7875352
7875354
7875374
7875376
7875377
7875378
7875379
7875389
7875397
7875400
7875424
7875447
7875465
7875467
7875485
7875487
7875533
7875542
7875544
7875550
7875552
7875703
7875704
7876450
7879395
7879397
7883758
7883760
7884047
7884049
7884291
7884293
7885528
7885530
7885774
7885776
7888310
7888312
7888619
7888621
7891274
7891276
7891973
7891975
7893060
7893062
7893302
7893304
7893548
7893550
7894370
7894372
7895638
7895640
7896837
7896839
7903359
7906246
7906248
7906253
7906255
7906362
7906364
7906377
7906379
7906628
7906631
7906714
7906716
7906900
7906903
7906912
7906915
7906924
7906927
7908039
7908041
7908046
7908048
7908106
7908108
7908358
7908361
7908370
7908373
7908382
7908385
7908720
7908722
7908783
7908929
7909477
7909480
7909489
7909492
7909624
7909627
7909637
7909640
7909652
7909654
7909902
7909904
7909913
7909916
7910540
7910542
7910547
7910549
7911043
7912182
7912184
7912868
7912870
7913529
7914149
7914151
7914842
7914872
7914874
7914884
7914886
7914899
7914901
7914927
7914929
7915010
7915012
7915021
7915023
7915045
7915047
7915083
7915106
7915108
7915122
7915124
7915137
7915139
7915158
7915160
7915179
7915181
7915206
7915208
7915218
7915220
7915251
7915253
7915287
7915289
7915317
7915319
7915353
7915355
7915389
7915391
7915408
7915410
7915424
7915426
7915446
7915448
7915469
7915471
7915493
7915495
7915517
7915519
7915545
7915547
7915576
7915578
7915729
7915804
7915870
7915899
7915901
7915941
7915973
7915975
7916003
7916005
7916101
7916148
7916206
7916218
7916220
7916260
7916298
7916341
7916386
7916438
7916494
7916496
7916574
7916611
7916613
7916647
7916649
7916659
7916661
7916696
7916731
7916741
7916743
7916774
7916809
7916819
7916821
7916827
7916829
7916835
7916837
7916843
7916845
7916876
7916910
7916912
7916949
7916984
7916994
7916996
7917002
7917004
7917010
7917012
7917018
7917020
7917045
7917047
7917048
7917057
7917059
7917099
7918302
7919086
7919088
7919099
7919101
7919781
7920552
7921290
7921292
7921304
7921306
7921562
7921663
7922406
7922454
7922456
7922520
7922522
7922538
7922540
7923121
7923420
7923423
7923587
7923589
7923673
7923675
7924222
7924224
7925313
7925317
7927610
7927641
7928015
7928020
7928022
7928949
7929411
7929648
7929714
7929946
7930189
7930191
7930192
7930928
7931232
7931462
7931526
7931592
7931736
7931839
7931902
7932223
7932327
7932780
7932846
7933169
7933274
7933301
7933825
7933891
7934208
7934312
7934663
7934678
7934741
7934807
7935090
7935193
7935198
7935200
7935558
7935559
7936033
7936527
7936531
7937020
7937022
7937566
7937568
7937969
7937971
7938579
7938581
7938770
7938772
7938879
7938881
7939049
7939051
7939113
7939115
7939287
7939289
7939855
7939857
7939997
7939999
7940188
7940190
7940339
7940341
7940535
7940537
7940767
7940769
7940833
7940835
7941114
7941116
7941777
7941979
7941981
7942796
7942798
7942884
7942886
7943008
7943010
7943786
7943788
7944005
7944007
7944227
7944229
7944444
7944446
7944519
7944521
7944911
7944912
7944914
7944915
7945056
7945058
7946780
7946782
7947263
7947265
7947397
7947399
7947957
7947959
7949516
7949518
7949541
7949543
7949765
7949767
7949997
7949999
7950022
7950024
7953362
7956331
7956333
7956334
7956377
7956380
7956415
7956418
7956511
7956513
7956518
7956520
7956565
7956567
7956584
7956586
7956593
7956595
7956878
7956882
7956883
7956976
7956978
7957523
7957636
7957882
7958269
7958277
7958307
7958308
7958312
7958313
7958358
7958360
7958404
7958406
7958927
7960719
7960826
7960932
7960950
7960952
7961020
7961261
7961331
7961572
7963253
7963254
7963255
7963256
7963257
7963292
7963294
7963302
7963303
7963305
7963306
7966463
7966467
7966473
7966475
7967621
7967623
7967650
7967651
7967663
7967665
7967671
7967673
7967679
7967681
7967687
7967689
7968216
7968219
7968226
7968229
7968760
7968762
7968972
7968988
7972546
7972550
7972731
7972735
7972916
7972920
7973101
7973105
7973302
7973306
7973531
7973533
7973560
7973562
7973604
7973606
7973647
7973649
7973677
7973679
7973736
7973738
7973752
7973754
7973768
7973770
7973784
7973786
7973806
7973808
7973836
7973838
7973860
7973862
7973929
7973931
7973952
7973956
7973959
7973986
7974621
7974623
7974624
7974634
7974636
7974645
7974647
7974656
7974658
7974666
7974668
7974669
7974678
7974680
7974686
7974688
7974711
7974713
7974725
7974727
7974753
7974755
7974781
7974783
7974829
7974831
7974857
7974859
7974885
7974887
7974910
7974939
7975027
7975052
7975053
7975056
7975057
7975058
7975075
7975102
7975191
7975218
7975234
7975308
7975315
7975517
7976267
7976271
7976429
7976433
7976442
7976444
7976862
7976864
7976865
7976920
7976922
7976923
7976978
7976980
7976981
7977064
7977066
7977067
7977129
7977131
7977132
7977194
7977196
7977197
7977259
7977261
7977262
7977324
7977326
7977327
7977387
7977389
7977390
7977450
7977452
7977453
7977513
7977515
7977516
7977576
7977578
7977579
7977639
7977641
7977642
7977660
7977662
7980722
7980726
7981656
7981681
7981684
7981852
7981879
7983206
7983208
7983867
7983869
7984417
7984419
7984424
7984426
7985426
7985555
7988992
7988994
7989740
7989741
7989752
7989754
7989759
7989761
7990224
7991001
7991011
7991014
7991522
7991524
7993474
7993477
7993487
7993490
7993500
7993503
7993644
7993789
7993790
7994167
7995749
7995751
7995956
7995957
7995959
7995960
7996455
7996563
7996564
7996566
7996567
7996653
7996655
7996661
7996663
7998051
7998054
7998063
7998066
7998565
7998568
7999253
7999268
7999271
7999277
7999280
7999291
7999294
7999300
7999303
8000013
8000023
8001245
8001714
8001732
8001735
8001745
8001748
8001758
8001761
8001767
8001770
8002865
8003061
8003063
8003904
8003907
8003938
8003941
8005142
8005143
8005356
8005360
8005945
8005949
8006004
8006006
8006451
8006452
8006453
8006548
8006551
8007661
8008565
8008566
8008567
8008568
8008590
8008594
8009029
8009150
8009152
8009174
8009178
8009671
8009673
8009674
8009700
8009703
8009726
8009728
8010284
8010589
8010592
8010598
8010601
8010631
8010636
8010836
8010840
8010881
8010884
8010895
8010898
8010908
8010911
8010925
8010929
8010952
8010955
8010961
8010964
8010970
8010973
8010979
8010982
8010987
8010989
8010994
8010996
8013397
8013399
8016093
8016497
8016512
8016515
8016525
8016528
8016538
8016541
8016551
8016554
8017315
8017493
8017542
8017544
8017550
8017552
8017559
8017561
8017699
8017841
8017845
8018071
8018474
8018511
8018517
8019221
8019994
8019996
8020730
8020731
8021362
8021365
8021398
8021401
8021509
8022157
8022159
8022912
8023265
8023267
8027683
8027716
8027717
8027719
8027721
8027725
8027727
8027728
8027729
8027730
8027731
8027987
8029681
8029833
8029839
8030416
8030418
8031459
8031466
8031604
8031606
8031612
8031614
8032152
8032326
8032329
8032474
8032476
8032698
8032700
8033925
8033927
8034347
8034438
8034577
8034669
8034840
8034842
8034851
8034853
8035085
8035087
8035170
8035179
8035184
8035313
8035315
8035320
8035322
8035715
8035754
8035795
8035907
8036017
8036262
8036286
8036416
8036441
8036725
8036736
8037031
8037045
8037047
8037059
8037061
8037137
8037150
8037152
8037164
8037166
8037242
8037255
8037257
8037269
8037271
8037283
8037285
8037292
8037294
8037301
8037303
8037314
8037316
8037317
8037327
8037329
8037335
8037337
8037397
8037421
8037423
8037450
8037451
8037467
8037468
8037516
8037518
8037519
8037565
8037566
8037596
8037598
8037605
8037607
8037658
8037660
8037705
8037707
8037796
8037798
8037799
8037840
8037842
8037843
8038084
8038102
8038103
8038110
8038112
8038190
8038192
8038193
8038210
8038212
8038269
8038271
8038272
8038280
8038282
8038331
8038333
8038334
8038344
8038346
8038570
8038580
8038581
8038629
8038631
8038632
8038841
8038859
8038860
8039002
8039004
8039005
8039049
8039051
8039052
8039098
8039100
8039101
8039113
8039115
8039158
8039160
8039161
8039208
8039210
8039211
8039240
8039242
8039282
8039284
8039285
8039296
8039298
8039313
8039314
8039342
8039344
8039351
8039353
8039391
8039393
8039394
8039435
8039437
8039438
8039480
8039482
8039483
8039531
8039533
8039534
8039800
8039802
8039803
8039804
8039815
8039817
8039823
8039825
8039830
8039832
8039838
8039840
8039939
8039949
8039950
8039964
8039966
8040009
8040011
8040012
8040059
8040061
8040062
8040091
8040109
8040206
8040208
8040209
8040286
8040288
8040383
8040401
8040408
8040410
8040418
8040420
8040428
8040430
8040436
8040438
8040444
8040446
8040452
8040454
8040460
8040462
8040578
8040580
8040795
8041182
8041186
8041270
8041275
8041277
8041278
8041965
8042173
8042249
8042251
8042252
8042486
8042490
8042491
8042492
8042493
8042542
8042544
8042564
8042566
8042600
8042602
8042620
8042622
8042985
8042987
8043202
8043206
8043903
8043969
8044311
8044593
8044595
8044616
8044620
8044621
8044622
8044853
8045151
8045466
8045569
8045928
8046210
8046276
8046589
8046974
8046975
8047739
8047741
8047742
8047846
8047848
8047849
8050522
8050532
8053550
8053862
8053864
8054203
8054205
8054442
8054443
8054444
8054445
8054446
8054447
8054448
8054449
8054450
8054451
8054479
8054490
8054569
8055098
8055100
8055421
8055423
8055695
8055697
8056153
8056155
8056371
8056372
8056574
8056576
8058828
8058830
8058831
8059119
8059600
8059602
8059796
8059798
8059799
8059800
8059801
8061202
8061204
8062156
8062167
8063170
8063520
8063522
8063523
8063627
8063629
8063737
8063739
8065917
8066127
8066129
8066130
8067130
8067132
8068660
8068662
8068663
8068926
8069279
8069281
8070320
8070765
8070767
8071679
8071681
8074296
8074298
8075478
8075489
8075491
8075502
8075504
8075935
8075937
8076123
8076125
8077591
8077593
8077940
8079172
8079174
8080862
8080864
8080961
8080963
8081075
8081077
8081086
8081147
8081149
8081262
8081264
8081378
8081380
8081775
8082161
8082194
8082196
8085210
8085212
8085344
8085346
8085407
8085409
8085603
8085605
8085885
8085887
8085932
8085934
8086465
8086467
8086708
8086710
8086938
8086940
8087512
8087514
8087618
8087620
8089182
8089184
8089205
8090878
8090880
8091265
8091527
8091529
8092298
8092415
8092417
8092487
8092489
8092862
8092864
8093467
8093469
8093772
8093774
8095656
8095670
8097623
8097625
8097824
8097900
8097908
8099135
8099137
8099296
8099298
8099589
8099591
8099720
8099722
8099783
8099785
8099883
8099885
8100229
8100231
8100546
8100548
8100601
8100603
8100735
8100737
8100898
8101998
8102000
8102637
8102639
8102725
8102727
8103500
8105828
8105830
8105848
8105865
8105883
8105900
8106937
8106939
8107124
8107126
8109933
8109979
8110007
8110408
8110658
8110670
8110687
8110688
8110694
8110696
8110702
8110704
8114201
8114384
8114385
8114399
8114411
8114413
8114779
8114783
8115352
8115354
8123895
8123904
8124135
8124144
8125878
8125882
8125883
8127908
8127910
8127916
8128248
8134184
8134195
8134956
8135442
8136907
8137912
8139271
8139455
8139933
8140131
8140135
8140136
8140540
8141168
8141182
8141194
8142997
8143018
8143480
8143927
8144103
8144980
8144991
8144998
8145018
8145020
8145978
8145980
8146341
8146342
8146343
8146345
8146346
8146968
8146969
8146970
8146996
8146997
8146999
8147000
8147750
8147769
8147771
8147813
8147815
8148144
8148148
8148149
8148338
8148342
8155204
8155206
8155294
8155296
8155459
8155461
8156013
8156429
8156430
8157926
8157967
8158519
8158521
8158527
8158529
8162211
8162213
8164959
8164961
8164978
8164980
8164996
8164998
8165013
8165015
8165030
8165032
8167443
8167452
8167555
8168318
8168320
8168321
8168322
8168323
8170900
8170902
8170903
8171334
8171336
8171449
8171451
8171452
8172215
8172426
8172430
8172557
8173282
8173286
8173460
8173464
8173465
8184579
8184580
8188910
8189030
8189205
8189241
8189277
8189362
8189396
8189403
8189405
8189520
8189534
8190192
8190194
8190262
8190264
8190615
8190617
8192930
8192932
8193479
8193719
8193720
8193721
8194497
8194499
8194910
8194994
8194996
8195002
8195004
8195015
8195017
8195057
8195059
8195060
8195074
8195389
8195393
8195622
8195626
8198450
8198637
8198799
8198881
8198882
8199115
8199117
8199140
8199142
8199232
8199234
8199332
8199334
8199351
8199353
8199485
8199487
8199512
8199514
8200987
8201028
8201069
8201110
8201152
8201193
8201542
8201649
8201655
8201681
8201687
8201699
8201705
8203035
8203037
8203857
8204614
8204616
8204622
8204624
8204654
8204656
8204668
8204670
8204703
8204705
8204706
8204733
8204735
8204753
8204755
8204803
8204811
8204813
8204825
8204827
8206011
8206013
8206417
8206419
8206815
8207072
8207074
8207665
8207667
8208275
8208278
8209612
8209618
8210208
8210211
8210217
8210220
8210554
8210557
8211351
8211354
8212108
8212110
8213760
8214699
8214703
8216142
8216147
8217515
8217517
8217556
8217558
8217610
8217612
8217651
8217653
8218207
8218218
8218423
8218426
8218530
8218543
8221035
8221037
8221319
8221321
8221355
8221357
8221391
8221393
8221427
8221429
8221463
8221465
8221499
8221501
8221602
8221604
8222401
8222406
8223572
8223574
8223579
8223581
8223793
8223807
8223871
8223875
8223884
8223888
8224483
8224594
8224603
8224605
8224645
8224659
8224676
8224678
8224679
8224688
8224690
8224696
8224698
8224705
8224707
8224713
8224715
8224722
8224724
8224730
8224732
8224739
8224741
8224747
8224749
8224756
8224758
8224764
8224766
8224800
8224829
8224831
8224843
8224845
8224857
8224859
8224876
8224883
8224885
8224891
8224893
8224906
8224913
8224915
8224921
8224923
8224936
8224943
8224945
8224958
8224965
8224967
8224973
8224975
8224981
8224983
8224998
8225011
8225013
8225026
8225028
8225042
8225044
8225063
8225065
8225074
8225076
8225082
8225084
8225108
8225118
8225120
8225126
8225128
8225145
8225152
8225154
8225166
8225168
8225201
8225219
8225221
8232449
8232454
8232459
8232461
8233021
8233023
8233712
8233715
8233759
8233763
8233804
8233808
8233857
8233862
8233879
8233883
8233967
8233972
8233974
8234030
8234032
8234043
8234045
8234145
8234453
8234455
8234477
8234484
8234489
8234491
8234524
8234533
8234683
8234900
8234906
8235014
8235018
8235522
8235525
8236177
8236529
8236531
8237752
8237754
8237966
8238441
8238443
8238473
8238475
8238788
8238790
8239145
8241364
8242713
8242714
8242715
8242781
8242787
8243011
8243106
8243111
8244753
8244754
8244755
8245202
8245204
8245387
8245389
8245455
8245457
8246211
8246251
8246267
8246269
8246293
8246324
8246334
8246336
8246364
8246380
8246382
8246397
8246399
8246414
8246416
8246438
8246439
8246468
8246488
8246505
8246507
8246513
8246515
8246540
8246542
8246574
8246599
8246601
8246630
8246632
8246657
8246659
8246671
8246673
8246679
8246681
8246700
8246702
8246734
8246759
8246761
8246774
8246776
8246782
8246784
8246803
8246805
8246826
8246827
8246851
8246853
8246854
8246880
8246882
8246883
8246899
8246906
8246908
8246914
8246916
8246922
8246924
8246930
8246932
8246938
8246940
8246946
8246948
8246954
8246956
8246962
8246964
8246970
8246972
8246985
8246998
8247000
8247077
8247091
8247093
8247276
8247313
8247315
8247333
8247335
8247347
8247349
8247365
8247367
8247368
8247416
8247432
8247445
8247526
8247528
8247529
8247556
8247558
8247576
8247578
8247609
8247655
8247663
8247665
8247671
8247673
8247686
8247699
8247701
8247708
8247710
8247717
8247719
8247725
8247727
8247734
8247736
8247742
8247744
8247751
8247753
8247759
8247761
8247768
8247770
8247776
8247778
8247785
8247787
8247793
8247795
8247803
8247805
8247818
8248071
8248075
8248277
8248281
8249171
8249175
8251408
8251409
8252230
8252260
8252262
8252537
8252541
8252556
8252560
8252575
8252579
8252594
8252598
8252613
8252617
8252651
8252655
8252941
8252946
8253314
8254686
8256637
8256638
8256683
8256687
8256688
8256689
8258279
8258284
8262306
8262308
8266464
8266510
8266512
8266528
8266530
8266542
8266544
8266556
8266558
8266564
8266566
8266578
8266580
8266592
8266594
8266606
8266608
8266614
8266616
8266631
8266702
8266704
8266715
8266717
8266752
8266754
8266755
8266769
8266771
8266783
8266785
8266786
8266816
8266818
8266824
8266826
8266838
8266840
8266859
8266861
8266862
8266871
8266873
8266880
8266882
8266888
8266890
8266897
8266899
8266905
8266907
8266914
8266916
8266922
8266924
8266931
8266933
8266939
8266941
8266948
8266950
8266956
8266958
8266966
8266968
8266974
8266976
8266982
8266984
8266996
8266998
8267269
8267273
8274704
8274708
8274854
8275590
8275592
8275593
8275602
8275604
8275620
8275622
8275623
8275637
8275639
8275719
8275733
8275735
8275820
8275836
8275838
8275844
8275846
8275852
8275854
8275866
8275868
8277122
8277124
8277501
8277503
8279162
8279164
8280833
8280835
8280841
8280843
8280859
8280861
8280879
8280881
8281310
8281312
8286157
8286159
8287018
8287020
8288125
8288127
8288351
8288353
8288840
8288842
8288889
8288891
8289491
8289493
8293912
8293917
8294865
8294867
8294928
8294930
8295014
8295016
8295080
8295082
8295158
8295160
8295229
8295231
8295293
8295295
8295364
8295366
8295442
8295444
8295507
8295509
8296462
8296464
8296527
8296529
8296963
8296965
8297092
8297094
8297758
8297760
8298105
8298107
8298311
8298313
8298374
8298376
8298438
8298440
8298537
8298539
8298638
8298640
8298844
8298846
8298892
8298900
8298905
8298912
8298919
8298922
8298979
8298981
8299150
8299152
8299284
8299286
8299512
8299514
8299576
8299578
8299675
8299677
8299842
8299862
8299864
8299908
8300028
8300032
8300071
8300073
8300149
8300151
8300221
8300223
8300232
8300240
8300470
8300472
8300534
8300536
8300581
8300583
8300594
8300596
8300857
8300859
8301075
8301077
8301849
8301851
8301862
8301864
8302492
8302494
8302592
8302594
8302717
8302719
8302781
8302783
8304268
8304270
8304276
8304278
8304332
8304334
8304754
8304756
8308507
8308509
8309547
8309549
8309558
8310395
8310397
8310649
8310656
8310658
8312280
8312282
8312293
8312294
8312296
8312305
8312307
8312315
8312317
8312366
8312368
8312596
8312602
8312603
8313227
8313229
8314814
8314983
8314985
8315162
8315164
8315185
8315187
8315758
8316022
8316024
8316597
8317149
8317151
8317789
8318240
8318242
8318586
8318757
8318761
8318912
8318916
8319110
8319114
8319115
8319132
8325087
8328415
8328416
8328913
8328914
8328915
8330911
8331156
8331523
8331584
8332607
8332647
8332658
8332660
8332714
8332716
8332861
8333404
8333927
8333969
8333996
8333998
8334890
8334987
8334988
8336276
8336277
8336278
8336279
8336280
8336281
8336282
8336283
8336284
8336285
8336286
8336287
8336288
8336289
8336290
8336291
8336292
8336293
8336294
8336295
8336296
8337562
8338461
8338715
8338716
8339925
8339929
8340959
8340963
8342165
8342169
8342327
8342331
8342508
8342512
8342667
8342671
8342826
8342830
8343015
8343017
8346905
8346908
8348383
8348387
8348520
8348866
8348893
8349002
8349309
8349403
8349411
8349413
8349425
8349427
8351034
8355007
8355104
8355106
8355118
8355120
8355173
8355175
8355223
8355998
8356002
8356183
8356187
8356207
8357246
8357250
8357405
8357409
8357410
8360961
8360965
8361025
8361027
8361109
8361111
8361270
8361880
8361902
8361904
8361906
8364794
8364797
8366700
8367093
8367095
8367110
8367112
8367126
8367386
8367388
8367739
8367741
8367761
8368077
8368079
8368103
8368161
8368217
8368219
8368248
8368250
8368897
8368899
8368935
8368938
8368952
8368954
8369649
8369651
8370351
8370353
8370935
8370937
8370938
8372540
8372579
8372581
8372604
8373227
8373229
8373230
8373416
8374556
8377406
8377410
8377577
8377581
8377951
8377972
8380774
8381388
8381622
8381991
8381995
8382435
8382474
8382519
8382555
8382556
8382571
8382573
8382585
8382587
8382600
8382602
8382603
8382613
8382615
8382633
8382635
8382643
8382652
8382654
8383043
8383072
8383276
8383303
8383549
8383551
8383717
8383719
8383909
8383911
8383923
8383925
8383937
8383939
8384084
8384086
8384399
8384401
8387430
8387432
8387969
8388149
8388172
8388174
8388213
8388215
8389701
8389726
8389748
8389762
8389764
8389772
8389774
8389861
8389869
8389871
8389884
8389885
8390043
8390047
8390198
8390202
8390376
8390380
8390381
8390543
8393566
8393568
8393869
8393872
8393883
8393885
8394362
8394364
8394702
8394704
8395143
8395145
8395366
8395368
8395380
8395382
8395433
8395435
8395486
8395488
8395714
8395716
8396075
8396077
8396384
8396386
8396638
8396640
8396645
8396647
8397528
8397530
8397541
8397543
8398636
8399291
8399505
8399615
8399618
8399624
8399627
8400156
8400459
8400616
8400618
8400619
8400678
8400680
8400698
8400700
8400754
8400756
8400767
8400769
8400888
8400892
8400929
8401010
8401023
8401027
8401035
8401037
8401043
8401045
8401051
8401053
8401065
8401067
8401153
8401157
8401318
8401335
8401337
8401861
8402218
8402244
8402260
8402287
8402332
8402410
8402412
8402857
8402859
8403183
8403185
8403186
8403354
8403356
8403844
8403846
8403852
8403854
8403860
8403862
8403868
8403870
8403876
8403878
8403891
8405958
8406915
8406917
8406981
8406983
8407007
8407037
8407053
8407258
8407260
8407275
8407277
8407291
8407293
8407682
8407933
8407935
8407944
8407946
8407955
8407957
8407967
8407969
8408092
8408119
8408236
8408238
8408239
8408592
8408619
8408703
8408731
8410272
8410274
8410311
8410344
8410346
8410386
8410388
8410620
8411099
8411101
8411126
8411128
8411152
8411154
8411155
8411202
8411204
8411205
8412346
8412557
8414058
8414453
8414454
8414455
8414555
8415267
8415577
8415579
8415619
8415621
8415622
8415773
8415791
8415793
8415817
8415819
8415846
8416066
8416070
8416071
8416109
8416111
8416123
8416125
8416142
8416144
8416171
8416173
8416201
8416481
8417608
8417610
8417611
8417990
8417992
8418140
8418450
8418452
8418453
8419296
8419298
8419446
8420687
8420689
8420741
8420749
8421401
8421403
8421675
8421678
8421684
8421687
8421693
8421695
8421701
8421703
8421882
8421884
8422123
8422330
8422336
8422594
8422597
8422702
8422718
8423011
8423051
8423133
8423134
8423966
8423969
8424114
8425508
8425857
8425861
8425891
8425895
8425968
8425972
8426008
8426012
8426021
8426025
8427824
8427826
8427880
8429616
8429619
8429928
8429945
8429953
8429970
8430330
8430347
8430900
8430903
8432368
8432372
8432397
8432403
8433052
8433069
8433081
8433098
8433109
8433125
8433197
8433399
8433401
8433421
8433422
8433479
8433496
8435687
8435688
8435689
8435690
8435691
8435692
8435693
8436160
8438984
8438986
8438987
8439070
8439072
8439073
8439084
8439097
8439193
8439211
8439213
8439256
8439257
8439270
8439272
8439284
8439286
8439554
8439607
8439609
8439706
8439720
8439722
8439728
8439730
8439913
8439917
8440349
8440580
8440584
8440585
8440586
8440591
8440648
8440673
8440680
8440706
8440723
8440751
8441450
8441452
8445265
8445266
8445272
8445274
8445280
8445282
8447544
8447548
8447554
8447556
8447619
8447989
8447997
8448247
8448273
8448652
8448657
8448747
8448759
8449283
8449397
8449762
8449891
8449899
8449991
8450066
8451163
8451165
8451475
8451481
8451482
8454427
8455307
8455308
8455310
8455311
8456870
8456872
8456949
8456958
8457131
8457413
8457415
8457436
8457641
8457648
8457655
8458351
8458352
8458369
8458642
8458644
8459466
8459468
8459540
8459541
8459551
8459552
8459590
8459592
8459620
8459629
8461004
8466713
8466741
8466819
8466821
8466827
8466829
8466835
8466837
8466850
8466933
8466935
8466947
8466949
8466961
8466963
8466989
8466999
8467001
8467088
8467090
8467098
8467100
8467183
8467185
8467186
8467224
8467226
8467231
8467233
8467239
8467241
8467247
8467249
8467334
8467343
8467345
8467396
8467398
8467463
8467473
8467474
8467514
8467517
8467518
8467520
8467529
8467532
8467533
8467535
8467554
8467588
8467610
8467632
8467648
8467650
8467655
8467657
8467663
8467665
8467676
8467678
8467684
8467686
8467728
8467730
8467731
8467749
8467751
8467769
8467771
8467789
8467791
8467820
8467857
8467876
8467889
8467906
8467907
8467923
8467937
8467950
8467963
8467969
8467971
8467977
8467979
8467985
8467987
8467993
8467995
8468002
8468009
8468015
8468017
8468023
8468025
8468031
8468033
8468039
8468041
8468047
8468049
8468055
8468057
8468063
8468065
8468071
8468073
8468079
8468081
8468097
8468099
8470614
8470777
8470779
8475860
8475864
8477746
8477764
8478259
8478262
8478271
8478274
8479766
8479771
8481211
8481895
8482610
8482612
8482623
8482625
8482645
8482649
8482662
8482663
8484089
8484639
8484641
8485146
8485148
8485603
8485606
8487143
8487144
8487146
8487147
8487151
8487502
8487504
8487520
8487522
8487529
8487531
8487588
8487605
8487607
8488112
8488114
8488262
8488324
8488328
8488950
8488954
8489860
8493488
8493513
8494499
8494501
8494566
8494568
8494574
8494576
8494582
8494584
8494596
8494598
8495473
8495476
8496044
8497632
8497634
8497635
8497721
8497723
8497826
8497858
8497860
8497915
8497917
8497951
8497953
8497968
8497984
8497985
8497999
8498001
8498013
8498015
8498027
8498029
8498041
8498043
8498055
8498057
8498069
8498071
8498084
8498086
8498099
8498101
8498113
8498115
8498128
8498130
8498143
8498145
8498157
8498159
8498171
8498173
8498185
8498187
8498200
8498202
8498214
8498216
8498228
8498231
8498243
8498245
8498257
8498259
8498271
8498273
8498285
8498287
8498299
8498301
8498313
8498315
8498372
8498385
8498387
8498400
8498402
8512888
8512890
8512964
8512965
8513465
8513515
8513525
8513705
8513709
8513719
8513722
8513821
8513846
8514729
8522085
8522114
8524562
8524564
8524657
8525987
8526074
8526940
8526977
8527272
8527545
8527566
8527661
8527666
8528790
8528899
8529543
8529561
8529563
8529569
8529571
8529620
8529638
8529714
8529741
8529743
8529769
8529782
8529784
8529836
8529866
8529882
8529884
8531137
8531161
8532563
8533142
8533179
8533456
8533537
8533557
8533577
8535628
8535631
8536180
8536206
8536726
8537631
8537632
8537633
8541396
8542085
8542478
8542481
8542954
8542987
8542996
8543851
8544195
8544424
8544426
8544431
8544433
8545200
8545224
8545263
8545469
8545653
8546204
8546796
8546816
8546846
8546856
8547208
8547210
8547579
8547687
8547688
8547690
8547797
8547858
8547859
8547860
8547861
8548225
8548515
8548718
8548720
8549104
8549106
8551437
8551449
8551584
8551588
8554191
8554195
8554693
8554695
8556051
8556053
8560677
8560973
8560975
8560986
8560988
8560989
8561004
8561012
8561014
8561068
8561070
8561088
8561116
8561130
8561132
8561138
8561140
8561152
8561154
8561192
8561222
8561224
8561254
8561288
8561343
8561360
8561380
8561483
8561499
8561501
8561610
8561619
8561621
8561634
8561643
8561645
8561664
8561671
8561673
8561686
8562025
8562029
8562198
8562202
8562359
8562363
8562574
8562578
8562878
8562882
8563045
8563049
8563225
8563229
8563410
8563414
8563566
8563570
8563891
8564740
8564741
8564742
8568332
8568336
8568366
8568376
8571138
8571140
8571541
8571543
8571544
8571671
8571673
8571674
8573360
8573364
8576109
8577331
8577461
8578314
8578767
8578776
8579475
8580111
8580113
8581187
8581189
8582751
8582813
8582857
8583486
8583521
8583530
8583531
8583578
8583935
8583937
8583938
8584040
8584054
8584215
8584222
8584224
8584231
8584325
8584338
8584340
8584341
8584353
8584355
8584376
8584378
8584389
8584391
8584398
8584400
8584678
8584682
8586142
8586144
8586452
8586454
8587100
8587102
8587113
8587115
8587177
8587179
8587239
8587241
8587729
8587731
8587984
8587986
8588167
8588169
8588177
8588179
8588186
8588188
8589474
8589476
8589618
8589620
8589633
8589635
8590229
8590231
8592888
8592890
8593728
8593730
8594852
8595750
8595769
8595771
8595783
8598291
8598295
8598311
8598315
8600267
8600269
8601104
8601178
8601337
8601339
8601352
8601356
8602157
8602988
8603398
8603402
8603651
8603654
8604388
8605560
8605564
8605982
8606833
8606836
8606912
8606915
8606923
8606926
8607055
8607060
8607967
8608040
8609211
8609213
8609239
8609241
8609604
8609608
8610190
8610191
8611263
8611267
8611429
8611430
8612019
8613166
8613195
8616225
8616233
8616418
8616420
8616990
8616992
8617590
8617863
8618194
8618534
8620174
8621211
8621212
8621213
8621245
8621247
8622271
8622273
8622337
8622378
8622410
8622417
8622500
8622546
8623312
8623314
8623378
8623419
8624123
8624130
8624213
8624259
8624391
8625544
8625546
8625547
8625562
8625569
8625573
8625574
8625959
8625962
8626031
8626038
8626170
8626176
8626238
8626319
8626323
8626643
8626659
8627138
8627147
8627212
8627218
8627414
8627417
8627423
8627426
8627432
8627434
8627440
8627442
8627676
8627688
8627720
8627733
8627743
8627747
8628195
8628199
8628262
8628287
8628569
8628572
8628617
8628618
8628654
8628656
8628674
8628694
8628696
8628774
8628830
8628900
8628907
8628909
8629059
8629072
8629074
8629079
8629081
8629087
8629089
8629095
8629097
8629857
8629859
8629904
8629906
8629978
8629980
8630016
8630018
8630217
8630283
8631660
8631662
8632906
8632914
8632916
8632921
8632923
8632928
8632930
8632935
8632937
8632997
8632999
8633013
8633229
8633231
8633234
8633910
8633912
8634615
8637035
8637301
8637307
8637327
8637329
8644195
8644251
8644284
8646349
8647181
8647430
8647472
8647483
8647504
8648263
8648272
8648386
8648390
8648434
8648438
8648443
8648445
8648911
8648913
8648921
8648923
8649986
8649987
8649992
8649994
8650000
8650002
8650009
8650022
8650035
8650090
8650092
8650093
8650109
8650111
8650118
8650131
8650144
8650151
8650164
8650177
8650184
8650209
8650222
8650250
8650272
8650273
8650274
8650588
8650594
8651005
8651007
8651220
8651225
8651244
8651471
8651790
8651792
8651835
8651955
8652806
8653160
8653535
8653537
8653964
8654092
8654238
8654240
8654289
8654496
8655294
8655518
8655533
8657453
8657516
8657518
8657525
8657527
8657794
8657796
8658284
8658308
8658462
8658464
8658472
8658473
8658475
8658476
8658921
8658926
8659070
8659145
8659148
8659214
8659215
8660550
8660552
8660582
8660583
8660584
8661497
8661645
8661877
8661879
8661884
8661886
8661892
8661894
8661900
8661902
8661933
8661935
8661945
8661947
8661978
8661980
8661981
8662144
8662146
8662154
8662156
8662162
8662164
8662200
8662202
8662203
8662262
8662264
8662271
8662284
8662297
8662354
8662383
8662385
8662407
8662409
8662415
8662417
8662429
8662431
8662432
8662440
8662442
8662460
8662462
8662468
8662470
8662477
8662479
8662485
8662487
8662495
8662497
8662504
8662506
8662512
8662514
8662521
8662523
8662529
8662531
8662551
8662553
8662558
8662560
8662566
8662568
8662574
8662576
8662596
8662612
8662622
8662635
8662648
8662654
8662656
8662661
8662663
8662669
8662671
8662678
8662685
8662698
8662705
8662760
8662762
8662763
8662780
8662782
8662809
8662811
8662812
8664303
8664305
8664307
8664309
8664310
8664311
8667076
8667137
8667139
8667375
8667376
8668051
8668073
8668077
8669241
8669268
8669805
8669807
8669815
8669817
8669823
8669825
8669872
8669874
8669886
8669888
8669894
8669896
8669905
8669995
8669998
8670048
8670051
8670344
8670354
8670356
8670540
8670931
8671089
8671194
8671196
8671436
8672418
8672961
8672966
8673368
8673376
8673439
8673442
8674175
8674498
8674500
8676100
8676106
8676385
8676435
8676545
8676567
8679302
8680084
8680186
8680236
8680312
8680737
8680927
8681113
8681254
8681638
8681720
8681722
8681730
8681732
8681996
8682315
8682317
8682524
8682526
8682556
8683000
8683039
8683178
8683180
8683419
8683421
8683487
8683489
8683528
8683590
8683592
8683600
8683602
8683774
8687568
8687732
8687734
8687736
8687737
8687782
8687784
8687847
8687849
8687855
8687857
8687863
8687865
8687870
8687872
8687878
8687880
8687908
8687910
8687935
8687937
8687958
8687971
8687984
8687991
8687997
8687999
8688004
8688006
8688012
8688014
8688020
8688022
8688027
8688029
8688035
8688037
8688043
8688045
8688050
8688052
8688058
8688060
8688076
8688078
8688079
8688131
8688133
8688134
8688142
8688144
8688150
8688152
8688168
8688179
8688183
8688220
8688221
8688271
8688273
8688274
8688296
8688298
8688299
8688349
8688351
8688352
8688405
8688407
8688408
8688456
8688458
8688459
8688466
8688468
8688474
8688476
8688483
8688490
8688496
8688498
8688516
8688518
8688536
8688558
8688587
8688624
8688686
8688696
8688697
8688711
8688713
8688726
8688728
8688729
8688747
8688760
8688767
8688774
8688817
8688823
8688824
8688840
8688841
8689133
8689135
8689564
8689583
8689585
8689795
8689823
8690438
8691169
8691196
8691212
8691247
8691263
8691290
8691945
8691973
8692685
8693198
8693208
8693453
8693470
8693948
8693953
8696864
8696870
8696949
8697096
8697543
8697546
8697591
8697661
8697762
8697768
8698101
8698121
8698275
8698279
8698381
8698399
8698509
8698526
8699190
8699194
8699358
8699360
8699524
8699778
8699780
8699797
8699806
8700294
8700297
8700300
8700909
8700963
8701280
8701281
8701282
8701283
8701284
8701285
8701286
8701287
8701290
8701305
8701307
8701390
8701463
8701619
8701629
8703233
8703303
8703305
8703311
8703313
8703319
8703321
8703970
8704198
8704226
8704519
8704605
8704606
8704608
8704609
8704950
8704952
8704953
8705092
8705096
8705107
8705111
8705122
8705126
8705510
8705514
8705525
8705529
8705540
8705544
8705555
8705559
8705651
8705936
8705999
8706139
8706847
8706849
8708114
8708130
8708449
8708663
8708676
8708689
8708695
8708697
8708707
8708709
8708723
8708725
8708737
8708739
8708746
8708759
8708772
8708785
8708797
8708799
8708815
8708817
8708877
8708879
8708898
8708900
8708971
8708973
8708974
8708988
8708990
8708997
8709004
8709017
8709030
8709036
8709038
8709052
8709054
8709068
8709070
8709078
8709137
8709138
8709146
8709148
8709154
8709155
8709157
8709158
8709192
8709194
8709204
8709206
8709446
8709472
8709515
8709516
8709517
8709535
8711008
8711030
8711032
8711035
8711079
8711108
8711126
8711151
8711156
8711197
8711198
8711215
8711351
8711360
8711387
8711485
8711487
8712281
8712283
8712284
8712294
8712296
8712447
8712449
8712460
8712525
8712528
8712547
8712550
8712569
8712572
8712591
8712594
8712632
8712635
8712653
8712656
8712673
8712676
8712694
8712697
8712715
8712718
8712735
8712738
8712756
8712759
8712776
8712779
8712818
8712821
8712840
8712843
8712860
8712863
8713672
8714941
8714945
8715862
8716105
8716107
8716272
8716307
8716785
8716786
8716788
8716789
8718197
8718208
8719561
8719815
8719821
8719863
8719869
8720145
8720491
8720884
8720885
8721627
8721967
8722586
8722622
8722624
8722630
8722632
8722638
8722640
8722703
8724311
8724324
8724326
8724338
8724340
8724354
8724356
8724366
8724368
8724403
8724406
8724409
8724414
8724416
8724425
8724428
8724431
8724436
8724438
8724447
8724450
8724453
8724458
8724460
8724469
8724472
8724475
8724533
8724535
8724560
8724562
8724587
8724589
8724614
8724616
8724617
8724654
8724656
8724657
8724665
8724667
8724673
8724675
8724717
8724733
8724746
8724753
8724766
8724779
8724792
8724800
8724806
8724808
8724834
8724838
8724855
8725276
8725278
8725310
8725311
8725478
8725480
8725500
8725502
8725517
8725519
8725978
8725982
8726078
8726082
8726410
8726412
8726636
8726637
8726913
8726914
8727112
8727116
8728319
8728348
8728470
8728501
8728615
8728813
8729249
8729251
8729291
8729293
8729768
8730289
8730291
8730296
8730298
8733435
8733437
8733509
8733511
8734355
8737396
8741518
8741520
8741612
8741614
8741766
8741767
8741788
8741790
8741839
8741841
8741849
8741851
8741857
8741859
8741952
8741954
8742054
8742077
8742079
8742085
8742087
8742145
8742161
8742163
8742180
8742182
8742183
8742201
8742221
8742229
8742231
8742244
8742245
8742298
8742312
8742314
8742333
8742352
8742360
8742362
8742368
8742370
8742382
8742384
8742433
8742435
8742441
8742443
8742464
8742466
8743040
8743042
8743092
8743094
8746940
8746942
8746943
8748355
8752063
8752377
8752641
8753504
8753620
8754273
8754319
8755988
8755989
8755990
8755991
8757089
8757269
8757285
8758141
8759155
8759700
8761054
8761077
8762112
8762114
8762115
8763218
8765044
8765045
8765046
8765047
8766426
8766428
8766458
8766464
8766466
8766472
8766474
8766480
8766482
8766497
8766512
8766514
8766522
8766531
8766534
8766537
8766544
8766557
8766587
8766606
8766608
8766633
8766635
8766648
8766650
8766760
8766761
8766771
8766773
8766780
8766782
8766793
8766795
8766801
8766803
8766862
8766876
8766878
8766893
8766894
8766908
8766910
8766972
8766991
8766993
8767000
8767013
8767033
8767035
8767760
8767762
8767768
8767770
8767776
8767778
8771067
8771165
8771412
8771414
8772310
8772311
8772312
8772529
8772531
8772844
8778347
8778349
8782488
8782598
8782643
8782649
8782651
8782900
8782901
8782902
8782903
8782904
8782905
8783252
8783257
8783263
8783265
8783336
8783362
8783392
8783394
8783524
8783526
8783544
8783564
8783580
8783596
8783622
8783624
8783642
8783644
8783673
8783675
8783676
8783745
8783747
8783748
8783749
8783758
8783760
8783766
8783768
8783789
8783795
8783797
8784026
8784030
8784211
8784215
8784216
8784620
8784622
8784623
8784638
8784640
8785079
8785081
8785082
8785506
8785508
8785518
8785520
8785529
8785531
8785541
8785543
8785547
8785572
8785574
8785591
8785747
8785749
8785750
8786143
8786172
8787587
8787591
8788123
8788125
8788250
8788279
8788699
8789288
8789290
8789415
8789444
8789864
8790470
8790507
8790509
8790511
8790512
8790529
8790531
8790645
8790755
8790757
8791688
8793252
8794473
8794497
8796717
8799010
8799086
8801840
8802544
8802545
8802835
8802884
8802888
8805557
8805563
8805749
8805753
8805892
8805894
8806184
8806195
8806215
8806217
8806221
8807096
8808868
8809678
8810133
8810135
8812257
8812290
8813659
8814125
8814136
8814493
8814496
8815217
8815617
8815677
8815679
8816186
8816188
8817722
8817726
8818621
8818622
8818688
8819466
8819950
8820041
8820901
8820911
8821663
8822250
8822252
8822729
8822739
8822742
8822819
8822823
8822824
8822825
8822843
8822845
8822846
8822847
8823253
8823255
8824037
8824039
8824188
8824830
8824832
8825536
8825639
8826158
8826325
8826762
8826763
8826764
8827211
8827213
8828544
8828548
8830902
8830930
8831252
8831336
8831338
8834039
8834216
8834218
8834276
8834278
8834320
8834322
8834364
8834366
8834376
8834377
8834379
8834380
8834405
8834407
8835356
8835358
8836619
8836637
8836639
8836645
8836647
8837088
8837090
8837091
8837097
8837099
8837105
8837107
8838123
8838150
8838153
8838208
8838212
8839190
8839305
8839677
8840894
8840930
8842883
8842885
8842900
8842902
8842908
8842910
8842916
8842918
8843067
8843070
8843192
8843194
8843831
8844434
8844435
8844527
8844566
8844569
8844616
8844950
8845032
8845043
8845183
8845185
8845191
8845193
8845199
8845201
8845710
8846024
8846060
8846460
8846542
8846692
8846695
8847241
8847400
8847405
8848370
8848401
8848403
8848412
8848414
8848517
8848519
8848528
8848530
8848633
8848635
8848889
8848891
8848907
8848909
8848925
8848927
8848943
8848945
8848971
8848973
8848993
8849018
8849206
8849208
8849371
8849373
8849402
8849404
8849764
8849766
8849809
8849811
8849910
8849912
8849980
8849982
8850389
8850393
8850600
8850604
8850759
8850763
8852640
8852642
8852691
8852693
8852745
8852747
8852761
8852763
8852777
8852779
8852793
8852795
8852833
8852835
8852871
8852873
8852887
8852889
8852903
8852905
8853025
8853052
8853137
8853786
8854012
8854045
8854059
8854061
8854120
8854142
8854144
8854220
8854247
8854351
8854378
8854502
8854504
8854520
8854522
8854536
8854538
8854560
8854562
8854574
8854576
8854582
8854609
8855149
8855151
8855215
8855217
8856436
8856508
8856510
8858870
8858874
8865894
8865896
8865901
8865903
8865912
8865915
8865918
8865927
8865930
8865933
8865942
8865945
8865948
8866100
8866468
8866469
8866470
8866502
8867792
8868248
8868266
8868306
8868308
8868311
8868727
8868729
8868851
8869785
8869787
8869812
8869839
8869841
8869856
8869858
8869892
8869894
8869904
8869906
8869915
8869917
8869927
8869929
8869938
8869940
8869950
8869952
8869961
8869963
8869973
8869975
8869982
8869984
8869991
8869997
8869999
8871412
8872304
8872329
8872330
8872335
8872351
8872373
8872375
8872376
8872377
8872379
8872386
8872514
8872518
8872563
8872588
8872593
8872642
8872667
8872669
8872686
8872711
8872713
8872836
8872838
8872839
8872843
8872983
8873004
8873128
8873129
8873134
8873159
8873161
8873178
8873565
8874007
8874009
8874015
8874017
8874028
8874031
8874134
8875551
8875569
8875827
8875832
8876861
8879076
8879081
8879872
8879877
8880899
8880905
8881248
8881253
8882610
8882617
8882829
8882834
8883488
8883493
8883517
8883520
8883645
8884380
8884385
8884790
8884795
8885911
8885913
8885954
8885970
8885980
8885981
8885986
8885988
8885993
8885995
8886003
8886005
8886183
8886185
8886822
8886824
8886846
8886848
8886887
8886889
8886895
8886897
8886903
8886905
8887950
8887959
8887961
8887979
8888016
8888018
8888032
8888034
8888140
8888142
8888148
8888150
8888175
8888177
8888189
8888191
8888217
8888248
8888250
8888281
8888283
8888314
8888316
8888348
8888360
8888362
8888387
8888389
8888421
8888453
8888465
8888467
8888493
8888524
8888526
8888558
8888579
8888597
8888606
8888608
8888633
8888635
8888656
8888684
8888686
8888718
8888750
8888762
8888764
8888791
8888803
8888805
8888830
8888832
8888844
8888846
8888852
8888854
8888903
8888918
8889076
8891184
8891186
8891864
8892033
8892508
8892524
8892628
8892633
8892789
8892794
8892960
8892962
8896623
8896624
8896625
8898201
8898203
8898208
8898210
8898215
8898217
8898222
8898224
8898229
8898231
8898236
8898238
8898782
8898784
8898813
8898815
8899144
8899150
8902133
8902135
8902314
8902316
8902321
8902323
8902340
8902342
8902347
8902349
8903453
8903456
8903462
8903465
8903470
8903472
8904223
8904489
8904518
8904537
8904539
8904552
8904554
8904574
8904576
8904623
8904637
8904639
8904645
8904647
8906239
8906241
8906242
8906245
8906299
8906301
8906562
8906566
8906573
8906575
8906581
8906583
8906600
8906602
8906641
8906643
8906648
8906650
8906655
8906657
8906988
8906997
8907108
8907110
8907115
8907117
8907122
8907124
8907457
8907466
8907954
8908365
8908367
8908394
8908396
8908418
8908420
8908427
8908429
8908564
8908568
8908619
8908672
8908674
8908675
8908689
8908691
8908697
8908699
8908705
8908707
8908713
8908715
8908721
8908723
8908729
8908731
8908737
8908739
8908745
8908747
8908753
8908755
8908761
8908763
8908769
8908771
8908777
8908779
8908785
8908787
8908793
8908795
8908801
8908803
8908816
8909427
8909520
8909522
8909532
8909534
8909584
8909866
8909870
8910051
8910055
8910295
8910299
8910454
8910458
8910615
8910619
8910965
8910966
8912469
8912506
8912517
8912669
8912696
8912712
8912741
8912758
8912785
8914326
8914330
8914940
8914944
8916592
8916995
8918343
8920367
8920618
8920641
8920714
8920718
8920752
8921042
8921044
8921210
8921387
8923316
8923317
8923319
8923320
8923330
8923332
8923336
8923444
8923748
8923896
8924348
8924875
8924877
8924926
8924928
8925618
8925641
8925706
8925708
8925720
8925722
8925803
8925807
8925873
8925875
8926180
8926458
8926722
8927823
8927825
8927838
8927852
8927858
8927860
8927943
8927950
8927952
8927976
8927992
8927994
8928000
8928002
8928009
8928022
8928029
8928058
8928060
8928069
8928071
8928076
8928078
8928084
8928086
8928097
8928099
8928106
8928108
8928127
8928140
8928147
8928149
8928159
8928161
8928290
8928361
8928363
8928513
8931277
8931278
8931289
8931295
8931301
8931302
8931303
8931304
8931308
8932364
8932366
8932370
8932399
8932415
8932442
8933675
8934873
8934875
8935247
8935409
8936312
8936738
8936740
8936878
8936880
8938478
8938480
8939365
8940252
8940254
8940260
8940263
8940449
8940592
8940857
8941435
8941437
8947300
8947489
8947491
8947505
8947507
8947531
8947749
8947821
8947823
8947829
8947831
8947837
8947839
8947845
8947847
8947853
8947855
8947867
8947869
8947881
8947883
8947889
8947891
8947918
8947920
8947921
8947928
8947930
8947936
8947938
8947944
8947946
8947965
8947967
8947968
8948090
8948092
8948093
8948105
8948107
8948108
8948140
8948142
8948143
8948169
8948171
8948172
8948188
8948190
8948191
8948216
8948225
8948226
8948233
8948235
8948256
8948258
8948259
8948272
8948274
8948296
8948298
8948299
8948323
8948325
8948326
8948346
8948348
8948349
8948356
8948358
8948364
8948366
8948372
8948374
8948385
8948387
8948388
8948429
8948431
8948456
8948458
8948459
8948475
8948477
8948478
8948490
8948492
8948493
8948500
8948502
8948508
8948510
8948516
8948518
8948529
8948531
8948532
8948548
8948550
8948551
8948558
8948560
8948566
8948568
8948579
8948581
8948582
8948589
8948591
8948597
8948599
8948605
8948607
8948618
8948620
8948621
8948628
8948630
8948636
8948638
8948644
8948646
8948652
8948654
8948660
8948662
8948668
8948670
8948676
8948678
8948684
8948686
8948692
8948694
8948705
8948707
8948708
8948720
8948722
8948723
8948735
8948737
8948738
8948745
8948747
8948753
8948755
8948761
8948763
8948769
8948771
8948777
8948779
8948790
8948792
8948793
8948800
8948802
8948817
8948819
8948820
8948832
8948834
8948835
8948859
8948861
8948862
8948882
8948884
8948885
8948890
8948898
8948901
8948902
8948909
8948911
8948917
8948919
8948925
8948927
8948933
8948935
8948941
8948943
8948949
8948951
8948957
8948959
8948970
8948972
8948973
8948980
8948982
8948988
8948990
8948996
8948998
8949004
8949006
8949012
8949014
8949025
8949027
8949028
8949038
8949044
8949056
8949059
8949072
8949074
8949075
8949099
8949101
8949112
8949114
8949115
8949122
8949124
8949130
8949132
8949143
8949145
8949146
8949153
8949155
8949161
8949163
8949169
8949171
8949186
8949188
8949189
8949196
8949198
8949204
8949206
8949226
8949228
8949427
8949431
8949666
8949670
8950139
8950143
8950144
8951065
8951069
8951070
8951083
8951177
8951677
8951679
8955656
8955788
8959475
8959476
8959482
8959483
8961284
8961567
8964813
8964920
8965000
8965180
8965209
8965223
8966125
8966127
8966132
8966134
8967241
8967243
8970780
8970782
8970800
8970802
8970808
8970810
8970816
8970818
8970833
8970835
8970836
8970843
8970845
8970870
8970913
8970989
8970991
8971120
8971122
8971134
8971136
8971148
8971150
8971202
8971204
8971218
8971220
8971236
8971256
8971270
8971272
8971635
8971662
8971970
8971974
8972150
8972154
8972159
8973878
8973905
8974037
8974169
8975454
8975481
8976520
8977419
8977421
8977666
8977668
8977912
8977914
8978675
8978677
8979259
8979285
8979286
8979294
8979321
8980617
8980644
8984336
8984340
8985140
8985142
8985255
8985849
8985851
8986776
8986815
8986819
8986829
8987331
8987333
8988180
8988185
8988789
8989174
8990461
8990463
8990764
8990766
8990907
8990909
8991131
8991133
8991307
8991309
8991503
8991505
8991723
8991725
8991870
8991872
8992087
8992089
8992198
8992200
8992309
8992311
8992446
8992448
8992658
8992660
8992769
8992771
8992937
8992939
8993187
8993189
8993301
8993303
8993412
8993414
8994435
8994439
8994825
8994827
8995253
8995257
8995395
8995620
8995666
8995668
8996268
8996295
8996733
8996766
8997852
8997877
8997880
8998240
8998242
9000495
9000499
9001028
9002621
9003233
9003562
9003585
9006342
9006347
9008193
9008194
9008379
9009153
9009622
9009624
9010664
9010897
9010902
9011620
9011622
9011644
9011687
9011689
9011701
9011703
9011781
9011783
9011810
9011812
9011818
9011820
9011828
9011830
9011836
9011838
9011936
9012158
9012160
9012165
9012167
9012219
9012278
9012279
9012288
9012290
9012296
9012298
9012304
9012306
9012312
9012314
9012321
9012334
9013258
9013473
9013477
9013630
9013634
9014284
9015519
9015523
9015678
9015682
9015861
9015865
9015866
9015955
9015957
9016126
9016130
9016358
9016362
9016363
9016379
9016381
9020060
9023472
9023473
9025650
9025652
9027176
9027181
9027479
9027799
9028290
9028420
9029219
9029221
9029283
9029341
9029725
9029749
9030085
9030088
9030120
9030123
9030527
9030528
9033159
9033162
9033529
9033531
9034234
9036470
9036804
9037136
9038530
9038531
9038533
9038534
9038537
9038577
9038598
9038599
9038606
9038607
9038692
9038693
9038699
9038700
9038709
9040260
9040617
9040619
9040802
9040893
9040906
9040908
9040929
9040949
9041114
9041238
9041313
9041368
9041423
9041435
9041437
9041450
9041452
9041487
9041494
9041496
9041529
9041537
9041550
9041563
9041580
9041582
9041594
9041596
9041597
9041598
9041605
9041607
9041620
9041645
9041675
9042433
9042435
9042784
9042788
9042826
9043326
9043558
9043566
9043568
9043581
9043583
9043595
9043597
9043712
9044967
9045202
9045204
9045312
9045314
9045323
9045325
9047120
9047147
9047165
9047192
9048886
9048888
9049458
9049598
9050022
9051005
9051087
9051091
9051092
9051095
9051280
9052928
9052948
9052950
9052965
9052966
9052968
9052970
9052972
9052973
9052974
9052975
9052979
9053319
9053704
9054880
9054881
9054962
9054972
9054997
9054998
9055002
9055648
9055650
9057298
9057299
9057354
9057357
9057859
9057861
9058182
9058185
9058187
9058189
9058190
9058191
9059754
9059755
9059827
9059829
9059830
9059844
9059854
9059856
9059869
9059871
9060005
9060007
9060059
9060061
9060195
9060197
9060213
9060215
9060224
9060226
9060259
9060299
9060301
9060302
9061259
9061943
9061945
9061959
9061961
9062029
9062031
9062045
9062047
9062248
9062269
9062296
9062312
9062339
9062340
9062512
9062539
9062570
9062579
9063621
9063623
9063633
9063635
9063691
9063693
9063696
9063723
9063724
9063749
9063751
9063760
9063762
9063780
9063782
9063891
9063918
9063919
9064103
9064105
9064258
9064260
9064413
9064415
9064572
9064574
9064589
9064591
9064600
9064602
9067868
9067870
9067890
9067892
9067933
9069240
9070202
9070206
9070211
9070213
9070223
9070225
9070630
9070632
9072095
9072098
9072140
9072142
9072730
9072777
9072779
9072870
9072872
9072967
9072969
9073311
9073314
9073543
9073545
9074118
9074256
9074257
9074261
9074262
9074344
9074347
9075175
9075177
9075881
9075910
9076773
9076776
9077703
9079890
9079892
9079981
9080051
9080053
9082267
9082269
9082308
9082310
9082362
9082403
9082405
9082463
9082478
9082524
9082539
9082585
9082632
9082679
9082726
9082739
9082741
9082742
9082743
9082744
9082792
9082811
9082813
9082814
9082854
9082856
9082906
9082989
9083036
9083087
9083138
9083193
9083201
9083203
9083215
9083217
9083248
9083258
9083292
9083348
9083389
9083391
9083442
9083493
9083544
9083559
9083609
9083660
9083723
9083770
9083772
9083826
9083841
9083887
9083946
9083987
9083989
9084047
9084065
9084067
9084068
9084081
9084083
9084084
9084085
9084092
9084094
9084418
9084420
9085223
9085225
9085295
9085297
9085726
9085728
9086105
9086108
9086526
9086528
9086545
9086547
9086561
9086563
9086577
9086579
9086618
9086620
9088551
9088552
9088554
9088555
9088559
9089111
9091251
9091589
9091619
9091907
9092247
9092793
9092797
9092798
9092799
9092800
9092854
9095670
9095672
9097426
9097491
9097493
9097494
9098176
9098491
9098494
9098882
9098884
9099066
9099068
9099178
9099180
9099209
9099211
9099274
9099295
9099341
9099388
9099435
9099495
9099548
9099550
9099551
9099552
9099556
9100713
9103955
9103957
9105301
9105303
9105753
9105755
9105954
9105958
9105963
9105965
9105975
9105977
9106185
9106189
9106221
9106225
9106780
9106782
9107023
9107118
9107149
9107150
9107174
9107176
9107189
9107191
9107513
9107515
9113141
9115831
9115833
9115834
9115871
9115873
9115874
9115884
9115886
9115900
9115902
9115989
9116042
9116044
9116075
9116089
9116103
9116105
9116252
9116254
9116263
9116265
9116277
9116279
9116591
9116595
9116607
9116609
9117108
9117991
9117992
9119221
9119975
9121214
9122756
9122758
9123246
9123497
9124271
9125218
9125253
9125362
9125579
9125582
9125589
9126580
9127043
9127289
9127793
9127795
9129330
9129332
9129472
9129477
9129478
9129480
9129482
9129484
9129485
9129486
9129487
9129488
9129489
9129501
9129502
9129504
9129505
9129509
9129849
9129852
9130749
9131688
9134566
9135610
9135612
9135720
9135726
9136518
9136520
9136832
9136910
9138385
9138852
9138944
9139366
9139370
9139471
9139493
9139495
9139496
9139497
9139505
9139507
9139523
9139547
9139549
9139550
9139566
9139568
9139582
9139590
9139592
9139598
9139600
9139616
9139624
9139626
9139632
9139634
9139640
9139642
9139647
9139649
9139655
9139657
9139664
9139671
9139678
9139684
9139686
9139705
9139714
9139716
9139913
9139915
9139916
9139923
9140115
9140117
9140118
9140466
9140468
9140855
9140874
9141024
9141049
9141051
9141068
9141242
9141269
9141371
9145911
9145915
9146632
9146647
9147047
9147048
9147049
9147115
9147117
9147119
9147120
9147354
9147356
9147699
9147719
9147740
9148450
9148540
9148542
9148552
9148554
9148600
9148602
9148647
9148656
9148659
9150442
9150445
9151107
9151112
9151395
9151488
9151641
9152009
9152489
9152516
9152551
9152557
9153894
9153897
9154121
9154132
9154135
9154145
9154152
9155218
9155221
9155292
9156947
9157634
9158613
9158626
9158628
9158629
9158644
9158660
9158662
9158684
9158686
9158693
9158695
9158701
9158703
9158708
9158710
9158716
9158718
9158752
9158901
9159029
9159128
9159281
9159285
9159488
9159492
9159493
9159561
9159570
9162805
9162821
9162848
9163025
9163027
9163066
9163067
9163068
9163467
9163470
9165283
9165285
9166638
9166640
9166659
9166662
9167525
9167527
9167549
9167551
9167905
9167907
9167912
9167914
9168255
9168256
9168257
9168867
9168899
9168901
9168907
9168909
9168918
9169041
9169042
9169065
9169067
9172897
9176619
9176623
9176654
9176656
9176678
9176680
9177706
9177708
9177744
9177746
9178071
9178073
9178090
9178092
9178884
9178886
9178887
9179637
9179639
9179640
9179651
9179653
9179660
9179662
9179707
9179751
9179799
9179801
9179814
9179816
9179817
9179825
9179827
9179833
9179835
9179842
9179855
9179862
9179875
9179888
9179938
9180024
9180026
9180027
9180110
9180435
9180436
9180519
9180988
9180990
9181326
9181328
9181512
9181516
9181548
9182484
9182488
9182643
9182647
9182802
9182806
9182961
9182965
9184046
9184117
9184118
9184201
9185072
9185073
9185095
9185097
9185185
9185186
9185203
9185331
9185346
9185355
9185489
9186206
9186210
9186233
9186235
9186632
9186636
9188729
9188730
9188773
9189281
9189283
9189284
9189367
9189771
9189772
9189855
9190206
9190207
9190290
9190597
9190598
9190681
9190991
9190992
9191015
9191017
9191076
9191268
9191269
9191317
9191321
9191353
9191637
9191638
9191661
9191663
9191706
9191901
9191902
9191985
9192302
9192303
9192351
9192355
9192387
9192674
9192675
9192758
9193068
9193069
9193092
9193094
9193111
9193113
9193162
9193356
9193357
9193440
9193760
9193761
9193844
9194155
9194156
9194239
9194553
9194554
9194637
9194953
9194954
9195037
9195356
9195357
9195440
9195760
9195761
9195844
9196153
9196154
9196237
9196544
9196545
9196568
9196570
9196629
9196708
9196709
9196792
9197103
9197104
9197187
9197501
9197502
9197525
9197527
9197586
9197781
9197782
9197805
9197807
9197831
9197835
9197867
9197914
9197915
9197938
9197940
9197964
9197968
9198000
9198169
9198171
9198213
9198238
9198241
9198294
9198298
9198307
9198332
9198335
9198574
9198741
9198745
9198760
9199309
9199327
9199421
9199440
9199727
9199729
9199753
9199777
9199792
9199821
9199845
9199859
9199981
9200038
9200064
9200079
9200094
9200098
9200120
9200146
9200161
9200248
9200263
9200277
9200316
9200733
9200734
9200735
9200736
9200816
9200817
9200818
9200827
9203176
9203178
9203179
9204893
9204895
9204904
9204906
9204950
9204952
9204953
9205023
9205025
9205026
9205068
9205070
9205077
9205083
9205085
9205716
9205720
9206131
9206174
9206306
9208050
9208256
9208258
9208265
9208267
9208648
9208650
9208702
9208704
9210266
9212826
9212828
9214047
9214247
9214249
9214670
9215135
9217548
9217549
9217550
9217551
9217552
9217553
9217554
9217555
9217556
9217557
9217558
9217559
9217560
9217561
9217562
9217563
9217564
9217565
9217566
9217567
9217704
9217706
9218659
9220494
9220495
9220496
9220497
9220498
9222224
9222233
9222321
9222323
9222676
9222678
9222694
9222696
9222705
9222707
9222714
9222716
9222730
9222732
9222746
9222748
9222799
9222801
9224853
9225289
9225291
9225920
9225922
9227097
9227099
9227145
9227147
9227239
9227241
9227292
9227294
9227466
9227468
9227534
9227536
9227602
9227604
9227670
9227672
9227738
9227740
9227806
9227808
9227874
9227877
9227943
9227945
9228011
9228013
9228079
9228081
9228147
9228149
9228215
9228217
9228283
9228285
9228351
9228353
9228419
9228421
9228487
9228489
9228555
9228557
9228623
9228625
9228692
9228694
9228760
9228762
9228828
9228830
9228896
9228898
9228964
9228966
9229032
9229034
9229100
9229102
9229213
9229215
9229288
9229290
9229363
9229365
9229438
9229440
9229513
9229516
9229589
9229591
9229664
9229667
9229740
9229742
9229815
9229817
9229934
9229937
9230010
9230012
9230085
9230087
9230161
9230163
9230236
9230238
9230311
9230313
9230386
9230388
9230461
9230463
9230536
9230538
9230611
9230613
9230686
9230688
9230761
9230763
9230836
9230838
9230911
9230913
9230986
9230988
9231061
9231063
9231135
9231137
9231209
9231211
9231283
9231285
9231357
9231359
9231431
9231433
9231505
9231507
9231579
9231581
9231653
9231655
9231727
9231729
9231801
9231803
9231875
9231877
9231949
9231951
9232023
9232025
9232103
9232105
9232165
9232166
9232168
9232169
9232297
9232299
9232369
9232371
9232442
9232452
9232455
9232523
9232525
9232595
9232597
9232667
9232669
9232739
9232741
9232811
9232813
9232883
9232885
9232955
9232957
9233023
9233025
9233092
9233094
9233160
9233162
9233228
9233230
9233296
9233298
9233364
9233366
9233432
9233434
9233500
9233502
9233568
9233570
9233636
9233638
9233704
9233706
9233773
9233775
9233841
9233843
9233930
9233932
9233952
9233954
9234230
9234232
9234272
9234274
9234275
9237415
9238029
9238462
9238464
9238592
9238598
9238600
9238724
9238725
9238726
9238727
9239219
9239223
9239304
9239306
9240828
9241401
9241720
9242130
9242152
9242205
9242206
9242207
9242470
9242472
9242501
9242503
9242510
9242512
9242526
9242528
9242542
9242544
9242558
9242560
9242574
9242576
9242590
9242592
9242606
9242608
9242794
9242817
9242819
9242843
9242845
9242857
9242859
9242914
9242916
9242921
9242923
9242929
9242931
9242969
9244663
9244665
9244679
9244681
9244695
9244697
9244711
9244713
9244727
9244729
9244743
9244745
9244759
9244761
9244775
9244777
9244791
9244793
9244807
9244809
9244823
9244825
9244839
9244841
9244855
9244857
9244871
9244873
9244887
9244889
9244903
9244905
9244919
9244921
9244935
9244937
9244951
9244953
9244967
9244969
9244983
9244985
9244999
9245001
9245015
9245017
9245031
9245033
9245047
9245049
9245063
9245065
9245079
9245081
9245095
9245097
9245111
9245113
9245127
9245129
9245143
9245145
9245159
9245161
9245175
9245177
9245191
9245193
9245207
9245209
9245223
9245225
9245239
9245241
9245255
9245257
9245271
9245273
9245287
9245289
9245303
9245305
9245319
9245321
9245341
9245343
9245357
9245359
9245373
9245375
9245389
9245391
9245405
9245407
9245421
9245423
9245437
9245439
9245453
9245455
9245463
9245465
9245479
9245481
9245495
9245497
9245511
9245513
9245527
9245529
9245543
9245545
9245559
9245561
9245575
9245577
9245597
9245599
9245613
9245615
9245629
9245631
9245645
9245647
9245661
9245663
9245683
9245685
9245699
9245701
9245715
9245717
9245731
9245733
9245747
9245749
9245763
9245765
9245779
9245781
9245795
9245797
9245811
9245813
9245827
9245829
9245843
9245845
9245859
9245861
9245875
9245877
9245891
9245893
9245907
9245909
9245923
9245925
9245939
9245941
9245955
9245957
9245971
9245973
9245987
9245989
9246003
9246005
9246019
9246021
9246035
9246037
9246051
9246053
9246067
9246069
9246083
9246085
9246099
9246101
9246115
9246117
9246131
9246133
9246147
9246149
9246163
9246165
9246179
9246181
9246195
9246197
9246211
9246213
9246227
9246229
9246243
9246245
9246259
9246261
9246275
9246277
9246291
9246293
9246307
9246309
9246323
9246325
9246339
9246341
9246355
9246357
9246371
9246373
9246387
9246389
9246403
9246405
9246419
9246421
9246435
9246437
9246451
9246453
9246467
9246469
9246483
9246485
9246499
9246501
9246515
9246517
9246531
9246533
9246547
9246549
9246569
9246570
9246659
9246973
9246974
9247063
9247374
9247375
9247464
9247777
9247778
9247807
9247809
9247833
9247837
9247869
9248056
9248085
9248580
9248643
9248645
9249166
9249191
9249196
9249293
9249298
9249521
9249528
9249538
9249539
9249541
9249542
9249545
9249561
9249564
9250236
9250443
9250444
9250464
9250953
9250960
9250963
9251010
9251014
9251146
9251148
9251242
9251247
9252671
9252674
9252675
9252676
9252677
9252678
9252679
9252680
9252681
9252696
9252704
9253472
9256718
9260858
9260860
9262862
9263662
9264555
9264557
9265758
9265780
9266454
9266457
9266463
9266466
9267089
9267091
9268244
9268251
9268279
9268281
9269396
9270042
9270064
9270066
9270070
9270071
9270193
9271146
9272214
9272241
9272424
9272425
9272430
9272455
9272457
9272497
9272502
9272715
9272740
9272742
9272782
9272783
9272788
9272815
9272831
9272858
9273032
9273059
9273107
9273177
9273259
9273329
9273447
9273472
9273479
9273480
9274153
9274320
9274917
9274948
9275155
9275156
9275169
9275171
9275350
9275474
9275514
9275516
9275690
9275700
9275702
9275765
9275767
9275956
9275958
9275959
9276097
9276099
9276104
9276106
9276223
9276225
9276230
9276232
9276292
9276423
9276687
9276691
9277368
9277371
9277918
9277920
9278340
9278341
9278794
9278891
9278894
9278895
9279586
9279590
9279719
9280931
9280935
9281607
9281610
9281665
9281666
9281844
9281848
9281972
9282681
9282684
9284236
9284242
9284284
9284289
9284290
9284291
9284295
9284551
9284553
9285417
9285419
9285427
9285429
9285435
9285437
9285446
9285448
9285450
9285451
9285776
9285903
9287487
9287490
9288713
9288715
9288728
9288730
9288753
9288844
9288893
9288895
9288916
9288918
9288947
9288949
9288973
9288975
9288997
9289028
9289042
9289044
9289058
9289072
9289097
9289111
9289113
9289131
9289133
9289147
9289149
9289170
9289184
9289186
9289199
9289201
9289202
9289215
9289217
9289218
9289231
9289233
9289246
9289248
9289267
9289269
9289270
9289271
9289290
9289292
9289311
9289313
9289324
9289326
9289350
9289459
9289557
9289576
9289578
9289600
9289612
9289614
9289623
9289625
9289633
9289635
9289641
9289643
9289655
9289657
9289658
9289738
9289740
9289763
9289854
9289856
9289878
9289884
9289891
9289894
9290092
9290096
9290277
9290281
9290444
9290448
9290449
9290620
9290624
9290625
9290825
9290829
9291002
9291006
9291332
9291334
9291593
9291895
9291897
9292862
9292866
9293123
9293148
9293153
9293171
9293198
9293540
9294450
9294452
9294956
9294985
9295248
9295252
9295285
9295296
9295335
9295368
9296755
9296782
9299254
9299614
9301675
9301676
9301678
9301679
9301684
9301856
9301860
9301862
9301863
9302473
9302475
9302481
9302483
9303615
9303823
9303826
9305086
9305088
9305258
9305833
9305972
9305974
9306707
9306711
9306833
9306874
9306879
9307297
9307608
9307989
9307991
9307992
9308003
9308016
9308022
9308024
9308029
9308031
9308037
9308039
9308046
9308065
9308067
9308081
9308089
9308104
9308106
9308158
9308160
9308166
9308168
9308185
9308187
9308193
9308195
9308214
9308231
9308294
9308296
9308374
9308376
9308454
9308456
9308492
9308494
9308539
9308541
9308932
9308964
9309205
9311869
9311870
9311871
9312243
9312245
9312273
9312293
9312299
9312599
9313114
9313115
9313629
9313632
9313645
9313648
9314880
9314881
9314924
9314925
9314926
9315305
9315341
9315923
9315924
9315925
9315926
9316527
9316528
9316823
9317315
9317317
9317647
9317648
9317872
9317878
9318188
9318396
9318488
9318490
9318919
9318964
9318966
9319000
9319035
9319037
9319038
9319045
9319047
9319226
9319230
9319398
9319402
9319419
9319450
9319452
9319474
9319475
9319477
9319478
9319543
9321434
9321436
9321488
9322483
9322588
9322590
9322662
9322664
9322724
9322726
9322786
9322788
9322848
9322850
9322910
9322912
9323033
9323035
9323217
9323219
9323279
9323281
9323341
9323343
9323403
9323405
9323465
9323467
9323549
9323580
9323785
9323789
9323978
9324169
9324365
9324374
9324393
9324394
9324395
9325259
9325641
9325734
9326552
9326554
9327051
9327053
9327518
9327523
9327713
9327872
9328315
9328322
9328431
9328545
9328744
9328746
9329012
9329045
9329521
9329542
9330107
9330116
9331745
9331746
9331751
9331754
9331755
9331756
9331762
9332978
9333092
9333851
9334512
9334787
9335195
9335197
9335219
9335224
9335239
9335242
9335262
9335267
9335279
9336409
9336903
9336991
9337100
9337215
9337230
9337232
9337238
9337240
9337246
9337248
9337268
9337270
9337327
9337358
9338232
9338234
9338352
9338418
9338420
9338480
9338482
9338679
9338681
9338741
9338743
9339001
9339003
9340295
9340297
9340418
9340420
9340925
9340952
9341006
9342946
9342948
9342949
9343105
9344250
9344394
9346680
9347803
9348112
9348362
9348365
9348506
9348508
9348899
9348903
9348969
9348971
9349490
9349492
9349784
9350162
9350164
9351240
9351371
9351476
9351478
9351910
9351912
9352388
9352412
9352414
9352500
9352502
9352508
9352510
9352516
9352518
9352523
9352525
9352531
9352533
9352544
9352546
9352560
9352562
9352570
9352572
9352583
9352585
9352591
9352593
9352613
9352615
9352616
9352670
9352672
9352673
9352846
9352949
9352976
9353132
9353136
9353142
9353144
9353201
9353228
9353677
9353679
9353680
9355106
9355128
9355132
9355133
9355140
9355167
9355198
9355407
9355438
9359025
9359027
9359033
9359035
9359329
9359331
9359336
9359338
9359343
9359345
9359350
9359352
9360093
9360103
9360122
9360123
9360796
9360797
9360798
9360799
9360800
9360801
9360802
9360803
9360804
9360805
9360806
9360807
9360808
9360809
9360810
9360811
9360812
9360813
9360837
9360839
9361281
9361691
9362455
9362457
9363568
9363571
9364099
9364103
9364496
9364498
9364506
9364508
9364615
9364625
9364641
9364643
9364649
9364651
9364657
9364659
9365598
9365600
9365843
9366101
9366103
9366360
9366504
9366786
9366930
9366958
9366960
9367206
9367477
9367608
9369729
9369948
9369950
9370077
9370168
9370170
9370352
9370357
9370425
9370588
9370598
9371493
9371494
9371495
9372002
9372007
9372306
9372308
9374114
9374630
9374632
9374655
9374657
9374677
9374679
9374702
9374704
9374729
9374731
9374757
9374759
9374779
9374783
9374805
9374809
9374816
9374818
9374823
9374825
9374831
9374833
9374839
9374841
9374846
9374848
9374854
9374856
9374871
9374873
9374894
9374896
9374921
9374923
9374949
9374951
9374962
9374964
9374981
9374983
9374989
9374991
9375018
9375020
9375030
9375032
9375046
9375048
9375056
9375058
9375064
9375066
9375434
9375436
9375446
9375448
9375482
9375484
9375490
9375492
9375497
9375499
9375505
9375507
9375514
9375521
9375528
9375535
9375542
9375549
9375562
9375574
9375577
9375589
9375591
9376166
9376193
9376211
9376238
9378988
9379015
9379102
9379106
9379150
9379159
9379162
9379904
9379906
9379948
9379950
9379994
9379996
9380017
9380170
9380181
9380182
9380334
9380336
9380348
9380350
9380351
9380363
9380365
9380404
9380406
9380413
9380415
9380445
9380447
9380448
9380454
9380481
9381283
9381420
9381920
9381923
9382674
9382676
9382995
9383022
9383589
9383594
9383600
9383602
9384228
9384931
9384935
9385166
9385316
9387055
9387140
9387245
9387247
9388314
9388316
9389726
9389728
9389757
9389759
9390328
9390431
9393551
9393553
9393559
9393561
9393846
9394008
9394585
9394588
9394723
9394726
9395704
9396169
9396170
9397067
9397463
9397569
9397950
9397951
9397952
9397953
9397954
9398027
9398028
9398029
9398030
9398031
9398032
9398057
9398059
9398080
9398082
9398335
9398337
9398340
9398348
9398349
9398350
9398554
9398556
9398566
9398569
9398585
9398697
9399077
9399079
9399281
9399283
9399295
9399297
9399524
9399526
9399671
9399736
9399740
9399766
9399768
9399847
9399849
9399921
9399923
9399924
9399940
9399942
9400019
9400021
9400022
9400039
9400041
9400255
9400426
9400526
9400536
9400538
9400547
9400549
9400556
9400558
9400572
9400573
9400585
9400587
9400596
9400603
9400616
9400622
9400624
9400638
9400640
9400653
9400659
9400661
9400832
9400836
9400837
9400883
9400885
9400936
9400938
9401155
9401159
9401444
9401454
9401455
9401499
9401501
9401730
9401734
9401885
9401889
9402198
9402202
9402214
9402240
9403295
9403299
9403300
9403301
9403334
9403449
9403451
9403452
9403529
9403531
9403543
9403545
9403613
9403615
9405916
9405918
9405942
9405944
9406187
9407878
9407909
9407934
9407936
9407945
9407947
9407958
9407960
9408979
9408981
9409176
9409178
9409733
9410568
9410796
9411349
9411351
9411461
9411470
9411629
9411676
9411865
9411867
9411868
9411869
9412307
9412308
9412309
9412321
9412784
9412819
9412820
9412904
9413098
9413102
9413103
9413104
9413105
9413106
9413107
9413536
9413787
9413788
9415764
9415776
9415934
9415936
9415945
9415956
9416166
9416186
9416562
9416685
9416705
9416707
9417782
9417784
9417798
9417800
9418061
9418064
9419269
9419271
9419487
9419489
9419495
9420701
9420736
9421452
9421550
9421551
9421604
9421606
9421607
9421657
9421659
9421664
9421666
9421672
9421674
9421680
9421682
9421688
9421690
9421696
9421698
9421705
9421712
9421719
9421725
9421727
9421748
9421750
9421779
9421787
9421790
9421806
9421808
9421818
9421986
9421988
9422428
9422432
9422644
9422648
9422822
9422826
9422827
9422886
9422888
9423624
9423626
9426774
9426777
9427474
9427498
9427541
9427549
9427550
9427686
9428739
9429392
9429591
9432073
9433759
9433763
9433766
9433767
9433771
9436827
9436829
9437214
9437216
9438030
9438032
9438477
9438751
9438753
9438846
9438848
9438908
9438910
9438999
9439001
9439056
9439142
9439144
9439228
9439230
9439275
9439277
9440110
9440112
9445737
9447023
9447025
9447099
9447101
9447163
9447165
9449628
9449630
9449640
9449661
9449664
9449692
9449694
9449894
9449896
9449897
9451117
9451120
9451124
9451872
9451874
9451886
9451888
9453716
9455441
9455443
9455505
9455507
9455811
9455813
9455874
9455876
9455894
9455959
9455961
9456064
9456066
9457029
9457031
9457591
9457593
9458303
9459737
9460562
9460598
9460608
9460613
9460653
9460676
9461223
9461225
9461726
9461728
9462885
9462938
9462940
9463947
9464275
9464353
9464355
9464607
9464609
9464926
9465178
9465804
9466058
9466411
9466413
9466905
9466907
9467215
9467217
9467245
9470983
9471644
9471646
9471657
9471659
9472252
9472254
9473317
9473464
9473466
9473713
9473715
9473953
9473955
9475503
9475505
9476113
9476115
9476360
9476362
9477023
9477025
9477342
9478441
9478443
9478672
9478674
9481975
9481977
9481982
9482925
9484402
9484404
9484481
9484483
9484506
9485787
9485794
9485944
9486735
9486737
9486743
9486745
9487923
9487925
9488983
9489899
9489901
9490486
9492224
9492231
9492255
9492980
9492982
9493043
9493045
9495822
9495824
9496090
9496117
9496119
9498213
9498216
9498220
9500401
9501976
9502072
9503526
9503527
9503531
9503532
9503536
9503813
9503888
9503892
9503896
9504203
9504230
9505746
9506889
9506891
9507132
9507134
9507559
9507992
9508374
9508429
9509427
9509549
9509567
9509624
9509658
9509857
9509952
9509954
9510577
9510579
9511667
9511669
9512514
9512516
9512801
9512803
9514097
9514135
9515208
9515210
9515406
9515408
9515675
9515677
9516483
9516485
9516996
9516998
9517653
9517812
9517967
9517969
9520075
9520605
9520623
9520880
9520882
9521295
9521297
9521506
9521508
9521570
9522160
9522178
9522418
9522420
9522635
9522637
9524240
9524312
9524574
9524576
9524637
9524639
9525181
9525183
9525226
9525236
9525238
9525269
9525715
9525717
9527606
9529666
9529668
9529863
9529865
9529894
9529896
9529908
9529910
9529921
9529923
9529935
9529937
9532573
9532575
9543124
9543125
9543127
9543128
9543131
9545450
9547408
9547711
9547818
9547843
9548601
9548603
9548899
9549033
9549137
9549299
9549695
9549697
9549971
9549973
9552652
9554042
9554045
9554049
9554665
9554666
9554874
9555030
9555210
9555816
9555819
9556292
9556293
9556297
9556298
9556301
9558302
9558306
9558308
9558309
9562690
9562692
9562724
9562726
9562727
9562952
9564003
9564005
9564416
9564418
9567275
9567277
9567702
9568271
9568273
9568548
9568662
9568827
9569008
9569311
9569313
9569408
9569410
9571188
9571195
9571197
9571203
9571205
9571752
9571753
9571755
9571756
9571759
9574493
9574575
9574927
9575063
9576509
9576937
9576939
9577108
9577110
9577171
9577173
9577234
9577236
9577298
9577300
9577517
9577519
9577706
9577708
9577837
9577839
9577850
9577852
9577947
9577949
9578180
9578182
9578193
9578195
9578293
9578295
9578394
9578396
9578498
9578500
9578691
9578693
9578791
9578793
9579277
9579279
9584117
9584693
9584852
9584854
9585008
9585010
9585174
9585176
9585538
9585540
9585900
9585902
9586013
9586015
9586104
9586110
9586111
9586113
9586114
9586115
9586229
9586289
9587276
9590269
9590691
9592039
9592136
9593611
9593962
9596769
9596772
9596775
9596776
9596780
9597377
9603963
9604668
9606113
9606469
9606866
9606923
9606979
9607541
9608265
9608269
9608273
9608274
9608278
9608359
9608373
9608377
9608493
9609163
9609165
9609984
9610115
9610132
9610134
9610303
9610399
9610410
9610487
9610488
9610525
9610747
9610835
9611017
9611042
9611069
9611275
9611357
9611360
9611437
9611438
9611439
9611699
9611877
9612402
9613826
9613829
9613833
9613834
9613838
9616130
9616222
9616223
9616230
9616462
9619715
9619773
9621738
9621740
9623036
9623185
9623188
9623189
9623194
9623252
9623379
9623389
9623942
9624922
9624993
9624995
9626137
9626139
9626831
9626893
9627259
9627267
9628601
9628603
9628856
9628858
9629061
9629063
9629237
9629471
9629473
9629978
9629980
9630096
9631864
9631866
9632283
9632285
9633500
9634002
9634598
9634600
9634661
9634663
9634725
9634727
9634822
9634824
9634885
9634887
9634949
9634951
9635012
9635014
9635076
9635078
9635140
9635142
9635206
9635208
9635272
9635274
9635338
9635340
9635404
9635406
9635468
9635470
9635532
9635534
9635614
9635736
9635738
9635837
9635839
9635901
9635903
9635965
9635967
9636336
9636452
9636717
9636720
9636861
9637228
9637268
9637309
9637350
9637479
9637907
9638005
9639143
9639215
9639320
9639326
9639442
9639444
9639569
9639571
9639633
9639635
9639740
9639742
9639804
9639806
9639868
9639870
9640131
9640133
9640195
9640197
9640259
9640261
9640433
9640435
9640560
9640562
9640624
9640626
9640688
9640690
9640752
9640754
9640816
9640818
9640880
9640882
9640950
9640952
9641047
9641049
9641110
9641112
9641174
9641176
9641301
9641303
9641367
9641369
9641432
9641434
9641496
9641498
9641561
9641563
9641626
9641628
9641690
9641692
9641822
9641824
9641885
9641887
9641949
9641951
9642012
9642014
9642076
9642078
9642202
9642204
9642266
9642268
9642330
9642332
9642394
9642396
9642495
9642497
9642568
9642570
9642632
9642634
9642652
9642698
9642700
9642764
9642766
9642829
9642831
9643128
9643130
9643229
9643231
9643393
9643395
9643601
9643603
9643667
9643669
9643731
9643733
9643795
9643797
9643858
9643860
9643922
9643924
9643986
9643988
9644049
9644051
9644113
9644115
9644177
9644179
9644242
9644244
9644443
9644445
9644589
9644591
9644771
9644773
9644836
9644838
9645189
9645264
9645270
9645850
9645852
9645913
9645915
9645984
9645986
9646212
9646214
9646283
9646285
9646409
9646411
9646473
9646475
9646493
9646536
9646538
9646600
9646602
9646671
9646673
9646782
9646784
9647054
9647056
9647199
9647201
9647262
9647264
9647387
9647389
9647596
9647598
9647616
9647792
9647794
9647893
9647895
9647956
9647958
9648020
9648022
9648124
9648126
9648284
9648286
9648442
9648444
9648543
9648545
9648609
9648611
9648673
9648675
9648693
9648861
9648863
9649013
9649015
9649797
9649799
9650056
9650070
9650074
9652940
9652978
9653107
9653173
9653181
9653318
9653326
9653340
9653348
9653943
9654024
9654032
9654060
9654444
9654449
9655250
9655252
9655466
9655468
9657416
9657418
9659517
9659656
9660439
9660441
9660571
9660573
9660668
9660670
9662278
9662280
9662377
9662379
9662476
9662478
9662573
9662575
9662671
9662673
9662769
9662771
9662834
9662836
9663089
9663090
9663092
9663093
9663650
9663652
9663747
9663749
9663925
9664074
9664076
9664275
9664277
9664768
9664770
9665166
9665168
9665951
9666993
9666995
9667448
9667926
9667928
9667968
9667971
9667976
9667990
9668092
9668100
9668333
9668335
9668471
9668473
9668958
9669270
9669272
9669428
9669430
9670549
9670551
9670869
9671106
9671108
9671124
9671146
9671370
9671372
9671986
9671988
9672005
9672007
9673140
9673142
9675601
9675605
9675606
9677437
9677439
9678522
9678943
9678982
9679309
9679311
9679440
9679442
9680768
9680770
9681221
9681223
9681351
9681353
9682181
9682183
9682380
9682382
9682761
9682763
9682775
9682777
9682783
9682785
9682791
9682793
9683726
9683728
9683751
9683753
9684115
9684118
9684123
9684621
9684623
9684695
9684696
9684698
9684699
9684702
9685797
9685799
9685984
9685986
9686801
9687437
9688109
9690286
9690288
9690403
9690405
9690721
9690799
9690801
9690864
9690866
9690932
9690997
9691039
9691043
9691180
9691242
9691352
9693278
9693280
9693491
9693493
9693550
9693552
9693647
9693649
9693705
9693744
9693747
9694176
9694543
9694545
9694643
9694645
9694657
9694659
9695702
9695704
9696206
9696333
9696335
9696402
9696982
9696983
9696985
9696986
9696989
9697479
9697480
9697482
9697483
9697486
9697686
9697688
9697699
9697701
9700345
9700353
9700952
9700975
9701041
9701056
9704094
9706244
9706853
9707174
9707176
9707902
9707904
9708196
9708198
9710101
9710103
9711622
9711624
9712039
9712041
9712726
9712761
9712941
9712943
9715041
9715043
9716165
9716167
9716352
9716354
9717722
9717796
9718794
9718795
9719131
9719155
9719171
9719202
9719249
9719304
9720971
9720973
9721138
9721141
9721243
9721263
9721266
9721480
9721630
9721657
9721661
9721663
9721674
9721676
9721677
9721703
9721704
9721708
9721709
9721712
9721713
9722155
9722157
9722194
9722199
9722203
9722596
9722598
9722925
9723110
9723112
9723307
9724374
9724429
9724454
9725125
9725595
9725597
9725783
9725785
9725860
9726930
9726932
9727363
9727434
9727442
9727475
9727477
9727494
9727496
9732190
9732192
9732996
9735867
9736525
9736527
9736539
9736542
9736547
9737032
9737034
9737080
9737084
9737091
9737093
9737114
9737119
9737418
9737420
9737513
9737515
9737611
9737613
9737772
9737799
9737803
9737883
9737885
9739048
9739050
9739126
9739128
9739422
9739424
9739802
9739806
9740212
9740214
9741244
9741246
9743376
9743378
9743965
9743967
9747448
9747734
9747736
9748918
9748920
9749139
9749141
9750729
9751391
9751393
9752693
9752695
9753657
9753659
9756135
9756137
9757039
9757041
9757052
9757054
9757904
9757906
9757917
9757919
9757931
9757933
9758329
9761352
9761354
9761672
9761674
9762163
9764627
9765026
9765308
9765311
9765315
9766199
9766201
9767853
9767855
9767879
9768471
9768473
9769723
9770531
9770533
9770903
9770905
9771094
9771096
9771275
9771277
9771374
9771376
9771550
9771552
9771613
9771615
9771676
9771678
9771739
9771741
9771810
9771812
9771927
9771929
9771990
9771992
9772067
9772069
9772130
9772132
9772262
9772264
9773947
9773949
9775189
9775235
9775237
9776220
9781815
9781973
9781974
9781976
9781978
9781979
9781980
9781983
9784255
9784299
9784302
9784307
9784528
9784530
9784916
9784918
9785000
9785537
9785539
9786357
9786359
9788018
9788020
9788031
9788033
9788553
9788555
9790016
9790018
9790215
9790217
9790566
9790999
9791001
9793054
9793056
9793151
9793153
9793282
9793284
9793644
9793646
9793990
9793992
9794464
9794466
9794544
9794546
9794962
9794964
9799378
9799380
9799609
9799611
9799841
9799843
9799852
9800445
9800447
9800456
9800913
9800915
9801010
9801012
9803692
9803694
9803797
9805680
9805682
9805861
9806175
9806176
9806180
9806239
9806339
9806402
9807259
9807261
9807382
9808708
9809579
9809581
9809595
9809597
9809644
9812053
9812454
9812456
9814623
9814664
9814666
9814667
9815003
9815005
9815012
9815015
9815019
9815277
9815279
9815347
9815348
9815353
9815354
9815357
9815521
9815523
9815700
9815947
9815949
9815952
9815978
9816005
9816034
9816035
9816053
9816075
9816079
9816105
9816132
9816232
9816236
9816350
9816352
9817380
9817384
9818250
9818252
9818263
9818265
9818454
9818456
9818707
9818709
9818754
9818758
9820034
9820192
9820196
9820526
9820528
9820536
9820656
9820659
9820818
9820978
9820980
9821015
9821017
9821380
9821491
9821771
9822660
9823760
9824245
9824246
9824247
9824248
9824971
9825998
9826000
9826177
9826178
9826180
9826181
9826185
9826186
9829275
9829808
9830202
9830333
9830449
9830527
9830558
9830560
9832252
9833718
9833759
9833761
9833774
9833793
9834284
9834286
9834887
9835135
9835274
9835339
9835345
9835371
9835523
9835524
9835525
9835540
9835567
9835711
9835738
9835781
9835839
9835865
9835893
9836020
9836041
9836066
9836069
9836070
9836071
9837071
9842466
9843931
9843960
9843969
9843976
9848504
9849482
9849486
9853309
9853311
9853945
9853950
9854015
9854016
9854413
9854415
9854689
9854812
9855614
9855616
9862941
9862944
9862949
9863164
9863172
9863193
9863992
9864062
9864064
9864072
9864074
9864094
9864096
9864122
9864124
9864138
9864140
9864160
9864162
9864176
9864178
9864192
9864194
9864301
9864359
9864361
9864430
9864435
9864441
9864478
9864508
9864599
9864703
9865009
9865086
9865089
9865094
9865102
9865129
9865191
9865193
9865202
9865233
9865235
9867444
9867448
9867715
9867717
9867792
9868522
9868526
9868731
9868735
9870337
9870546
9870548
9871635
9871898
9871900
9871905
9871907
9872172
9872173
9872174
9872175
9872176
9872177
9872178
9872179
9872180
9872181
9872182
9872183
9872184
9872185
9872186
9872258
9872263
9872276
9872280
9872324
9872329
9872343
9872347
9872395
9872400
9872413
9872417
9872461
9872465
9872512
9872516
9872564
9872569
9872581
9872585
9872651
9872655
9872700
9872704
9872751
9872755
9872772
9872775
9872780
9872807
9872812
9872877
9872881
9872900
9872904
9872919
9872923
9872940
9872944
9872961
9872965
9872983
9872987
9873004
9873008
9873065
9873069
9873088
9873092
9873201
9873205
9873259
9873261
9873266
9873268
9873273
9873275
9873280
9873282
9873287
9873289
9873294
9873296
9873301
9873303
9873308
9873310
9873315
9873317
9873322
9873324
9873329
9873331
9873336
9873338
9873360
9873364
9873387
9873391
9874193
9874230
9874234
9874731
9875055
9875339
9875342
9876070
9876074
9878393
9878395
9878400
9878402
9878407
9878409
9878436
9878438
9878440
9878441
9878448
9878450
9878453
9878634
9878701
9878703
9878708
9878710
9878715
9878717
9878760
9878762
9878831
9878832
9878834
9878835
9878848
9878850
9878855
9878857
9878862
9878864
9878891
9878893
9878895
9878897
9878899
9878900
9878901
9878902
9878980
9878982
9878998
9879000
9879005
9879007
9879012
9879014
9879040
9879070
9879071
9879073
9879074
9879075
9879396
9880435
9880437
9880442
9880444
9880527
9880651
9881273
9881474
9881547
9881554
9881581
9881617
9881629
9881745
9881781
9881783
9881827
9881829
9881995
9882031
9882215
9882763
9882765
9882773
9882775
9882788
9882790
9882798
9882800
9882804
9883005
9883036
9883066
9883199
9883227
9883229
9883237
9883239
9884761
9885304
9885377
9885384
9885585
9885616
9885703
9885832
9886266
9886268
9886449
9886451
9886607
9886627
9886645
9886795
9887421
9887439
9887552
9887553
9887584
9887625
9887670
9887700
9887718
9887726
9887729
9887730
9887731
9887740
9887950
9887961
9887963
9888221
9888270
9889132
9889347
9889375
9889378
9889380
9889383
9889384
9889385
9889391
9890232
9890235
9890246
9890483
9891335
9891578
9891656
9891671
9891680
9891857
9891859
9892094
9892218
9892221
9893255
9893256
9893257
9893266
9893289
9893300
9893301
9893302
9893313
9893314
9893315
9893326
9893327
9893328
9893404
9893425
9894142
9894147
9896021
9896633
9897594
9897626
9898245
9898352
9898353
9898354
9898356
9898357
9898358
9898359
9898360
9898361
9898389
9898391
9898589
9898907
9898909
9898910
9898911
9898930
9898932
9898986
9898995
9898997
9899137
9899527
9899538
9900262
9901916
9902417
9902419
9902524
9902933
9902937
9902969
9902983
9902985
9902986
9903035
9903037
9903060
9903072
9903872
9903876
9904144
9904266
9905476
9905931
9905933
9905941
9905943
9905952
9905954
9905961
9905963
9906006
9906008
9906009
9909035
9910433
9910435
9911095
9911354
9911462
9912471
9912548
9912550
9912558
9912560
9912578
9912580
9912584
9912585
9912652
9912655
9912798
9912799
9912800
9912801
9912979
9913049
9913052
9913063
9913338
9913832
9914713
9918817
9919115
9919247
9919249
9919325
9919415
9919420
9919978
9920123
9920125
9920136
9920138
9920891
9920893
9920896
9921005
9921016
9921039
9921041
9921120
9921259
9921779
9921781
9921922
9921948
9921981
9923049
9923208
9923274
9923361
9923513
9923532
9923545
9923693
9923706
9923912
9923925
9924208
9924210
9924218
9924220
9924224
9924350
9924352
9924360
9924362
9924366
9924415
9925027
9925186
9925252
9925338
9925471
9926219
9926587
9926786
9926789
9927766
9927768
9927769
9927770
9927790
9927792
9927813
9927815
9927817
9927818
9927847
9927849
9927859
9927861
9928956
9929280
9929282
9929283
9930576
9930578
9930649
9930651
9930683
9930684
9930732
9930748
9930750
9930751
9930752
9930753
9931266
9931268
9931269
9931556
9931558
9932453
9932457
9932833
9933738
9933744
9934532
9934990
9934993
9935036
9935038
9935184
9935186
9935593
9935827
9935830
9935842
9935844
9936219
9936243
9936468
9937267
9937489
9937597
9937599
9937812
9937814
9938611
9938612
9939712
9940525
9940529
9940530
9940616
9940618
9940619
9940620
9940631
9940633
9940641
9940643
9940649
9940651
9940667
9940669
9940670
9940698
9940700
9940701
9940723
9940725
9940726
9941025
9941029
9941184
9941188
9941189
9941381
9941382
9941383
9941384
9941385
9941732
9942001
9942003
9942011
9942013
9943063
9943328
9943447
9943539
9944199
9944312
9946978
9946980
9946995
9947029
9947056
9947098
9947105
9947138
9947928
9947930
9947965
9947967
9947968
9948089
9948091
9948093
9948095
9948126
9948127
9948128
9948129
9948243
9948246
9948248
9948250
9948252
9948254
9948285
9948286
9948287
9948288
9948289
9948290
9948291
9948316
9948318
9948323
9948325
9949321
9949774
9950243
9950282
9950691
9950697
9950751
9950753
9950759
9950761
9951200
9951607
9951713
9951949
9951953
9952134
9952138
9952844
9952846
9953134
9953138
9953707
9953708
9953710
9953711
9953715
9953750
9953915
9953917
9953919
9953920
9953923
9954367
9954376
9954584
9954586
9954591
9954593
9955980
9955982
9956808
9956810
9956889
9957263
9957505
9957521
9957556
9958024
9958033
9958214
9958216
9958222
9958224
9960014
9960016
9960022
9960024
9962286
9962291
9962646
9962647
9962658
9962865
9962939
9962940
9962941
9962942
9963017
9963019
9963115
9963117
9963120
9963169
9963201
9967908
9967988
9968261
9968263
9968413
9968417
9968522
9968523
9968524
9968525
9968689
9968693
9968729
9968738
9968744
9968746
9969627
9969630
9969664
9969666
9969843
9970286
9970289
9970534
9970536
9970801
9970803
9970810
9970811
9970981
9970983
9970995
9970997
9972181
9972213
9972216
9972217
9972228
9972672
9972682
9973036
9973473
9973686
9973688
9973806
9973978
9973980
9974564
9974566
9975148
9975150
9975357
9975615
9975617
9975629
9975631
9975807
9975809
9975972
9975974
9976830
9976831
9978259
9978261
9978446
9978448
9978913
9978915
9979102
9979104
9980133
9980142
9980397
9980406
9981203
9981205
9981611
9981613
9981628
9981632
9982581
9982590
9982596
9983379
9983429
9983463
9983465
9983766
9983774
9983778
9984064
9984085
9984088
9984090
9984093
9984094
9984096
9984097
9984098
9984099
9984100
9984101
9984422
9984692
9984697
9984802
9984804
9985034
9985077
9985093
9986386
9986389
9986394
9987791
9987793
9989344
9989345
9989346
9989347
9990116
9990117
9991459
9991460
9991695
9991704
9991772
9991774
9991785
9991788
9991981
9991985
9992272
9992484
9992485
9992487
9992489
9992490
9992491
9992494
9992774
9992942
9992944
9992956
9992958
9995896
9996024
9996388
9996390
9996813
9996815
9996819
9996820
9996831
9996835
9996879
9996883
9996892
9996895
9996915
9996921
9996932
9996937
9996967
9996973
9996984
9996989
9998201
9998203
9998208
9998209
9998229
9998234
9998278
9998282
9998291
9998294
9998314
9998316
9998320
9998321
9998332
9998333
9998337
9998338
9998368
9998370
9998374
9998375
9998386
9998387
9998391
9998392
9998527
9998544
9999086
9999088
9999093
9999095
9999441
9999460
9999641
9999643
9999648
9999650
9999691
9999710
10000132
10000134
10000139
10000141
10000345
10001415
10001417
10001452
10001466
10001511
10001513
10001546
10001572
10001574
10001590
10001592
10001604
10001606
10001618
10001620
10001646
10001648
10001757
10001759
10001807
10001809
10001814
10001816
10001822
10001824
10001829
10001831
10001837
10001839
10001845
10001847
10001901
10001903
10001921
10001923
10001941
10001943
10001967
10001969
10001987
10001989
10002040
10002063
10002065
10002083
10002085
10002103
10002105
10002123
10002125
10002150
10002152
10002161
10002163
10002169
10002171
10002176
10002178
10002184
10002186
10002213
10002249
10002298
10002320
10002322
10002334
10002336
10002357
10002359
10002368
10002370
10002376
10002378
10002423
10002449
10002451
10002469
10002471
10002489
10002491
10002509
10002511
10002523
10002525
10002537
10002539
10002557
10002559
10002577
10002579
10002597
10002599
10002650
10002676
10002678
10002690
10002692
10002704
10002706
10002718
10002720
10002726
10002728
10002734
10002736
10002742
10002744
10002763
10002765
10002775
10002777
10002783
10002785
10003444
10003455
10003780
10003784
10003819
10003820
10005678
10005711
10005968
10006428
10006458
10006640
10006670
10007272
10007303
10010090
10010121
10010165
10010169
10010172
10012640
10013304
10014014
10014477
10014713
10014715
10014721
10014723
10014729
10014731
10015816
10015820
10015978
10015982
10017298
10017300
10019558
10019800
10022927
10022928
10022929
10022930
10023037
10023270
10023493
10023495
10023543
10023545
10023593
10023595
10023606
10023608
10023936
10023938
10024063
10024065
10024306
10024715
10024719
10024722
10025100
10025103
10025107
10025517
10026385
10026389
10026825
10026829
10028003
10028005
10028017
10028019
10028038
10028040
10028066
10029206
10029208
10029856
10029858
10030726
10030728
10031521
10031523
10033965
10034040
10034125
10034127
10035686
10035688
10035813
10035815
10036071
10036073
10036804
10036806
10036812
10036814
10038860
10038862
10039022
10039024
10039219
10039231
10039233
10039239
10039241
10039247
10039249
10039260
10039262
10039268
10039270
10039281
10039283
10039289
10039291
10039318
10039526
10039538
10040253
10040255
10040410
10040518
10040553
10040640
10041566
10041936
10041992
10041994
10041995
10041996
10042116
10042122
10042123
10042262
10043100
10043298
10043299
10043381
10043784
10043785
10043786
10043787
10044719
10044825
10044872
10044873
10045072
10045076
10045077
10045310
10045314
10045495
10045499
10046449
10046471
10046475
10047903
10047970
10047981
10048094
10048095
10048594
10048598
10048914
10048918
10048919
10049088
10049683
10050059
10050568
10050653
10050654
10050655
10050774
10051073
10051123
10051459
10051463
10052528
10052530
10052723
10052725
10052887
10052889
10052972
10053472
10053473
10053619
10053631
10053633
10053642
10053644
10053673
10053674
10053704
10053706
10054045
10054047
10054048
10054625
10054626
10054653
10054654
10055224
10055780
10055781
10055849
10055869
10055871
10055877
10055879
10055885
10055887
10055946
10055964
10056011
10056013
10056684
10056688
10057876
10060054
10060077
10060261
10060264
10060271
10060273
10060735
10060740
10060742
10060743
10061090
10061103
10061149
10061156
10062632
10062975
10062977
10063081
10063083
10063094
10063096
10063150
10063152
10064720
10064722
10067330
10068501
10068503
10068574
10068624
10068626
10068639
10068641
10068852
10068856
10069607
10071948
10071958
10073564
10073583
10075751
10075752
10075753
10075754
10079622
10079626
10079627
10079628
10079629
10079630
10079631
10079632
10079633
10079634
10079635
10079636
10079671
10079673
10079966
10079967
10079988
10079989
10080447
10080896
10080897
10081673
10081674
10081675
10081676
10081677
10081678
10081679
10081680
10081681
10081682
10081683
10081684
10081685
10081686
10081687
10081768
10081769
10081771
10081773
10081774
10081775
10081961
10082230
10082231
10082232
10082233
10082234
10082297
10082298
10082300
10082301
10082632
10083739
10084284
10084823
10084833
10085011
10085012
10085013
10085014
10085015
10085016
10085017
10085018
10085019
10085020
10085021
10085022
10085023
10085024
10085025
10085026
10085027
10085060
10085062
10085073
10085075
10087121
10087124
10087125
10087126
10087127
10087128
10088664
10088666
10088702
10088704
10089243
10089377
10089826
10089923
10089924
10089925
10089926
10089927
10089928
10089929
10089930
10089931
10089932
10089933
10089934
10090118
10090119
10090120
10090121
10090122
10090123
10090124
10090125
10090130
10090133
10090136
10090206
10090242
10090277
10090313
10090356
10090399
10090442
10090447
10090450
10090453
10091762
10092480
10092735
10092739
10092768
10092772
10092941
10093655
10093659
10094384
10094388
10094389
10094426
10094444
10094476
10094499
10094703
10094707
10094943
10096012
10096312
10096316
10096474
10096478
10096637
10096641
10096806
10096810
10096811
10096982
10096986
10097151
10097155
10097318
10097322
10097675
10098529
10098533
10098926
10098928
10098943
10098945
10098946
10099128
10099132
10099303
10099307
10099719
10099978
10099980
10100003
10100007
10100013
10100019
10100021
10100131
10100133
10100752
10100756
10101128
10101616
10102782
10102783
10102785
10102786
10102790
10102946
10102951
10103731
10103735
10104176
10104180
10105355
10105359
10108012
10108476
10109555
10109559
10110523
10110539
10111664
10111758
10111767
10113456
10113465
10116755
10116756
10118808
10119524
10119709
10122473
10122475
10122564
10122566
10122577
10122579
10122580
10123105
10123109
10123427
10123430
10123472
10123475
10125268
10125504
10125680
10125722
10125725
10126866
10127160
10127181
10127245
10127296
10127298
10127302
10127303
10127692
10127780
10127807
10127810
10127814
10128819
10128863
10128999
10129022
10129032
10129033
10129034
10130724
10130725
10130726
10131273
10131364
10131465
10131473
10131476
10131477
10132169
10132336
10132339
10132340
10132645
10132646
10132647
10132648
10132649
10133025
10133026
10133027
10133028
10133870
10133871
10134212
10134715
10134716
10134717
10135294
10136994
10136997
10137026
10137030
10137635
10137636
10137637
10137638
10137639
10137667
10137669
10137811
10137812
10137895
10137949
10137954
10141167
10141194
10141197
10141495
10141520
10141522
10141535
10141651
10141659
10141661
10141741
10141813
10141820
10141822
10141862
10142008
10142045
10142047
10142090
10142092
10142120
10142122
10142151
10142183
10142895
10142897
10145936
10147112
10147116
10147287
10147291
10148112
10148114
10148648
10148650
10149047
10149202
10149204
10150387
10150389
10150729
10150730
10150865
10150867
10153046
10153656
10153657
10153658
10153659
10153660
10154278
10154659
10155129
10155539
10155560
10155793
10155795
10156493
10156513
10158020
10158021
10158022
10158023
10158024
10158025
10158026
10158027
10158028
10158029
10158061
10158062
10158064
10158065
10158243
10158572
10159392
10159394
10159397
10159400
10159401
10159402
10159406
10159931
10159933
10159938
10159940
10160592
10160595
10160604
10161360
10161361
10161362
10161388
10161469
10161470
10161471
10161487
10161489
10161507
10161509
10161531
10161538
10161556
10161557
10161558
10161559
10161560
10161561
10161562
10161563
10161564
10161565
10161566
10161567
10161568
10161569
10161570
10161917
10161918
10162077
10162155
10162277
10162361
10162362
10162363
10162364
10162365
10162366
10162401
10162403
10162405
10162406
10162419
10162723
10162724
10162725
10162726
10162809
10162937
10162938
10163053
10163081
10163183
10163482
10163498
10163505
10163637
10163961
10163962
10164311
10164716
10164814
10165546
10165747
10166144
10166145
10166179
10166250
10166597
10166598
10167008
10167009
10167461
10167462
10167463
10167464
10167465
10167466
10167467
10167468
10167512
10167669
10167781
10167782
10167783
10168518
10168843
10169061
10169453
10169661
10169662
10170405
10170817
10170821
10170822
10170919
10170921
10170922
10171648
10171686
10171688
10171735
10171737
10171738
10171744
10171746
10171761
10171763
10171764
10171770
10171772
10171778
10171780
10171792
10171794
10171795
10171801
10171803
10171814
10171816
10171817
10172700
10173466
10173470
10173710
10173895
10174382
10175024
10175032
10175295
10175297
10175561
10175562
10175567
10175619
10175620
10175621
10175622
10175623
10175624
10175625
10175626
10175627
10175638
10175751
10175867
10175983
10176096
10176209
10176343
10176345
10176348
10176456
10176572
10176688
10177669
10177670
10177671
10177672
10177757
10178007
10178369
10178373
10179784
10179792
10180287
10180289
10181038
10181563
10181587
10181588
10182407
10182428
10182700
10182702
10183158
10184066
10184067
10184068
10184069
10184307
10184326
10184605
10184743
10184744
10184859
10185013
10185127
10185129
10185147
10185149
10185176
10185183
10185205
10185221
10185245
10185262
10185339
10185592
10185594
10185628
10185631
10185664
10185668
10185837
10186012
10186851
10186853
10187608
10187610
10188742
10188745
10188749
10188854
10188866
10188895
10188896
10188906
10189246
10189294
10189296
10189309
10189311
10189326
10189423
10189425
10189452
10189454
10189511
10189521
10189522
10189530
10189532
10189541
10189543
10189550
10189552
10189564
10189566
10189657
10189664
10189666
10189672
10189674
10189694
10189706
10189708
10189717
10189719
10189775
10189793
10189794
10194847
10195240
10196347
10197741
10197742
10198162
10198164
10198167
10198173
10198174
10198175
10198178
10198904
10198906
10198988
10199009
10199065
10199067
10199278
10199282
10201545
10201552
10203658
10204021
10204086
10204088
10204155
10204517
10204519
10205334
10205336
10205426
10205427
10205428
10205429
10205493
10205495
10205519
10205521
10205544
10205546
10205557
10205559
10205571
10205573
10205615
10205617
10205629
10205631
10205774
10205776
10205787
10205789
10205837
10205839
10206150
10206151
10206282
10206412
10206457
10206470
10206472
10206568
10206635
10206690
10206728
10206730
10206834
10206836
10206847
10206849
10206872
10206874
10206904
10206995
10207073
10207074
10207086
10207088
10207099
10207101
10207483
10208980
10209330
10209331
10209645
10209646
10209740
10209998
10210000
10210512
10210709
10210723
10210727
10212232
10212243
10212245
10214069
10214073
10215468
10215472
10215539
10217372
10217374
10217665
10217667
10217922
10217924
10218057
10218059
10218387
10218389
10219523
10219525
10219801
10220902
10220948
10220949
10220950
10220953
10221017
10221018
10221164
10221175
10221177
10221266
10221268
10221391
10221393
10221536
10221538
10221671
10221888
10222238
10222240
10222427
10222430
10222731
10223065
10223067
10223114
10223116
10223456
10223458
10223470
10223472
10223495
10223497
10223503
10223505
10223511
10223513
10223612
10223621
10223623
10223639
10223641
10223648
10223650
10223675
10223720
10223727
10223729
10225159
10225250
10225253
10225932
10225980
10225985
10225987
10225988
10226122
10226182
10226233
10226235
10226522
10226524
10226530
10226532
10226538
10226540
10226546
10226548
10226579
10226581
10226592
10226594
10228656
10228658
10230063
10230065
10230777
10230779
10232155
10232157
10234606
10235540
10238549
10238551
10239404
10239406
10239487
10239494
10239496
10239502
10239504
10239632
10239641
10239643
10240624
10241360
10241813
10241826
10242770
10245078
10245136
10245251
10245252
10245412
10245414
10245426
10245428
10245461
10245519
10245521
10245526
10245528
10245869
10245872
10245877
10245879
10245891
10245893
10245900
10245901
10245903
10245904
10245910
10245911
10245913
10245914
10245923
10245926
10245938
10245942
10246388
10246533
10246535
10246546
10246548
10246553
10246555
10246560
10246562
10246568
10246570
10246575
10246577
10246583
10246585
10246591
10246593
10246599
10246601
10246608
10246610
10246615
10246617
10246622
10246624
10246629
10246631
10246643
10246645
10246741
10246743
10246748
10246750
10246755
10246757
10246768
10246770
10246798
10246800
10246950
10246952
10247067
10247145
10247147
10247843
10247855
10248890
10248895
10249732
10249737
10251435
10251453
10251721
10251739
10252488
10252490
10252523
10252525
10252668
10252670
10253540
10253542
10255667
10255668
10256516
10257530
10257695
10257698
10258024
10258036
10258069
10258071
10259128
10259223
10259420
10259458
10259460
10259461
10259487
10259489
10259490
10259516
10259518
10259519
10259530
10259532
10259539
10259541
10259547
10259549
10259581
10259591
10259592
10259606
10259608
10259614
10259616
10259623
10259625
10259631
10259633
10259641
10259643
10259650
10259652
10259658
10259660
10259668
10259670
10259677
10259679
10259685
10259687
10259732
10259734
10259735
10259750
10259752
10259770
10259772
10259790
10259792
10259793
10259864
10259928
10259952
10259959
10259961
10259968
10259970
10259976
10259978
10259996
10259998
10259999
10260089
10260175
10260182
10260184
10260233
10260266
10260268
10260274
10260276
10260381
10260383
10260384
10260401
10260403
10260404
10260762
10260766
10261822
10261835
10262908
10262912
10263143
10263147
10265082
10266246
10266248
10267037
10267040
10267053
10267055
10267579
10267581
10268190
10268192
10269113
10269579
10269581
10270120
10270507
10270557
10270559
10270570
10270572
10270615
10271012
10271014
10271140
10272745
10272747
10272794
10273315
10273317
10273476
10273478
10273490
10273492
10273504
10273506
10274096
10274225
10274227
10274265
10274267
10274689
10274691
10276389
10276391
10279060
10279207
10279218
10279220
10279419
10279685
10279703
10279774
10279918
10280015
10280017
10280018
10280027
10280029
10280035
10280037
10280076
10280078
10280079
10280088
10280090
10280096
10280098
10281485
10281870
10281872
10282072
10282074
10282765
10282767
10285357
10285366
10285368
10285374
10285376
10285581
10285816
10286029
10286056
10286184
10286344
10287358
10287360
10287366
10287368
10287374
10287376
10287382
10287384
10287744
10287748
10289095
10289096
10289115
10289735
10289736
10289796
10289855
10289856
10289994
10290240
10290242
10290247
10290249
10290254
10290256
10290267
10290269
10290309
10290311
10290379
10290381
10290386
10290388
10290393
10290395
10290430
10290432
10290437
10290439
10290465
10290467
10290493
10290495
10291128
10291131
10291145
10291147
10291343
10291345
10291802
10291902
10291904
10291912
10291914
10291920
10291922
10292336
10292338
10292534
10292536
10293053
10293055
10293612
10293631
10293632
10293634
10293635
10293670
10293671
10293673
10293674
10293683
10293684
10293686
10293687
10293696
10293697
10293699
10293700
10293997
10293999
10294004
10294006
10294041
10294043
10294156
10294158
10294173
10294184
10294224
10294226
10294236
10294238
10294250
10294252
10294340
10294342
10294343
10294351
10294353
10294566
10294666
10294681
10294685
10294740
10295603
10296705
10296707
10298127
10298129
10298142
10298874
10298875
10298876
10299278
10299306
10300068
10301751
10302035
10302036
10302037
10302038
10302039
10302040
10302041
10302042
10302043
10302265
10302325
10302326
10302327
10302806
10302807
10303304
10303334
10303335
10303336
10303337
10303363
10303368
10303401
10303439
10303445
10303477
10303484
10303623
10303672
10303673
10303678
10303710
10303712
10303713
10303714
10305853
10306191
10306235
10306339
10306364
10306378
10306381
10306384
10306558
10306559
10307011
10307014
10307470
10307473
10307497
10307503
10308988
10308994
10309155
10309171
10309293
10309461
10309464
10309483
10309488
10309860
10310447
10310457
10310485
10310491
10310978
10311036
10311037
10311038
10311179
10312695
10312696
10312697
10312698
10312699
10312700
10312701
10312702
10312703
10312704
10312705
10312764
10312765
10312767
10312768
10312809
10312811
10312813
10312815
10312816
10312817
10313458
10313459
10313570
10313571
10313608
10313622
10313623
10313705
10313746
10313755
10313874
10313931
10314055
10314155
10314217
10314231
10314234
10314237
10314253
10315187
10315757
10315762
10315783
10315788
10315851
10315856
10315997
10316126
10316168
10316448
10316454
10316531
10316532
10316533
10316606
10316608
10317048
10318002
10319232
10319234
10319589
10319606
10319608
10319705
10319719
10319721
10319735
10319737
10319755
10319770
10319772
10319779
10319781
10319787
10319789
10319809
10319811
10319867
10319869
10319875
10319877
10319889
10319891
10319939
10319941
10319967
10319969
10319970
10319989
10319990
10319996
10319998
10320004
10320006
10320084
10320098
10320100
10320125
10320140
10320142
10320158
10320159
10320167
10320169
10320192
10320363
10320367
10322214
10322379
10322477
10322508
10323015
10323017
10323286
10323344
10323346
10323499
10323975
10323977
10324583
10324585
10324620
10324726
10324728
10325402
10325404
10325562
10325564
10325575
10325577
10325810
10325812
10325815
10326514
10326526
10326528
10326539
10326541
10327457
10327459
10328151
10328153
10328348
10328350
10328932
10328934
10329714
10329716
10329842
10330074
10330076
10330129
10330190
10330251
10330351
10330406
10330419
10330421
10330474
10330795
10330797
10330809
10330811
10330841
10330843
10330855
10330857
10330868
10330870
10330882
10330884
10330895
10330897
10330908
10330910
10330921
10330923
10330935
10330937
10330974
10330976
10330988
10330990
10331002
10331004
10331120
10331122
10331850
10331852
10332206
10332413
10332415
10332468
10332470
10332507
10332509
10332591
10332593
10332605
10332607
10332618
10332620
10332631
10332633
10332644
10332646
10332657
10332659
10332670
10332672
10332683
10332685
10332721
10332723
10332916
10332918
10332930
10332932
10332967
10332969
10332981
10332983
10332994
10332996
10333007
10333009
10333020
10333022
10333390
10333392
10333561
10333563
10333575
10333577
10333706
10333708
10333829
10333831
10334455
10334457
10334862
10334864
10334875
10334877
10334888
10334890
10335060
10335062
10335076
10335077
10335084
10335085
10335089
10335344
10335346
10335650
10335652
10335703
10335787
10335789
10336048
10336050
10336086
10336088
10336180
10336191
10336193
10336205
10336207
10336447
10336449
10336461
10336463
10336760
10338105
10338107
10340231
10340258
10340404
10340852
10340854
10340957
10340959
10341449
10341451
10341681
10341683
10341938
10342045
10342284
10342286
10342367
10342891
10342893
10342952
10342954
10342987
10343052
10343054
10343066
10343068
10343180
10343825
10343827
10344012
10344014
10344079
10344081
10344149
10344151
10344162
10344164
10344176
10344178
10344293
10344294
10344295
10344333
10344335
10344466
10345811
10345813
10346711
10346712
10346714
10346715
10346721
10346723
10346745
10346746
10346748
10346749
10346768
10346769
10346771
10346772
10346783
10346784
10346786
10346787
10346794
10346796
10346831
10346834
10346836
10346837
10347063
10347073
10347861
10347971
10347973
10347991
10347993
10348029
10348047
10348049
10348067
10348069
10348087
10348089
10348107
10348109
10348345
10348533
10348561
10348637
10349122
10349130
10349167
10349174
10349302
10349304
10350811
10350819
10350881
10351248
10351615
10351617
10353011
10353012
10353067
10353184
10353186
10353448
10353450
10353451
10353622
10353624
10353625
10353653
10353655
10353656
10353789
10353791
10353792
10353793
10353872
10353939
10353941
10353942
10354053
10358362
10359650
10361072
10361365
10361368
10361372
10361509
10361514
10361547
10361551
10361555
10361558
10361559
10361560
10361565
10363104
10363839
10363841
10363918
10363920
10364000
10364002
10364069
10364071
10364099
10364101
10365344
10365346
10365392
10365478
10365480
10365487
10365489
10365495
10365497
10365510
10365512
10365739
10365741
10365747
10365749
10365755
10365757
10366675
10369208
10369331
10373112
10373114
10373118
10373130
10373133
10373135
10373139
10373155
10373156
10373157
10373158
10373159
10373160
10373161
10373162
10373168
10376631
10376648
10376667
10376670
10376671
10376672
10376996
10376997
10376999
10377001
10377002
10377003
10377016
10377017
10377021
10377022
10377069
10377070
10377090
10377157
10377158
10377159
10377546
10377549
10377584
10377587
10378029
10378031
10378700
10378710
10378790
10378974
10378983
10378985
10380211
10380213
10380775
10380777
10381327
10381346
10382436
10382453
10383409
10383411
10383449
10383451
10383465
10383467
10383475
10383477
10383485
10383487
10383495
10383497
10383505
10383507
10383518
10383520
10383541
10383543
10383578
10383580
10384030
10384032
10384052
10384054
10385420
10385422
10385633
10385635
10385655
10385657
10386124
10386126
10388239
10388241
10388252
10388254
10388290
10388294
10388313
10388316
10388352
10388354
10388359
10388361
10388385
10388387
10388392
10388394
10388400
10388402
10388407
10388409
10388414
10388416
10388422
10388424
10388429
10388431
10388439
10388449
10388469
10388471
10388594
10388596
10388629
10388652
10388729
10388739
10388747
10388757
10388765
10388775
10388778
10388784
10388789
10388804
10388814
10388822
10388832
10389066
10389075
10389179
10389181
10389233
10390011
10390013
10390428
10390430
10390470
10390480
10390748
10391014
10391035
10391059
10391086
10391087
10391090
10394906
10394908
10397234
10397272
10397339
10397644
10397645
10397647
10397649
10397651
10397653
10397655
10397657
10397659
10397661
10397662
10397663
10397664
10397665
10397666
10397667
10397668
10397669
10397672
10399166
10399203
10399546
10399548
10399557
10399559
10399565
10399567
10399841
10399843
10400077
10400090
10400111
10400117
10400230
10400309
10400349
10400350
10400381
10400383
10400392
10400394
10402278
10402281
10402296
10402299
10402433
10402435
10402950
10402952
10402954
10402955
10402967
10402973
10402984
10402985
10402987
10402989
10402990
10402991
10404558
10404569
10404581
10404592
10404922
10404923
10404925
10404927
10404928
10404929
10404938
10404955
10404957
10404961
10405000
10405001
10405002
10405022
10405024
10405033
10405035
10405205
10405207
10405259
10405261
10405484
10405488
10405509
10405511
10406485
10406487
10406492
10406494
10408144
10408640
10408642
10408649
10408651
10408657
10408659
10408666
10408668
10408843
10409265
10410236
10410238
10410245
10410247
10410253
10410255
10410262
10410264
10410415
10411145
10411156
10411170
10415356
10418458
10418579
10418580
10418651
10418652
10418658
10422613
10422615
10424602
10425642
10425681
10425780
10425806
10425808
10425815
10425817
10426343
10426345
10426635
10426637
10426724
10426726
10426795
10426799
10427357
10427358
10427360
10427361
10427364
10427486
10427490
10427624
10427628
10427733
10427735
10430728
10430729
10430775
10430776
10438078
10438080
10438084
10438827
10439833
10439858
10439860
10440212
10440214
10440224
10440226
10443408
10443410
10443474
10443477
10443485
10443493
10443496
10443497
10443501
10443658
10443762
10444595
10444632
10444944
10444945
10444951
10444953
10445131
10445135
10445150
10445152
10446092
10446094
10446478
10446480
10446925
10446927
10447127
10447128
10447130
10447131
10447900
10447902
10447913
10447914
10447982
10448245
10448350
10448352
10448567
10448734
10448740
10449006
10449007
10449008
10449009
10449010
10449011
10449061
10449063
10449187
10449189
10449192
10449746
10449749
10449752
10450105
10450181
10452585
10452588
10452684
10452685
10452687
10452688
10453340
10453341
10453343
10453344
10453347
10453530
10453830
10454210
10454211
10454213
10454215
10454217
10454218
10454219
10454220
10454819
10454823
10454832
10454835
10456398
10456399
10456401
10456402
10456409
10456411
10456419
10456420
10456422
10456423
10461306
10462424
10462426
10462867
10462869
10462890
10462892
10462940
10462943
10464102
10464787
10464798
10464799
10464808
10464811
10464844
10464847
10467662
10467984
10468028
10468031
10468033
10468083
10468088
10468089
10468090
10468091
10474607
10474650
10474669
10474690
10474706
10474707
10474708
10476280
10479820
10479822
10481095
10481097
10481501
10481503
10481696
10481698
10482105
10482107
10482269
10482271
10482413
10482415
10482420
10482422
10483559
10483598
10485521
10485523
10485975
10485977
10486284
10486286
10496949
10496951
10496956
10496958
10496963
10496965
10498654
10498656
10498864
10498866
10502467
10502525
10504058
10504109
10504110
10504112
10504114
10504285
10504286
10504287
10504288
10504289
10504290
10504291
10504352
10504354
10507905
10507907
10511317
10511319
10514077
10514092
10514111
10514186
10514189
10514192
10514207
10514208
10514209
10514210
10514211
10514212
10514215
10517898
10517929
10517962
10517964
10517965
10517980
10517981
10517983
10517985
10517986
10517987
10517992
10518662
10520152
10521665
10521666
10521668
10521669
10521739
10521741
10522038
10522039
10522047
10522048
10522049
10522050
10522409
10522412
10523497
10523498
10523501
10523505
10523506
10523507
10524465
10524472
10524476
10529854
10529855
10529857
10529858
10529924
10530059
10533063
10533232
10533233
10533235
10533237
10533238
10533239
10535983
10537467
10542341
10543009
10544963
10545071
10545073
10545075
10545076
10545099
10545100
10545102
10545104
10545106
10545107
10545108
10545109
10545116
10545118
10545124
10545126
10545132
10545134
10545138
10545149
10545153
10545169
10545171
10545177
10545179
10545184
10545186
10545192
10545194
10545212
10545222
10545223
10545225
10545227
10545229
10545231
10545233
10545234
10545235
10545236
10545237
10545238
10545239
10545740
10545854
10545855
10545869
10545870
10545877
10546516
10547014
10547040
10547572
10547574
10547585
10547587
10548514
10548521
10550198
10553156
10553159
10553169
10553171
10555089
10555093
10556222
10556224
10556226
10556227
10557371
10557373
10557388
10557389
10557391
10557393
10557395
10557397
10557398
10557399
10557400
10557401
10557406
10557422
10557424
10557430
10557431
10557433
10557438
10557439
10557440
10557441
10557442
10557464
10557468
10557469
10557474
10557475
10557476
10557519
10557521
10557571
10557573
10557604
10557606
10557608
10557610
10557611
10557612
10557621
10558463
10559691
10559726
10560253
10560255
10561017
10561019
10562573
10562577
10564612
10564638
10564760
10567158
10567698
10567700
10567705
10567707
10568282
10568284
10568322
10568356
10568358
10569303
10569305
10569313
10569314
10569316
10569317
10576230
10576232
10576239
10576241
10576246
10576248
10576254
10576256
10577496
10577498
10577501
10577502
10577506
10577791
10577798
10577800
10577801
10582420
10588877
10588879
10588884
10588886
10588892
10588894
10588899
10588901
10588907
10588909
10588914
10588916
10588922
10588924
10588930
10588932
10588937
10588939
10588946
10588948
10588956
10588958
10588968
10588970
10588979
10588981
10588990
10588992
10589001
10589003
10589009
10589011
10589249
10589404
10594294
10595637
10595646
10595650
10599657
10599660
10599661
10599663
10599664
10599665
10599669
10604561
10604562
10604569
10604572
10604574
10604575
10604576
10604577
10607845
10607847
10607858
10607860
10607865
10607867
10607901
10607907
10607908
10607911
10607912
10607913
10607914
10607915
10607916
10607917
10607918
10607919
10607920
10607948
10607950
10607961
10607963
10607980
10607982
10611811
10615430
10615432
10616714
10616715
10616717
10616719
10616721
10616722
10616723
10616724
10616731
10616732
10616842
10616844
10621006
10621053
10621170
10621217
10622677
10622697
10622719
10622730
10622731
10622733
10622735
10622736
10622737
10622755
10622756
10622758
10622760
10622762
10622764
10622765
10622766
10622767
10622768
10622783
10622784
10622786
10622788
10622789
10622790
10622803
10622804
10622806
10622808
10622809
10622810
10622817
10622819
10622827
10622828
10622830
10622831
10622848
10622849
10622851
10622853
10622855
10622857
10622858
10622859
10622860
10622861
10622867
10623886
10624070
10624072
10625407
10627604
10628164
10628176
10628209
10628242
10628243
10628253
10628615
10629151
10629655
10629657
10631501
10631503
10631509
10631511
10631514
10634979
10635028
10635035
10635039
10640685
10640687
10640689
10640690
10640712
10640714
10641107
10641109
10644274
10644277
10644318
10644320
10647666
10647668
10647688
10647690
10647709
10647711
10649853
10649856
10649860
10653134
10653139
10653143
10653283
10653309
10653444
10653446
10654724
10654728
10654732
10655343
10655472
10655495
10655497
10655499
10655501
10655502
10655503
10655504
10655513
10655598
10655599
10655614
10655615
10657121
10657122
10657124
10657125
10657131
10657132
10657134
10657135
10657160
10657162
10657174
10657175
10657177
10657178
10668142
10668522
10668523
10668525
10668527
10668529
10668530
10668531
10668532
10669290
10669292
10677284
10678537
10678539
10678923
10679021
10679023
10679033
10679035
10679037
10679071
10679377
10679384
10679385
10679386
10679387
10679388
10679389
10679390
10679391
10679400
10687948
10687958
10690358
10690360
10690363
10691550
10692250
10692254
10704755
10704757
10704758
10704761
10711605
10711610
10711646
10711650
10711651
10711652
10711658
10714937
10714939
10714942
10719058
10719060
10719062
10719063
10719072
10719073
10719075
10719076
10719080
10719119
10719244
10724335
10724337
10724340
10724587
10724589
10724591
10724593
10724594
10724595
10724596
10724600
10727820
10727821
10727823
10727824
10727828
10728058
10728073
10728075
10737768
10737772
10746293
10746295
10746305
10746306
10746308
10746310
10746311
10746312
10746362
10746364
10746366
10746368
10746369
10746370
10746406
10746408
10746410
10746412
10746413
10746414
10746445
10746447
10747893
10748647
10748711
10748733
10748735
10748869
10751078
10751470
10751475
10751484
10751661
10751900
10751901
10751902
10751903
10751904
10751922
10751924
10754773
10754949
10754950
10754952
10754953
10754959
10754961
10755118
10755120
10755122
10755127
10755129
10755131
10755132
10755133
10755134
10755135
10755146
10755310
10756163
10760815
10761408
10761814
10761922
10761924
10761928
10761931
10761943
10761945
10761951
10761952
10761953
10761954
10761955
10761956
10761957
10763056
10765350
10765352
10766219
10766262
10770070
10770074
10770077
10770078
10770080
10770081
10770082
10770083
10770086
10770366
10774210
10775427
10775993
10776110
10776111
10785509
10785530
10785541
10785558
10785568
10785570
10785572
10785574
10785576
10785578
10785582
10785583
10785584
10785585
10785586
10785587
10785595
10786335
10786337
10786339
10786351
10786352
10786354
10786356
10786358
10786360
10787716
10788531
10788532
10788533
10788534
10788535
10788536
10788537
10788538
10788539
10788540
10788572
10788589
10788596
10788611
10788667
10788669
10788786
10788796
10788798
10788799
10792861
10792882
10792886
10792887
10792897
10804304
10806361
10807394
10807487
10807494
10808393
10808395
10808400
10808402
10810425
10810463
10810502
10810910
10810912
10810939
10810941
10812211
10812467
10812979
10812981
10813446
10813448
10813456
10813458
10813602
10813603
10813605
10813606
10814518
10814520
10816087
10816089
10816140
10816142
10816148
10816150
10816165
10816167
10816173
10816175
10816181
10816183
10816314
10816316
10816566
10816568
10817499
10819428
10820553
10824899
10824900
10824902
10824903
10830129
10830218
10830568
10830588
10830661
10830820
10830837
10830845
10833338
10833339
10833341
10833342
10833695
10833696
10833731
10833732
10834955
10834956
10834958
10834960
10834962
10834963
10834964
10834965
10835575
10835579
10835598
10835599
10835601
10835602
10837935
10838272
10840505
10841000
10851635
10851636
10851638
10851640
10851642
10851644
10851646
10851647
10851648
10851649
10851650
10851651
10851659
10851661
10858695
10858758
10858760
10858762
10859180
10859181
10859182
10859268
10859269
10859271
10859273
10859275
10859277
10859279
10859281
10859282
10859283
10859284
10859285
10859286
10859287
10859350
10859351
10859353
10859355
10859356
10859357
10861680
10862310
10863518
10863552
10863628
10863631
10863636
10863637
10864388
10864390
10864546
10864549
10864553
10864592
10864593
10864594
10864595
10864596
10864636
10864638
10864655
10864657
10864684
10864686
10864719
10864721
10864754
10864756
10864794
10864796
10864810
10864812
10864850
10864852
10864874
10864876
10864892
10864894
10864916
10864918
10867448
10867449
10867451
10867452
10872442
10872609
10872610
10872640
10872641
10872642
10872661
10875843
10877886
10877968
10878025
10878026
10878028
10878029
10878030
10882478
10882549
10887923
10887934
10887945
10887946
10892433
10892434
10892436
10892437
10894632
10894633
10894640
10894641
10894643
10894644
10894645
10894646
10894649
10895004
10896098
10897043
10903507
10903509
10915735
10915737
10916029
10916048
10916123
10916188
10916227
10916480
10916546
10916571
10916587
10916606
10916632
10916650
10916786
10916804
10916829
10916846
10916857
10916911
10916941
10916942
10916944
10916945
10916948
10917390
10925318
10926849
10926850
10926852
10926854
10926856
10926858
10926859
10926860
10926861
10926862
10926868
10927016
10927606
10930256
10930589
10930856
10931375
10931376
10931378
10931379
10931590
10936635
10936918
10937148
10937352
10937697
10937952
10938055
10938091
10938101
10938103
10938119
10938120
10938122
10938123
10938131
10938132
10938134
10938135
10938166
10938168
10946740
10946799
10947408
10948110
10948117
10948839
10948866
10948868
10948922
10948925
10948928
10948930
10948934
10948950
10949130
10949131
10949132
10949133
10949134
10949135
10949136
10949137
10949138
10949139
10949140
10949146
10949154
10949157
10949160
10949894
10950115
10950133
10951630
10951632
10963397
10963815
10963816
10963843
10963844
10963874
10966805
10970239
10970241
10970244
10973651
10973652
10973735
10973736
10973738
10973739
10973740
10973741
10973747
10976596
10978220
10985130
10985135
10985138
10987343
10987344
10987346
10987347
10991488
10991494
10991496
10991497
10991500
10994119
10994179
10994183
10994364
10994371
10994375
10994642
10995852
10995854
10995881
10995883
10995913
10997623
10997625
10997628
11002864
11002866
11002869
11002870
11002874
11008646
11008648
11008651
11009260
11009332
11009374
11009379
11009382
11009383
11009384
11009385
11009398
11012293
11012369
11012372
11012472
11012473
11012476
11032886
11032890
11032892
11032893
11032897
11051108
11051110
11053022
11058262
11058265
11058267
11058291
11058296
11058297
11058298
11058299
11058304
11071454
11075351
11075353
11075364
11075366
11075367
11075368
11076644
11076650
11076654
11083374
11083380
11083384
11083386
11083387
11083388
11083844
11086053
11086235
11086247
11088879
11092892
11092947
11092960
11094802
11094804
11094809
11094811
11116732
11116734
11129711
11129714
11129719
11129722
11129723
11129724
11129728
11151170
11151268
11161047
11161049
11161083
11161085
11161405
11161407
11162012
11162014
11171833
11171835
11171840
11171842
11180992
11181007
11181053
11181055
11181070
11181072
11181717
11181718
11181720
11181721
11182207
11182209
11182234
11182236
11184099
11184101
11184103
11184104
11184107
11185610
11185614
11188549
11188551
11189675
11191500
11191502
11191556
11191762
11191765
11192277
11192281
11192283
11192285
11192287
11192292
11192293
11192294
11192295
11192296
11192316
11192320
11192322
11192324
11192326
11192333
11192334
11192335
11192336
11192337
11193389
11193428
11193521
11194584
11196071
11196113
11197141
11197144
11202100
11203496
11203498
11210589
11210591
11210597
11210599
11210605
11210607
11210619
11210621
11210623
11210624
11210631
11210633
11210637
11211172
11213692
11213694
11216342
11216346
11216507
11216523
11217154
11217156
11217359
11217364
11217459
11217473
11218255
11218260
11218505
11218506
11218508
11218509
11218590
11218594
11219069
11219073
11224117
11224147
11224150
11224181
11224191
11224197
11224198
11224199
11224200
11224201
11224304
11224340
11225248
11225423
11225821
11225831
11226011
11226015
11226315
11226317
11226406
11226408
11226673
11226675
11227125
11227136
11227404
11227408
11227503
11227505
11228827
11228829
11228841
11228843
11228851
11228853
11230249
11230272
11231125
11231127
11231397
11231400
11231404
11231701
11231703
11231726
11231728
11232133
11232138
11232230
11232235
11232598
11232602
11232641
11232645
11232674
11232678
11232722
11232726
11233721
11233724
11233786
11233791
11233827
11233832
11234573
11234575
11234799
11234801
11236185
11236216
11237228
11237230
11237237
11237239
11237384
11237386
11237494
11237496
11237826
11237828
11239178
11239182
11239258
11239262
11239351
11239353
11239445
11239449
11239810
11239815
11239816
11239819
11239830
11239831
11239832
11239833
11239841
11239934
11239936
11239941
11239943
11240273
11240275
11240281
11240283
11240288
11240290
11240295
11240297
11240302
11240304
11240671
11240673
11240716
11240718
11240825
11240828
11241194
11241197
11241330
11241332
11241337
11241339
11241344
11241346
11241527
11241531
11241988
11241992
11242274
11242276
11242419
11242421
11242438
11242440
11242488
11242490
11243234
11243236
11245399
11245401
11245406
11245408
11245657
11245659
11245676
11245678
11245683
11245685
11246191
11246193
11246198
11246200
11246205
11246207
11246307
11246309
11246580
11246582
11246585
11246944
11246946
11247141
11247143
11250279
11250283
11252671
11252673
11252684
11252686
11253276
11253278
11253292
11253294
11253299
11253301
11253345
11253347
11254581
11254587
11255183
11255187
11256873
11256889
11256892
11260563
11260567
11260743
11260746
11260752
11260755
11260920
11260924
11260941
11260943
11261130
11261132
11261905
11261908
11263266
11263268
11263273
11263275
11264035
11264038
11264131
11264133
11264138
11264140
11264146
11264147
11264149
11264150
11264153
11267505
11267510
11267520
11267523
11267556
11267560
11267783
11267785
11267790
11267792
11267797
11267799
11268612
11268614
11268625
11268627
11268655
11268659
11268665
11268672
11268673
11268674
11268994
11269002
11269065
11269067
11269304
11269306
11269545
11269547
11270031
11270033
11270038
11270040
11270045
11270047
11270058
11270060
11270065
11270067
11270501
11270503
11270576
11270578
11270653
11270656
11270671
11270674
11270684
11270685
11270686
11270687
11270691
11270713
11270715
11271441
11271444
11271456
11271480
11271886
11271890
11276462
11276489
11276549
11276550
11276799
11277484
11277496
11277908
11279421
11281468
11281472
11281572
11281574
11282855
11282874
11286886
11287280
11287305
11288026
11288030
11288242
11288523
11289091
11291080
11291163
11292437
11292535
11293354
11293374
11293920
11293953
11294249
11294957
11295509
11295785
11296012
11296027
11296144
11296247
11296464
11296466
11296476
11296478
11297069
11297222
11297295
11297305
11297309
11297327
11297330
11299469
11299700
11299800
11300478
11300577
11300654
11300661
11300742
11300750
11300772
11300782
11300804
11301269
11302161
11302163
11304090
11304092
11307779
11307781
11307786
11307788
11308002
11308004
11308007
11310677
11310683
11310781
11310788
11310819
11311242
11311247
11311341
11311346
11311717
11311812
11312293
11312295
11313333
11313337
11313569
11313571
11314325
11314327
11314952
11314961
11314988
11314996
11315698
11315700
11317096
11317118
11317344
11317349
11318553
11318555
11321646
11322662
11324051
11324167
11326863
11326865
11327602
11327605
11328110
11328116
11328720
11328725
11328793
11328799
11328843
11328845
11329086
11329088
11342740
11342746
11342772
11342828
11342830
11342834
11342840
11342841
11342842
11342843
11342844
11342845
11347914
11347916
11347931
11347933
11347948
11347950
11347965
11347967
11347982
11347984
11349142
11356795
11356858
11356944
11356972
11357085
11357086
11357087
11359260
11359378
11375690
11375692
11375698
11375700
11375706
11375708
11375714
11375716
11376044
11376499
11376538
11377261
11377279
11377280
11377284
11377302
11377303
11377517
11377545
11377865
11378394
11378552
11379038
11379234
11379413
11379414
11379415
11379671
11379685
11379698
11379699
11380090
11380095
11380161
11380162
11380163
11380164
11380165
11380270
11380272
11380942
11380944
11381002
11381076
11381408
11381905
11382717
11383247
11383986
11383988
11385154
11385158
11385463
11385613
11385634
11385675
11386275
11386278
11386409
11386655
11386797
11386921
11387054
11387315
11387332
11387551
11387692
11387748
11389548
11390002
11390132
11390136
11390144
11390327
11390331
11390434
11390439
11390441
11390445
11390446
11390447
11390884
11391257
11391259
11391346
11391348
11391353
11391355
11391506
11391508
11391509
11391544
11391545
11391546
11391555
11391557
11391950
11391954
11391955
11392000
11392002
11392026
11392028
11392133
11392134
11392191
11392265
11392453
11395290
11395292
11395319
11395490
11395786
11395788
11395794
11395796
11396039
11396044
11396046
11396050
11396051
11396052
11396503
11397577
11402305
11402308
11404387
11404390
11404399
11404402
11405628
11405632
11405636
11405659
11405705
11405706
11406038
11406040
11406046
11406048
11407209
11407211
11407568
11407663
11407892
11407896
11409352
11409354
11409440
11409442
11409970
11409972
11410034
11410036
11410041
11410043
11410126
11410128
11410136
11410138
11410199
11410201
11410206
11410208
11410217
11410219
11410314
11410316
11410519
11410526
11410529
11410549
11410554
11410652
11410665
11410666
11410668
11410669
11410670
11410671
11410672
11410673
11410674
11410675
11410685
11410687
11410690
11410726
11410728
11410737
11410739
11411040
11411043
11414076
11414078
11414086
11414088
11414334
11414336
11414485
11414487
11414503
11414505
11415513
11415515
11415522
11415524
11415628
11415630
11415703
11415705
11415719
11415721
11418028
11418030
11418035
11418037
11418232
11418236
11418829
11418833
11419014
11419016
11420115
11420117
11421831
11421836
11421859
11421861
11421931
11421933
11422075
11422077
11422771
11422775
11424288
11425471
11425474
11426294
11426297
11426528
11426530
11428690
11428692
11428708
11428710
11428726
11428728
11429900
11429904
11430035
11430051
11432390
11432948
11433813
11433931
11434332
11434501
11436685
11439797
11439799
11440040
11440042
11443758
11444093
11444217
11444686
11445019
11445021
11445037
11445039
11445043
11446360
11446973
11446977
11448005
11448010
11448421
11448423
11451905
11451929
11451933
11452857
11452893
11452963
11452968
11453017
11453022
11454177
11454179
11454846
11454851
11456251
11456300
11456306
11456309
11461041
11461043
11461048
11461050
11461056
11461058
11461063
11461065
11461074
11461076
11461083
11461085
11461088
11461132
11461134
11461147
11461149
11466515
11466518
11466646
11466649
11467548
11467550
11467990
11467992
11471060
11471081
11473710
11473750
11473755
11473757
11475043
11475045
11475071
11475073
11476627
11482620
11482622
11482699
11482701
11482773
11482775
11482893
11482895
11483011
11483013
11484103
11484641
11484643
11485131
11485136
11486828
11488048
11488052
11488959
11488961
11489270
11489272
11489923
11489925
11491387
11491389
11491477
11491479
11491484
11491486
11491528
11491530
11491664
11491714
11491795
11491798
11491817
11491819
11491826
11491828
11492042
11492044
11492419
11492421
11492554
11492556
11492563
11492565
11492719
11492723
11492728
11492730
11492756
11492758
11492763
11492765
11492768
11492780
11492782
11492785
11492786
11492795
11492797
11492888
11492891
11493980
11493987
11495398
11495400
11495623
11495625
11495694
11495696
11496253
11496255
11496612
11496614
11497411
11497415
11498175
11498182
11498570
11498593
11498935
11498939
11499976
11499978
11500691
11501105
11501110
11501871
11501942
11501945
11502580
11502634
11502683
11502696
11503125
11503131
11503197
11503202
11503255
11503260
11503313
11503318
11503371
11503376
11503522
11503527
11503578
11503583
11503755
11503759
11506699
11506713
11507179
11507188
11507218
11507220
11507222
11507223
11507238
11507374
11507375
11507379
11507380
11507711
11507713
11507738
11507740
11507797
11507799
11507926
11507929
11507931
11507932
11508071
11508073
11508083
11508084
11508101
11508103
11508121
11508123
11508129
11508131
11508137
11508138
11508140
11508141
11508259
11508263
11508273
11508277
11508295
11508299
11508842
11508844
11509511
11509513
11509752
11509754
11510078
11510081
11510124
11510126
11510824
11510826
11511237
11511239
11513359
11513385
11513594
11513596
11514972
11514976
11514990
11514994
11515007
11515009
11515022
11515024
11515123
11515176
11518473
11518475
11518491
11518493
11518739
11518743
11518898
11518901
11518908
11518911
11518920
11518924
11519305
11519307
11519505
11519509
11519866
11519869
11521868
11521888
11521901
11522291
11522311
11522347
11522348
11522354
11522605
11522609
11523672
11523900
11524520
11524777
11524843
11524851
11525324
11525326
11525775
11525777
11527174
11527176
11527326
11527328
11527503
11527505
11530953
11530955
11531210
11531212
11532353
11532357
11533368
11533370
11533612
11533614
11534152
11534154
11534222
11534224
11534558
11534560
11537937
11537939
11538543
11538545
11538728
11538731
11538952
11538954
11539202
11539204
11539304
11539306
11539317
11539319
11539521
11539523
11539528
11539530
11539644
11539648
11539696
11539700
11539747
11539749
11539796
11539798
11539846
11539850
11540159
11540163
11540210
11540213
11541452
11541454
11542733
11542735
11542746
11542748
11542841
11542843
11543102
11543104
11543240
11543242
11543252
11543254
11543595
11543597
11543781
11543785
11544342
11544344
11545354
11545356
11547739
11547745
11551664
11551666
11552617
11554109
11554113
11554117
11555700
11555703
11555723
11555725
11555993
11556016
11556018
11558509
11558511
11559200
11559202
11559385
11559387
11560465
11560467
11560855
11560857
11561143
11561145
11561261
11561263
11561383
11561385
11561507
11561509
11561742
11561745
11561763
11561765
11561773
11561775
11561889
11561891
11561900
11561902
11562045
11562047
11562284
11562286
11562295
11562297
11562317
11562319
11562611
11562613
11562622
11562624
11562711
11562713
11562722
11562724
11562820
11562822
11562844
11562845
11562847
11562848
11562852
11562903
11562905
11562908
11562913
11562914
11562915
11562919
11565783
11565785
11568003
11568262
11568288
11568327
11568328
11568380
11568382
11573573
11573590
11575727
11575729
11578695
11581578
11581588
11582219
11582221
11582284
11582287
11582768
11584053
11584054
11584560
11584918
11586372
11586375
11592435
11596731
11596733
11596736
11596778
11596779
11596781
11596782
11596789
11596790
11596792
11596793
11596796
11596834
11596850
11596853
11596855
11596873
11596883
11596891
11596892
11596893
11596894
11596895
11596896
11596919
11596921
11596927
11596929
11597688
11597704
11597716
11597718
11597741
11597751
11597767
11597781
11597782
11597783
11597784
11597785
11597786
11598463
11598472
11598504
11598506
11598553
11598555
11598710
11598981
11598983
11599056
11599057
11599187
11599199
11599201
11599203
11599205
11599211
11599212
11599213
11599214
11599215
11599227
11599229
11599235
11599237
11599243
11599245
11599251
11599253
11599259
11599261
11599267
11599269
11599275
11599277
11599283
11599285
11599291
11599293
11599299
11599301
11601408
11601410
11601554
11601891
11601923
11601984
11601991
11601998
11602000
11602007
11602009
11602015
11602017
11602023
11602025
11602031
11602033
11602043
11602045
11602055
11602057
11602067
11602069
11602079
11602081
11602091
11602093
11602103
11602105
11602405
11602407
11602445
11603200
11603202
11603209
11603211
11605207
11605208
11605399
11605402
11605412
11605414
11605426
11605429
11605529
11605530
11605531
11605532
11605533
11605534
11605544
11606472
11606473
11606475
11606476
11606483
11606485
11610045
11610121
11610123
11610147
11610149
11611086
11611088
11611099
11611101
11611740
11611742
11611756
11611758
11611771
11611773
11611791
11611793
11611806
11611808
11611825
11611827
11611859
11611864
11611868
11611869
11611879
11611881
11611897
11611899
11611912
11611914
11612187
11613262
11613264
11613308
11613310
11614971
11614973
11616415
11616416
11616418
11616419
11616981
11616983
11616988
11616990
11616995
11616997
11617002
11617004
11617075
11617105
11617211
11617217
11617227
11617228
11617240
11617241
11617243
11617244
11617253
11617254
11617256
11617257
11617271
11617272
11617274
11617276
11617278
11617279
11617280
11617281
11617296
11617297
11617299
11617301
11617303
11617304
11617305
11617306
11617311
11617341
11617382
11617523
11617525
11617530
11617532
11617544
11617546
11617570
11617572
11617647
11617649
11617677
11617679
11617692
11617696
11617789
11617791
11617903
11617907
11618187
11618189
11618389
11618391
11618767
11618769
11618774
11618776
11618788
11618792
11618814
11618816
11618944
11618946
11618958
11618960
11618988
11618990
11619010
11619050
11619106
11619108
11619507
11619509
11619516
11619518
11619597
11619599
11619876
11619878
11619930
11619932
11620712
11620714
11620725
11620727
11622376
11624127
11624132
11624407
11624408
11624410
11624414
11624415
11624416
11624565
11624570
11626402
11626406
11627684
11627686
11628377
11628379
11628846
11628848
11629712
11630322
11630357
11630367
11631003
11631006
11631247
11631287
11631292
11631432
11631611
11631615
11632115
11632117
11632165
11632167
11632456
11632460
11632809
11632811
11633221
11633223
11636266
11636269
11636288
11636291
11636786
11636789
11637012
11637014
11637040
11637042
11637550
11637552
11637600
11637602
11640384
11640386
11640447
11640449
11641040
11641269
11641419
11641423
11641445
11641447
11641455
11641457
11641503
11641505
11641740
11641742
11642105
11642107
11642459
11642461
11643061
11643065
11643189
11643191
11643440
11643441
11643443
11643445
11643446
11643447
11643842
11643844
11643863
11643865
11644118
11644120
11644180
11644182
11644292
11644296
11644316
11644320
11644366
11644368
11646139
11646141
11646232
11646234
11646260
11646262
11646411
11646413
11648211
11648215
11648482
11648484
11649179
11649181
11649256
11649258
11649293
11649295
11650054
11650056
11650136
11650140
11650191
11650193
11652774
11652779
11654068
11654297
11654395
11654396
11654424
11654437
11654443
11654451
11654482
11654521
11654537
11654538
11654539
11654540
11654541
11654542
11654543
11654544
11654545
11654781
11655811
11655816
11657802
11657807
11657818
11657823
11657916
11657921
11657963
11657968
11658156
11658161
11658204
11658209
11658613
11658618
11661502
11661510
11663518
11663520
11663547
11663549
11663576
11663578
11663605
11663607
11663634
11663636
11663798
11664504
11664508
11664625
11664627
11664631
11665792
11666682
11666684
11666859
11666861
11668256
11668258
11668621
11668625
11671232
11671235
11671244
11671248
11671271
11671274
11671364
11671366
11671381
11671383
11671398
11671400
11671408
11671410
11671663
11671822
11672033
11672188
11672313
11672468
11672599
11672754
11673022
11673712
11673737
11673848
11673873
11673984
11674009
11674120
11674145
11675048
11675051
11675891
11675893
11679347
11679348
11679350
11679351
11683456
11683460
11683669
11683674
11683676
11683678
11683679
11683680
11683931
11683933
11684050
11684052
11684304
11684306
11685263
11685466
11685468
11685636
11685657
11685659
11685660
11688079
11688081
11688111
11688115
11688521
11688525
11689702
11689710
11689713
11689714
11694185
11694187
11698812
11699927
11701900
11701902
11702665
11702667
11703771
11703773
11704562
11704564
11711136
11711138
11711925
11711927
11712058
11712538
11712681
11714274
11714276
11714549
11714551
11714912
11715009
11715013
11715017
11715021
11715025
11715029
11715033
11715034
11715035
11715036
11715037
11715038
11715042
11716248
11716498
11716500
11716703
11717404
11717406
11718580
11718582
11719198
11719199
11719201
11719203
11719204
11719205
11719279
11719281
11719585
11719587
11720012
11720014
11720376
11720380
11720381
11724703
11724705
11725572
11725575
11725599
11725601
11725689
11726382
11726384
11726707
11726709
11726710
11726866
11726870
11726880
11727433
11727467
11727496
11727514
11727536
11727571
11727620
11727726
11727769
11727819
11727867
11727889
11727945
11727986
11728019
11728125
11728266
11729470
11729693
11729779
11729808
11730278
11730317
11730319
11730347
11730406
11730498
11730513
11730528
11730546
11730612
11730644
11730881
11730900
11730992
11731377
11731562
11733061
11733757
11733792
11733814
11733839
11733841
11733842
11733849
11733851
11733856
11733858
11733864
11733866
11733872
11733874
11733887
11733907
11734147
11734151
11734205
11734207
11734257
11734465
11734467
11734525
11734578
11734580
11734865
11734979
11734981
11735029
11735246
11735247
11735248
11735370
11735372
11735499
11735501
11736340
11736342
11736512
11736514
11736760
11736762
11737169
11737171
11737650
11737652
11738135
11738137
11738143
11738145
11740656
11740921
11741565
11741713
11742541
11742579
11742581
11742584
11742585
11742590
11744488
11744618
11744621
11745223
11745554
11747754
11747756
11747859
11747861
11748347
11748349
11748355
11748357
11748373
11748375
11748376
11748411
11748413
11748414
11748459
11748461
11748462
11748478
11748480
11748496
11748499
11748502
11748511
11748513
11748535
11748538
11748541
11748550
11748552
11748574
11748577
11748580
11748636
11748755
11748756
11748770
11748772
11748789
11748795
11748797
11748803
11748805
11748811
11748813
11748818
11748820
11748826
11748828
11748853
11748869
11748882
11748889
11748919
11749125
11749129
11749171
11749198
11750410
11750777
11750779
11750861
11750863
11753829
11753836
11753941
11754108
11755383
11755385
11755780
11755796
11756958
11756959
11757423
11757427
11757905
11757907
11757949
11757951
11757963
11757965
11758341
11758343
11758387
11758389
11758400
11758402
11758507
11758518
11758540
11760011
11760070
11760080
11760327
11760329
11760340
11760342
11760551
11760553
11760741
11760743
11760931
11760933
11760944
11760946
11761799
11761801
11762086
11762088
11762332
11762334
11762814
11762816
11764067
11764115
11764329
11764331
11764332
11764829
11764831
11765126
11765173
11766395
11766397
11766532
11766536
11768802
11768804
11768809
11768811
11769697
11770245
11771012
11771939
11771942
11771944
11771945
11773449
11776719
11776721
11776726
11776728
11778147
11778149
11779112
11779142
11779592
11779593
11779594
11779595
11779596
11779597
11779598
11779599
11779600
11779601
11779602
11779603
11779604
11779605
11779606
11779607
11779608
11779654
11781349
11781357
11781853
11781861
11781895
11781897
11781898
11781912
11781914
11781931
11781997
11782119
11782241
11782307
11782317
11782319
11782325
11782327
11782333
11782335
11782341
11782343
11782349
11782351
11785665
11788113
11788340
11789094
11789096
11795042
11795487
11795912
11797723
11797724
11797730
11797731
11797735
11800689
11800693
11800697
11800701
11800705
11800706
11800707
11800708
11800712
11804999
11805001
11806447
11806449
11806458
11807390
11807392
11807500
11807501
11807503
11807505
11807506
11807507
11807510
11808734
11808736
11812768
11812770
11819902
11819904
11823688
11823891
11825189
11825191
11825197
11825199
11825205
11825207
11825213
11825215
11825221
11825223
11825236
11825341
11825957
11825959
11825964
11825966
11826247
11826249
11826254
11826256
11826282
11826284
11826304
11826306
11826371
11826432
11827162
11828456
11828923
11829278
11829280
11829286
11829288
11830453
11830455
11831469
11831470
11831471
11831472
11831473
11831494
11831496
11831497
11831504
11831506
11831511
11831513
11832396
11832406
11832408
11833436
11833440
11833974
11833978
11834150
11834152
11834157
11834159
11835570
11835572
11836831
11836833
11836874
11836876
11836894
11836896
11836977
11836979
11836994
11836996
11837017
11837019
11837043
11837045
11837207
11837209
11837366
11837368
11837435
11837437
11837455
11837457
11837570
11837572
11837587
11837589
11837668
11837852
11837856
11838150
11838151
11838224
11838233
11838248
11838252
11838279
11838280
11838281
11838982
11839009
11839850
11839852
11840173
11840175
11840400
11840402
11840519
11840521
11840762
11840764
11842430
11842431
11842646
11842931
11843997
11844072
11844074
11844075
11844147
11844149
11844192
11844194
11844195
11844260
11844322
11844335
11844337
11844343
11844345
11844355
11844357
11844461
11845077
11845079
11845187
11845189
11845236
11845576
11845578
11845754
11845756
11845995
11845997
11846371
11846373
11846811
11846813
11847128
11847734
11847735
11847850
11847894
11847963
11847973
11848005
11848008
11848011
11848020
11848023
11848026
11848035
11848038
11848041
11848050
11848053
11848056
11848065
11848068
11848071
11849010
11849964
11849993
11849995
11850000
11850002
11850007
11850009
11850440
11850442
11851581
11851583
11851596
11851598
11851977
11851979
11851980
11852012
11852022
11852023
11852037
11852039
11852053
11852055
11852056
11852057
11852115
11852117
11852118
11852153
11852163
11852182
11852184
11852185
11852229
11852237
11852239
11852245
11852247
11852254
11852261
11852280
11852299
11852318
11852336
11852338
11852341
11852371
11853325
11853352
11853469
11853496
11854291
11854293
11854559
11854573
11855635
11855642
11855644
11855650
11855652
11855665
11855667
11856733
11856745
11856847
11856849
11857602
11857606
11857817
11857821
11858035
11858039
11858370
11858380
11858386
11858387
11858602
11858606
11858822
11858826
11859037
11859041
11859252
11859256
11859432
11859436
11859648
11859652
11859869
11859873
11860086
11860090
11860301
11860305
11860516
11860520
11860733
11860737
11860893
11860897
11861110
11861114
11861327
11861331
11861548
11861552
11863253
11863726
11863728
11864176
11864185
11864222
11864232
11864730
11865080
11865081
11865273
11865292
11865294
11865356
11866234
11866235
11866510
11866702
11866758
11866824
11866826
11866840
11866842
11866956
11867610
11867638
11867640
11867663
11867665
11867687
11867689
11867710
11867712
11867734
11867736
11867757
11867759
11870797
11871175
11871541
11871693
11871735
11871776
11871817
11871818
11871819
11872247
11872255
11872269
11872273
11872946
11872948
11873409
11873421
11874218
11874219
11874221
11874223
11874224
11874225
11874357
11876042
11876044
11876936
11877046
11879434
11879535
11879540
11879679
11879712
11881045
11881048
11882198
11882204
11882463
11882540
11882542
11882822
11882824
11882832
11882834
11883348
11883433
11883434
11883448
11887122
11887128
11887386
11888837
11889612
11890029
11890075
11890083
11890463
11890491
11890504
11890506
11890925
11890927
11890937
11890939
11890945
11890947
11890965
11890972
11890986
11890989
11891010
11891060
11891067
11891069
11891075
11891077
11891128
11891144
11891146
11891162
11891177
11891179
11891193
11891194
11891211
11891364
11891366
11891372
11891374
11891385
11891387
11891393
11891395
11891406
11891408
11891414
11891416
11891575
11891584
11891586
11891592
11891594
11891600
11891602
11891640
11891642
11892623
11892627
11893101
11893105
11893262
11893266
11893466
11893470
11893471
11893554
11895212
11895269
11895278
11898709
11898713
11902036
11902114
11902727
11903110
11903111
11905617
11905619
11905628
11905630
11905639
11905699
11905700
11905752
11905754
11907171
11907176
11908322
11908323
11908404
11908597
11908599
11908600
11908601
11908675
11908808
11908809
11909772
11911037
11914039
11916283
11916387
11916389
11916396
11916409
11916428
11916447
11916481
11916502
11916508
11916610
11916653
11916661
11916663
11916669
11916671
11916683
11916685
11916693
11916695
11916708
11916715
11916717
11916916
11916920
11917075
11917079
11917258
11917262
11917263
11917418
11917422
11917423
11917489
11917691
11917695
11918005
11918009
11918010
11918011
11918206
11918210
11918211
11918327
11918328
11918330
11918331
11919974
11919976
11920962
11920964
11921014
11921016
11924536
11925403
11925405
11925518
11925519
11925520
11925521
11925522
11926114
11926119
11927122
11928522
11928524
11928724
11928732
11928839
11928847
11929528
11929558
11929560
11929680
11929690
11929717
11929727
11929733
11929735
11929741
11929743
11929749
11929751
11929791
11931460
11931816
11934080
11934082
11934093
11934095
11935267
11935269
11935978
11935980
11936077
11936079
11936181
11936185
11936189
11936190
11936201
11936205
11936211
11936440
11936442
11936544
11936546
11936690
11936692
11937212
11937214
11938812
11938814
11939073
11939075
11939412
11939413
11939414
11939415
11940563
11940565
11940845
11940847
11941195
11941197
11941209
11941211
11941222
11941224
11941236
11941238
11941640
11941642
11941816
11941818
11942096
11942098
11942100
11942101
11942445
11942447
11942884
11942886
11943141
11943143
11943382
11943384
11943603
11943605
11943819
11943823
11944696
11944698
11945463
11945465
11946058
11947886
11949462
11949464
11950690
11950692
11950752
11950754
11950772
11950774
11952252
11952254
11952347
11952349
11952900
11952902
11954893
11954895
11956136
11958384
11958385
11958386
11958534
11958584
11958629
11958795
11961491
11961493
11961554
11961556
11961721
11962822
11963114
11963116
11963146
11963148
11965367
11965369
11965633
11965635
11965844
11965846
11966043
11966045
11966056
11966058
11966268
11966270
11966480
11966482
11967387
11967389
11968631
11968633
11968777
11968779
11969340
11969342
11969593
11969595
11970594
11970596
11970619
11970621
11970648
11970650
11970691
11970693
11972138
11972140
11972567
11972656
11972657
11972658
11972698
11972699
11972724
11972726
11972727
11972753
11972755
11972756
11972796
11972798
11972799
11972817
11972819
11972837
11972839
11972857
11972859
11972877
11972879
11972900
11972902
11973976
11973978
11974552
11974554
11974874
11974876
11974988
11974990
11975498
11975500
11975679
11975681
11975682
11975996
11976769
11976830
11976833
11977439
11977443
11977466
11977470
11977481
11977483
11977484
11977550
11977552
11977553
11977584
11977668
11978393
11978394
11978395
11978396
11978762
11978771
11978842
11978852
11981196
11981848
11981852
11982129
11982130
11982650
11982651
11982652
11982653
11982654
11982692
11982694
11982695
11982776
11982829
11982831
11982832
11982833
11982854
11982897
11982899
11982931
11982932
11982934
11982935
11983008
11983255
11983257
11983259
11983260
11983276
11983314
11983573
11984795
11984798
11984800
11984801
11984953
11985106
11985108
11985170
11985188
11985224
11985225
11985235
11986448
11986658
11986660
11986961
11987057
11987612
11987613
11987803
11987807
11987962
11987966
11988146
11988150
11988324
11988328
11988494
11988498
11988653
11988657
11988808
11988812
11988985
11988989
11989152
11989156
11989325
11989329
11990394
11990398
11990553
11990557
11992631
11992645
11992662
11994469
11994488
11994490
11994491
12002646
12002647
12002859
12002863
12002990
12002992
12002998
12003000
12003345
12003350
12004514
12004621
12004624
12004629
12004630
12004968
12005620
12005621
12005623
12005624
12005739
12006181
12006426
12006516
12006831
12006875
12007688
12007689
12007691
12007692
12007814
12007820
12007927
12007929
12007930
12008059
12008086
12008378
12008379
12008381
12008382
12008428
12008555
12008556
12008619
12008742
12008800
12008805
12008943
12008985
12008986
12008987
12008988
12008989
12008990
12008991
12008992
12008993
12008994
12008995
12009021
12009023
12009028
12009030
12009036
12009038
12009044
12009046
12009052
12009054
12011061
12011064
12011301
12011308
12011520
12011522
12011735
12011737
12011970
12011971
12012287
12012289
12012423
12012425
12012540
12012548
12013540
12013542
12013590
12014190
12014192
12014262
12014962
12014984
12014986
12015028
12015045
12015064
12015076
12015078
12015083
12015085
12015091
12015093
12015098
12015100
12015106
12015108
12015114
12015116
12015121
12015123
12015129
12015131
12015177
12015179
12015180
12015192
12015194
12015200
12015202
12015219
12015382
12015386
12015541
12015545
12015725
12015729
12015884
12015888
12016043
12016047
12016204
12016208
12016470
12016474
12017018
12017112
12017117
12017119
12017121
12017128
12017129
12017130
12017131
12017664
12017668
12017677
12017681
12017793
12017794
12017795
12017796
12018538
12018621
12018654
12018655
12019056
12019060
12019074
12019076
12019151
12019339
12019341
12019350
12019352
12019394
12019506
12019785
12019800
12019825
12019851
12019853
12019855
12019856
12019946
12019947
12019949
12019950
12019954
12019967
12019968
12019970
12019971
12019977
12019979
12019987
12019988
12019990
12019991
12019997
12019999
12020007
12020008
12020010
12020011
12020015
12020028
12020029
12020031
12020032
12020061
12020096
12020123
12020147
12020173
12020197
12020264
12020265
12020267
12020268
12020444
12020458
12020475
12020491
12020525
12020550
12020575
12020600
12020625
12020667
12020668
12020670
12020671
12020675
12020688
12020689
12020691
12020692
12020696
12020709
12020710
12020712
12020713
12020717
12020730
12020731
12020733
12020734
12020942
12020995
12020996
12020998
12020999
12021005
12021007
12021043
12021044
12021046
12021047
12021178
12021781
12021782
12021784
12021785
12021895
12021896
12021898
12021899
12021945
12021946
12021948
12021949
12021984
12021985
12021987
12021988
12022024
12022059
12022060
12022062
12022063
12022358
12022359
12022361
12022362
12022395
12022432
12022472
12022509
12022605
12022606
12022608
12022609
12022649
12022650
12022652
12022653
12022688
12022689
12022691
12022692
12022727
12022728
12022730
12022731
12022765
12022803
12022853
12023143
12023144
12023146
12023147
12023414
12023430
12023451
12023464
12023507
12023662
12023691
12023692
12023694
12023695
12023737
12023738
12023740
12023741
12023766
12023767
12023769
12023770
12023812
12023813
12023815
12023816
12023841
12023842
12023844
12023845
12023887
12023888
12023890
12023891
12023916
12023917
12023919
12023920
12023962
12023963
12023965
12023966
12023976
12023990
12024004
12024018
12024032
12024046
12024060
12024100
12024101
12024103
12024104
12024137
12024138
12024140
12024141
12024226
12024227
12024229
12024230
12024271
12024272
12024274
12024275
12024319
12024320
12024322
12024323
12024367
12024368
12024370
12024371
12024406
12024407
12024409
12024410
12024446
12024447
12024449
12024450
12024486
12024487
12024489
12024490
12024528
12024529
12024531
12024532
12024570
12024571
12024573
12024574
12024614
12024615
12024617
12024618
12024650
12024651
12024653
12024654
12024697
12024698
12024700
12024701
12024707
12024709
12024717
12024718
12024720
12024721
12024725
12024738
12024739
12024741
12024742
12024746
12024810
12024890
12024976
12024977
12024979
12024980
12025030
12025199
12025215
12025236
12025249
12025278
12025279
12025281
12025282
12025322
12025323
12025325
12025326
12025351
12025352
12025354
12025355
12025395
12025396
12025398
12025399
12025424
12025425
12025427
12025428
12025438
12025452
12025466
12025480
12025494
12025508
12025522
12025536
12025550
12025567
12025763
12025764
12025766
12025767
12025811
12025812
12025814
12025815
12025842
12025843
12025845
12025846
12025881
12026038
12026272
12026316
12026360
12026409
12026453
12026497
12026514
12026542
12026599
12026634
12026635
12026637
12026638
12026835
12026851
12026872
12027108
12027109
12027111
12027112
12027154
12027155
12027157
12027158
12027183
12027184
12027186
12027187
12027229
12027230
12027232
12027233
12027243
12027258
12027295
12027296
12027298
12027299
12027368
12027369
12027371
12027372
12027408
12027409
12027411
12027412
12027450
12027451
12027453
12027454
12027490
12027491
12027493
12027494
12027527
12027528
12027530
12027531
12027563
12027564
12027566
12027567
12027622
12027623
12027625
12027626
12027676
12027677
12027679
12027680
12027767
12027769
12027841
12027842
12027844
12027845
12027907
12027908
12027910
12027911
12027956
12027957
12027959
12027960
12027991
12027992
12027994
12027995
12028033
12028034
12028036
12028037
12028096
12028097
12028099
12028100
12028121
12028156
12028157
12028159
12028160
12028212
12028213
12028215
12028216
12028256
12028300
12028344
12028386
12028417
12028418
12028420
12028421
12028456
12028612
12028628
12028649
12028662
12028675
12028676
12028678
12028679
12028706
12028707
12028709
12028710
12028737
12028738
12028740
12028741
12028773
12028774
12028776
12028777
12028813
12028814
12028816
12028817
12028845
12028846
12028848
12028849
12028920
12028921
12028923
12028924
12028951
12028952
12028954
12028955
12028991
12028992
12028994
12028995
12029099
12029100
12029102
12029103
12029131
12029287
12029303
12029324
12029342
12029343
12029345
12029346
12029369
12029370
12029372
12029373
12029411
12029412
12029414
12029415
12029438
12029439
12029441
12029442
12029480
12029481
12029483
12029484
12029507
12029508
12029510
12029511
12029549
12029550
12029552
12029553
12029583
12029584
12029586
12029587
12029616
12029617
12029619
12029620
12029680
12029681
12029683
12029684
12029709
12029760
12029761
12029763
12029764
12029811
12029812
12029814
12029815
12029845
12029846
12029848
12029849
12030036
12030052
12030073
12030086
12030211
12030248
12030249
12030251
12030252
12030285
12030337
12030338
12030340
12030341
12030374
12030416
12030417
12030419
12030420
12030459
12030460
12030462
12030463
12030566
12030567
12030569
12030570
12030603
12030604
12030606
12030607
12030642
12030643
12030645
12030646
12030790
12030791
12030793
12030794
12030883
12031013
12031014
12031016
12031017
12031049
12031050
12031052
12031053
12031057
12031080
12031082
12031112
12031113
12031115
12031116
12031127
12031159
12031315
12031331
12031352
12031365
12031378
12031379
12031381
12031382
12031412
12031560
12031574
12031592
12031605
12031634
12031635
12031637
12031638
12031672
12031673
12031675
12031676
12031720
12031722
12031730
12031731
12031733
12031734
12031768
12031769
12031771
12031772
12031776
12031789
12031790
12031792
12031793
12031844
12031857
12031858
12031860
12031861
12031875
12031876
12031878
12031879
12031906
12031907
12031909
12031910
12031937
12031938
12031940
12031941
12032020
12032021
12032023
12032024
12032052
12032053
12032055
12032056
12032084
12032085
12032087
12032088
12032162
12032163
12032165
12032166
12032376
12032392
12032413
12032431
12032432
12032434
12032435
12032495
12032497
12032646
12032662
12032683
12032697
12032731
12032732
12032734
12032735
12032766
12032913
12032927
12032944
12032988
12032989
12032991
12032992
12033066
12033067
12033069
12033070
12033074
12033084
12033088
12033125
12033126
12033128
12033129
12033200
12033201
12033203
12033204
12033238
12033239
12033241
12033242
12033276
12033277
12033279
12033280
12033284
12033297
12033298
12033300
12033301
12033594
12039538
12039735
12039739
12039740
12039756
12039760
12039766
12039768
12040946
12041803
12041857
12041958
12041972
12042352
12042363
12042417
12042927
12043143
12043145
12043148
12043660
12044110
12044149
12044151
12044167
12044171
12044438
12044439
12044448
12044449
12044465
12044466
12044468
12044469
12044714
12044732
12044734
12044745
12044747
12044758
12044760
12044774
12044776
12045018
12045019
12045020
12045031
12045033
12045124
12045126
12045313
12045315
12046385
12046387
12046392
12046394
12047727
12047729
12048006
12049520
12049607
12049641
12049701
12049915
12051386
12051389
12051449
12051453
12051474
12051483
12052100
12052149
12052151
12052272
12052274
12053126
12053129
12053164
12053166
12053374
12053946
12053948
12054195
12054227
12054627
12054657
12055653
12055878
12055881
12056016
12056020
12056041
12056050
12056925
12056928
12057301
12057327
12057406
12057432
12057563
12057707
12058240
12058255
12058302
12058310
12058730
12059276
12060491
12060493
12060530
12060533
12060643
12060674
12060831
12060904
12060906
12061303
12061312
12062107
12062110
12062117
12062120
12062123
12062790
12062791
12062792
12062793
12062794
12062795
12063838
12063842
12063859
12063860
12063931
12063935
12063952
12063953
12064188
12064331
12064332
12064333
12064334
12065088
12067264
12067409
12067411
12067513
12067515
12068388
12068389
12068452
12068453
12068455
12068456
12069285
12069847
12069863
12069893
12069900
12069901
12070132
12070133
12070136
12070565
12070566
12070567
12070568
12070569
12070570
12070571
12070572
12070573
12070574
12070575
12070614
12070616
12070643
12070645
12070646
12070647
12070648
12070649
12070678
12070680
12071226
12071873
12072183
12072885
12072898
12073533
12073639
12073793
12073864
12073868
12074073
12074078
12074673
12074677
12074701
12074702
12074707
12074708
12074729
12074733
12074754
12074758
12074779
12074783
12074805
12074809
12074830
12074834
12074989
12075166
12075176
12075354
12075357
12075550
12075555
12075830
12075845
12075847
12075859
12075861
12075900
12075915
12075917
12075929
12075931
12075937
12075939
12075945
12075947
12075953
12075955
12075968
12075970
12075976
12075978
12075991
12075993
12075999
12076001
12076028
12076030
12076042
12076044
12076062
12076064
12076076
12076078
12076090
12076092
12076098
12076100
12076112
12076114
12076126
12076128
12076134
12076136
12076148
12076150
12076162
12076164
12076170
12076172
12076184
12076186
12076192
12076194
12076206
12076208
12076237
12076255
12076256
12076290
12076305
12076307
12076319
12076321
12076333
12076335
12076350
12076352
12076353
12076354
12076362
12076364
12076370
12076372
12076406
12076429
12076431
12076443
12076445
12076451
12076453
12076465
12076467
12076479
12076481
12076487
12076489
12076501
12076503
12076515
12076517
12076532
12076554
12076567
12076598
12076606
12076608
12076614
12076616
12076650
12076667
12076680
12076682
12076683
12076690
12076692
12076698
12076700
12076714
12076721
12076723
12076760
12076777
12076811
12076829
12077042
12077065
12077079
12077096
12077118
12077144
12077180
12077195
12077197
12077221
12077249
12077379
12077398
12077446
12077463
12077477
12077505
12077533
12077550
12077572
12077589
12077644
12077661
12077667
12077669
12077683
12077880
12077884
12079502
12079506
12079677
12079681
12079836
12079840
12079998
12080002
12080163
12080167
12081084
12081116
12081981
12082686
12083365
12083412
12088919
12089200
12092508
12092539
12092650
12092682
12093051
12093081
12093757
12093759
12094012
12094043
12094568
12094569
12094570
12095054
12095056
12095206
12096554
12096588
12097271
12097516
12097547
12097701
12097713
12097983
12097985
12098062
12098302
12098803
12099663
12099783
12099797
12099801
12100022
12100195
12100245
12100426
12100427
12100589
12100677
12100741
12101105
12101112
12101233
12101265
12101267
12101429
12101431
12101466
12101468
12101469
12101472
12101572
12101574
12101670
12101837
12102196
12102198
12103181
12103183
12103217
12103375
12103378
12104105
12105836
12108134
12108389
12108419
12108815
12108819
12109271
12109317
12109319
12109417
12109780
12109783
12110060
12110581
12110582
12110925
12111561
12112530
12112532
12112538
12112540
12112546
12112548
12112561
12112563
12112569
12112571
12112601
12112618
12112632
12112641
12112643
12112649
12112651
12112657
12112659
12112671
12112673
12112685
12112687
12112699
12112701
12112707
12112709
12112721
12112723
12112729
12112731
12112743
12112745
12112751
12112753
12112765
12112767
12112783
12112797
12112799
12112826
12112841
12112843
12112859
12112860
12112876
12112878
12112884
12112886
12112897
12112899
12112905
12112907
12112913
12112915
12112920
12112922
12112928
12112930
12112936
12112938
12112943
12112945
12112951
12112953
12112958
12112960
12112966
12112968
12112974
12112976
12112981
12112983
12112989
12112991
12112997
12112999
12113004
12113006
12113012
12113014
12113041
12113056
12113058
12113095
12113105
12113107
12113113
12113115
12113121
12113123
12113128
12113130
12113136
12113138
12113143
12113145
12113151
12113153
12113168
12113186
12113193
12113195
12113200
12113202
12113208
12113210
12113215
12113217
12113223
12113225
12113251
12113253
12113254
12113270
12113272
12113290
12113292
12113329
12113331
12113332
12113349
12113351
12113369
12113371
12113389
12113391
12113411
12113412
12113421
12113423
12113429
12113431
12113436
12113438
12113444
12113446
12113452
12113454
12113461
12113463
12113469
12113471
12113513
12113528
12113530
12113542
12113544
12113582
12113584
12113585
12113600
12113602
12113620
12113622
12113655
12113672
12113674
12113692
12113694
12113712
12113714
12113729
12113732
12113735
12113740
12113742
12113751
12113754
12113757
12113768
12113770
12113779
12113782
12113785
12113796
12113798
12113807
12113810
12113813
12113824
12113826
12113835
12113838
12113841
12113896
12113898
12113899
12113921
12113923
12113941
12113943
12113961
12113963
12114000
12114001
12114002
12114011
12114013
12114019
12114021
12114026
12114028
12114034
12114036
12114041
12114043
12114049
12114051
12114056
12114058
12114064
12114066
12114071
12114073
12114079
12114081
12114113
12114115
12114116
12114134
12114136
12114148
12114150
12114162
12114164
12114176
12114178
12114190
12114192
12114211
12114213
12114250
12114252
12114253
12114278
12114280
12114281
12114306
12114308
12114309
12114320
12114322
12114334
12114336
12114348
12114350
12114359
12114362
12114365
12114376
12114378
12114387
12114390
12114393
12114404
12114406
12114415
12114418
12114421
12114432
12114434
12114443
12114446
12114449
12114495
12114510
12114512
12114524
12114526
12114532
12114534
12114539
12114541
12114547
12114549
12114554
12114556
12114562
12114564
12114570
12114572
12114584
12114586
12114598
12114600
12114606
12114608
12114620
12114622
12114694
12114708
12114710
12114724
12114726
12114727
12114735
12114737
12114749
12114751
12114763
12114765
12114967
12114971
12115125
12115129
12115130
12115328
12115332
12115509
12115513
12115716
12115720
12115883
12115887
12116103
12116107
12116213
12116234
12116653
12116657
12116828
12116832
12116833
12116834
12117175
12117179
12117180
12117335
12117339
12118053
12118083
12118092
12119511
12120917
12120919
12121072
12121127
12121128
12122270
12122274
12124356
12125631
12125807
12125868
12125871
12125967
12125990
12126006
12126274
12126426
12127298
12127380
12127382
12128620
12128722
12128723
12129212
12129313
12129582
12129595
12129596
12130057
12130101
12130127
12130129
12130130
12130248
12130319
12130335
12130415
12130417
12130510
12130521
12130661
12130695
12130805
12130842
12130844
12130855
12130911
12130913
12131212
12131280
12131283
12131413
12131415
12131560
12131952
12131953
12132272
12132370
12132374
12132498
12132528
12132651
12132655
12132758
12132761
12132766
12133346
12133348
12133354
12133356
12133534
12133919
12133953
12133987
12134020
12134066
12134534
12134536
12134607
12134609
12135263
12135266
12135326
12135330
12135349
12135358
12135974
12135976
12136103
12136106
12136662
12137545
12137681
12137684
12138155
12138157
12138268
12138576
12138656
12138659
12138688
12138690
12138691
12138692
12139875
12141084
12143377
12143480
12143482
12143868
12144039
12144458
12144460
12144588
12144591
12144683
12146098
12146099
12146704
12146707
12146863
12146878
12146885
12146887
12146893
12146895
12146909
12146916
12146918
12146924
12146926
12146980
12146997
12147019
12147036
12147059
12147076
12147098
12147116
12147130
12147139
12147141
12147147
12147149
12147217
12147234
12147248
12147255
12147257
12147263
12147265
12147276
12147278
12147284
12147286
12147298
12147300
12147305
12147307
12147313
12147315
12147326
12147328
12147334
12147336
12147347
12147349
12147355
12147357
12147396
12147434
12147436
12147437
12147451
12147453
12147460
12147475
12147476
12147494
12147513
12147560
12147585
12147587
12147630
12147632
12147633
12147647
12147649
12147661
12147663
12147664
12147673
12147675
12147681
12147683
12147739
12147749
12147750
12147766
12147768
12147783
12147785
12147786
12147803
12147805
12147806
12147822
12147824
12147825
12147841
12147843
12147844
12147888
12147907
12147909
12147927
12147929
12147947
12147949
12147950
12147963
12147965
12147971
12147973
12147979
12147981
12147993
12147995
12148016
12148018
12148019
12148031
12148033
12148331
12148335
12148490
12148494
12148651
12148655
12148810
12148814
12148972
12148976
12149158
12149162
12149318
12149322
12149477
12149481
12149639
12149643
12149802
12149806
12149964
12149968
12150121
12150125
12150943
12150947
12151098
12151102
12151330
12151334
12151335
12151352
12151517
12151521
12152579
12152581
12154621
12156768
12156769
12162709
12162721
12163493
12163803
12163805
12165729
12165774
12165778
12166293
12167233
12167234
12167235
12168635
12169056
12169349
12169741
12169953
12169957
12170333
12170481
12170488
12170533
12170538
12170544
12170549
12170707
12170708
12170727
12170729
12173567
12173569
12173588
12173590
12173596
12173598
12173604
12173606
12173666
12173668
12173674
12173676
12173829
12173831
12173986
12173988
12174144
12174146
12174153
12174155
12174161
12174163
12174200
12174202
12174203
12174224
12174226
12174238
12174240
12174246
12174248
12174610
12175612
12175614
12175682
12175684
12175766
12175768
12175779
12175781
12175842
12175844
12176976
12176978
12177072
12177199
12177201
12177471
12177820
12177822
12177834
12177836
12178632
12178634
12180301
12180309
12181889
12181891
12184617
12188255
12188465
12188467
12189639
12189656
12190070
12190188
12190190
12190576
12190578
12191404
12191406
12192159
12192709
12192711
12192722
12192724
12192778
12192780
12193240
12193242
12193254
12193256
12193268
12193270
12193276
12193278
12194531
12195674
12195690
12196590
12196591
12197931
12197933
12199005
12199007
12199981
12201375
12201377
12204078
12204080
12204736
12204738
12205075
12206101
12206103
12206143
12206383
12206385
12206432
12206434
12206749
12206751
12206991
12206993
12207255
12207257
12207523
12207525
12208595
12208597
12209235
12209237
12209491
12209493
12209677
12209679
12210080
12210259
12210334
12210335
12210336
12210542
12210622
12210822
12211041
12211043
12211137
12211139
12212309
12212380
12212382
12212527
12212703
12212705
12212716
12212718
12212945
12213583
12213829
12213831
12214009
12214162
12214164
12214377
12214379
12214604
12214606
12214679
12214681
12216149
12216151
12218925
12218927
12218939
12218941
12219020
12219022
12219157
12219159
12219171
12219173
12219185
12219187
12219563
12219565
12219743
12219745
12220226
12220228
12221029
12222933
12223571
12223573
12224721
12224723
12224944
12224946
12225197
12225199
12225420
12225422
12226443
12226445
12228175
12228224
12228227
12228264
12228265
12228266
12228306
12228308
12228310
12228311
12229074
12229737
12229745
12229906
12229914
12230054
12230213
12230272
12230796
12230798
12230840
12230842
12230854
12230856
12230868
12230870
12230969
12230971
12231186
12231188
12231834
12231836
12232675
12233150
12233152
12233944
12234248
12234250
12234581
12235997
12235999
12236315
12236317
12237159
12237354
12237356
12239281
12239307
12239361
12239611
12239994
12240351
12240353
12241479
12241480
12241630
12241632
12242171
12242631
12242633
12243101
12243103
12243150
12243152
12243688
12243690
12243737
12243739
12244709
12244711
12245595
12245597
12245638
12245640
12245893
12245895
12247953
12247955
12248026
12248028
12248891
12248893
12249151
12249162
12249164
12249398
12249475
12249477
12249559
12249700
12249728
12249739
12250161
12250163
12250204
12250432
12250434
12250638
12252863
12252865
12254062
12254354
12255426
12255696
12255698
12255751
12255753
12256062
12256064
12257030
12257032
12258118
12258120
12258161
12258182
12258184
12260657
12260659
12260698
12260700
12260713
12260866
12260868
12261082
12261084
12261331
12261333
12261416
12261522
12262610
12262622
12262751
12262753
12262754
12262771
12262773
12262774
12262801
12262803
12263495
12263651
12263929
12263932
12263935
12263944
12263947
12263950
12263959
12263962
12263965
12263974
12263977
12263980
12264126
12264132
12264139
12264140
12264567
12264759
12265471
12265472
12265473
12266431
12267033
12267124
12267125
12267150
12267152
12267160
12267161
12267183
12267185
12267193
12267194
12267208
12267210
12267224
12267226
12267248
12267250
12267253
12267674
12267676
12267881
12267882
12267889
12267891
12267897
12267899
12267910
12267912
12267918
12267920
12267931
12267933
12267939
12267941
12267952
12267954
12267960
12267962
12267999
12268096
12268115
12268134
12268153
12268216
12268250
12268253
12268254
12268267
12268269
12268293
12268295
12268313
12268315
12268330
12268359
12268361
12268367
12268369
12268374
12268376
12268382
12268384
12268395
12268397
12268495
12268497
12268507
12268509
12268519
12268521
12268575
12268583
12268595
12268597
12268674
12268687
12270591
12270744
12270745
12270746
12270768
12270769
12270770
12270788
12270791
12271044
12271080
12271194
12271196
12271510
12272000
12276451
12276521
12276523
12276529
12276531
12276537
12276539
12276545
12276547
12276687
12277313
12277314
12277392
12277393
12277394
12277588
12277602
12277998
12278000
12278001
12278024
12278026
12278664
12278665
12279047
12279049
12279050
12280167
12280168
12280169
12280175
12280177
12280182
12280184
12280189
12280191
12280196
12280198
12280204
12280206
12280213
12280215
12280223
12280225
12280233
12280235
12280243
12280245
12280253
12280255
12280354
12280931
12280937
12280942
12280943
12280949
12280951
12281370
12281373
12281379
12281711
12283107
12283108
12283109
12283110
12283111
12283121
12283220
12283221
12283234
12283620
12283622
12283636
12283637
12284331
12284333
12284352
12284359
12284381
12284388
12286195
12286616
12286618
12286637
12286639
12286640
12287006
12287141
12287143
12287207
12287209
12287660
12287685
12287705
12287706
12287725
12287853
12289788
12289790
12290197
12291663
12291665
12292555
12292557
12292759
12292761
12293827
12294308
12294364
12294365
12294366
12294383
12294385
12294395
12294398
12294401
12294406
12294408
12294417
12294420
12294423
12294428
12294430
12294439
12294442
12294445
12297708
12298058
12298404
12299543
12299544
12302799
12303820
12303855
12303857
12303858
12304375
12304377
12305104
12305108
12315093
12315101
12315106
12315108
12316479
12316513
12319285
12319287
12319385
12319396
12319430
12319785
12319787
12320131
12320133
12321746
12321747
12321777
12321779
12321873
12321874
12322014
12322016
12322022
12322024
12322309
12322362
12322367
12322383
12322387
12322393
12323754
12323758
12327345
12327585
12327587
12327690
12327708
12327710
12327841
12327843
12329428
12329435
12329824
12329831
12329850
12329852
12330183
12330194
12330631
12330639
12330645
12330647
12332005
12332010
12333417
12333419
12334466
12334469
12334473
12334876
12334887
12336379
12336637
12336644
12336839
12336883
12337003
12337044
12337464
12337485
12337491
12337821
12337974
12337976
12337983
12337984
12337986
12337987
12338147
12338152
12338186
12338191
12338241
12338259
12338295
12338308
12338868
12338889
12339360
12339724
12340915
12340925
12340931
12340934
12340963
12341460
12341462
12341665
12341666
12341842
12341847
12341850
12341853
12341855
12341857
12341859
12341874
12341876
12341891
12341893
12342100
12342136
12342141
12342144
12342147
12342150
12342152
12342163
12342164
12342165
12342166
12342167
12342168
12342169
12342170
12342171
12342172
12342173
12342174
12342175
12342176
12342177
12342178
12342179
12342180
12342402
12343102
12343104
12343105
12343107
12343108
12343109
12343624
12343661
12343663
12343666
12343684
12343688
12343692
12343693
12343746
12343748
12343810
12343812
12343866
12343868
12343960
12343962
12344007
12344013
12344030
12344031
12344034
12344066
12344068
12344069
12344070
12344071
12344072
12344073
12344116
12344118
12344197
12344199
12344872
12344874
12345402
12345523
12345595
12345603
12346473
12346612
12346626
12346758
12346772
12346850
12347630
12347985
12347991
12348016
12348511
12348513
12348515
12348516
12348709
12349569
12349688
12349689
12350505
12350506
12350508
12350510
12350511
12350512
12351271
12351272
12351273
12352038
12352040
12352046
12352048
12352743
12352744
12352765
12352767
12352768
12352784
12352786
12352787
12354127
12354660
12354698
12354699
12354839
12354893
12354934
12354952
12354953
12354960
12354962
12354968
12354970
12354975
12354977
12354983
12354985
12354990
12354992
12354998
12355000
12355005
12355007
12355013
12355015
12355020
12355022
12355028
12355030
12355035
12355037
12355043
12355045
12355050
12355052
12355058
12355060
12355065
12355067
12355073
12355075
12355088
12355672
12355676
12355847
12355851
12358816
12358818
12358879
12358881
12359221
12359223
12359234
12359236
12359247
12359249
12359261
12359263
12359275
12359277
12359345
12359347
12359359
12359361
12359394
12359406
12359408
12362536
12362538
12362973
12362975
12363007
12363514
12363516
12363522
12363524
12364574
12364679
12365079
12365939
12365940
12365941
12365942
12365943
12365944
12365945
12365946
12365947
12365948
12365949
12365950
12365951
12365975
12365988
12366014
12366031
12366032
12366038
12366039
12366199
12366200
12366202
12366204
12366205
12366206
12366797
12366804
12366857
12366864
12366903
12366905
12366911
12366913
12366919
12366921
12369341
12372016
12373676
12373678
12373702
12373704
12373705
12373737
12373739
12373740
12373770
12373772
12373773
12373799
12373801
12373802
12373818
12373826
12373839
12373845
12373847
12373852
12373854
12373860
12373862
12373867
12373869
12373875
12373877
12375287
12375291
12375491
12375497
12377241
12377445
12377447
12378026
12378028
12378123
12378125
12378375
12378377
12380289
12380291
12381493
12381495
12382128
12382130
12382153
12382155
12383314
12383318
12383327
12383331
12383779
12384048
12384190
12384541
12384543
12384698
12384700
12384703
12384729
12384928
12384932
12384937
12384939
12384942
12385042
12385044
12385058
12385095
12385537
12385539
12385653
12385655
12385750
12385752
12386885
12386901
12386903
12386904
12386910
12386912
12386913
12386928
12386931
12386933
12386954
12386956
12386979
12387002
12387334
12387336
12387339
12387340
12387341
12387342
12387343
12387344
12387345
12387346
12387347
12387348
12387349
12387350
12387351
12387352
12387353
12387354
12387863
12388828
12389116
12389120
12389129
12389133
12389142
12389145
12389579
12389582
12389587
12389589
12389613
12389615
12390095
12390107
12390109
12390115
12390117
12390122
12390124
12390161
12390162
12390295
12390339
12390344
12390346
12390347
12390395
12390408
12390646
12390753
12394263
12394276
12395148
12398351
12398352
12398353
12398703
12398705
12398863
12398865
12398895
12398962
12398993
12398995
12399005
12399007
12399013
12399015
12399027
12399029
12399053
12399055
12399065
12399067
12399091
12399093
12399103
12399105
12399111
12399113
12399155
12399187
12399220
12399242
12399244
12399324
12399354
12399377
12399405
12399643
12399680
12399682
12399708
12399746
12399748
12400180
12400182
12400183
12400213
12400375
12400377
12400480
12400482
12401155
12401159
12401351
12401355
12401520
12401524
12401536
12401727
12402626
12402628
12403078
12403251
12403253
12403339
12403565
12403566
12403567
12403568
12403569
12403570
12404989
12404991
12408056
12408058
12408112
12408114
12408210
12408212
12408415
12408417
12408652
12409519
12409521
12411827
12411829
12411925
12411927
12413233
12414463
12414465
12415733
12415735
12417112
12417114
12417208
12417341
12417348
12417381
12418466
12418468
12419582
12419583
12419717
12419719
12419815
12419817
12420020
12420022
12420118
12420120
12421544
12421546
12422994
12422996
12423718
12423720
12425017
12429277
12430273
12430300
12430537
12430564
12432659
12432687
12432752
12432754
12432921
12432923
12433237
12433239
12433249
12433351
12435643
12435682
12435709
12436233
12436666
12436682
12436684
12436685
12436868
12437060
12437062
12437063
12438759
12441693
12441901
12441904
12442113
12442447
12442458
12442608
12444391
12444392
12444393
12444394
12444609
12444611
12444734
12444890
12444896
12445803
12445982
12446175
12446176
12446203
12446205
12446246
12446250
12446258
12446542
12446543
12448547
12448600
12448734
12448763
12448765
12448779
12448792
12448794
12448838
12448910
12448970
12448986
12448988
12449069
12449159
12449171
12449173
12449190
12449192
12449950
12449952
12449971
12449973
12450916
12450920
12451115
12451117
12451795
12451797
12451807
12451809
12452191
12452193
12452194
12452248
12452250
12452251
12452267
12452269
12452270
12452506
12452517
12452563
12452564
12452583
12452606
12452812
12453217
12453219
12453584
12453586
12455447
12455449
12457195
12457199
12457774
12457979
12460736
12460737
12460739
12460740
12460843
12460845
12461068
12461070
12463465
12463472
12463742
12463744
12463851
12463853
12463955
12463957
12463969
12463971
12464949
12464977
12464996
12465040
12465042
12465057
12465250
12465276
12465461
12465488
12465615
12465619
12465623
12465650
12466830
12466831
12466832
12466851
12467248
12467250
12467264
12467265
12467269
12467442
12467444
12467492
12467494
12468120
12468184
12468186
12468411
12468460
12469367
12469368
12469369
12469370
12469513
12469514
12469515
12470670
12472099
12472101
12472102
12472184
12472212
12472214
12473450
12473751
12473933
12473934
12474149
12474151
12475453
12477874
12479477
12479479
12479480
12481728
12481729
12481745
12481747
12481812
12481813
12481858
12482095
12482099
12482100
12482117
12482119
12482167
12482169
12482463
12482467
12482548
12485991
12485993
12486017
12486019
12486020
12486081
12486083
12486084
12486176
12486178
12486179
12486294
12486296
12486297
12486490
12486570
12487047
12488393
12488420
12491081
12491824
12492287
12492474
12492502
12492504
12493238
12493239
12493282
12493283
12493284
12493491
12493571
12493573
12494000
12497230
12499734
12499736
12499805
12499807
12500166
12500168
12500419
12500421
12500482
12500484
12500641
12500643
12500705
12500707
12500831
12500833
12500894
12500896
12500979
12500981
12501064
12501066
12501349
12501351
12501683
12501685
12501946
12501948
12502905
12502907
12505688
12505696
12506639
12506641
12507075
12507077
12507139
12507141
12507519
12508490
12508492
12508863
12508865
12509303
12509305
12509311
12509313
12509320
12509332
12509334
12509346
12509348
12509399
12509401
12511021
12511023
12511244
12511246
12513868
12513870
12513939
12513941
12514232
12514234
12515042
12515044
12515499
12515703
12515705
12515711
12515713
12517315
12517317
12517452
12517454
12517460
12517462
12517530
12517717
12517729
12517731
12518158
12518160
12518161
12518204
12518206
12518207
12518224
12518226
12518235
12518237
12518277
12518444
12518448
12518622
12518626
12518777
12518781
12519049
12519825
12519856
12519883
12519971
12520496
12520498
12520894
12520896
12521111
12521113
12521134
12521137
12521808
12521810
12521990
12521992
12522636
12522638
12522656
12522658
12522667
12522669
12522680
12522682
12522713
12522715
12522724
12522726
12522870
12522872
12522896
12522898
12522912
12522914
12523307
12523309
12523387
12523425
12523436
12523438
12523632
12523668
12523802
12523940
12523942
12524309
12524310
12524311
12524312
12524313
12524314
12524315
12524316
12524317
12524318
12524319
12524364
12524366
12524385
12524387
12524407
12524409
12524429
12524431
12524450
12524452
12524472
12524474
12524494
12524496
12524516
12524518
12524537
12524539
12524558
12524560
12524579
12524581
12524600
12524602
12524622
12524624
12524643
12524645
12524664
12524666
12524685
12524687
12524707
12524709
12524728
12524730
12525441
12525447
12525448
12525449
12526554
12526585
12526586
12526980
12526981
12527153
12527359
12527528
12527530
12527914
12527915
12528070
12528203
12529008
12529537
12529539
12530188
12530294
12530484
12530486
12530487
12530488
12530495
12531584
12531596
12532448
12532635
12532637
12532655
12532719
12532721
12532751
12534944
12534946
12534990
12534992
12535321
12535323
12535385
12535387
12535449
12535451
12535485
12535657
12535661
12535824
12535828
12535995
12535999
12536394
12536396
12536997
12537185
12537189
12539670
12539692
12539716
12539718
12540699
12544126
12544128
12544362
12544380
12544632
12544777
12544795
12544812
12544830
12545059
12545077
12545086
12545088
12545100
12545102
12545193
12545211
12545354
12545357
12545359
12545374
12545825
12545827
12546037
12546307
12546309
12546446
12546448
12546500
12547032
12547034
12547037
12548141
12549413
12549414
12550471
12550678
12550680
12550746
12550747
12550772
12552036
12552701
12552703
12553537
12553687
12553700
12553713
12553719
12553721
12553749
12553751
12553785
12553787
12553806
12553813
12553815
12553839
12553841
12553853
12553855
12553861
12553863
12553870
12553872
12553878
12553880
12554012
12554542
12554544
12554687
12554689
12555302
12555514
12561303
12561305
12563847
12563867
12563870
12565117
12565119
12565134
12565136
12565235
12565237
12565366
12565368
12565489
12565491
12565722
12565724
12565856
12566274
12566276
12566277
12566396
12566398
12567090
12567091
12569372
12569374
12569727
12569746
12570360
12570362
12570380
12570399
12570416
12570438
12570603
12570622
12570631
12570633
12570676
12570683
12570685
12570886
12570890
12571072
12571076
12571077
12571125
12571127
12571546
12571565
12571760
12571766
12571789
12572450
12572453
12572693
12572695
12572803
12572976
12572994
12572996
12573163
12573167
12573207
12573351
12573352
12573876
12573888
12573890
12573931
12573970
12574004
12574006
12574050
12574052
12574053
12574054
12574055
12574308
12574350
12574388
12574485
12574486
12574652
12574726
12574727
12574728
12574789
12574825
12575040
12575042
12575632
12575634
12575939
12575941
12576440
12576442
12578734
12578797
12578835
12579437
12579439
12579440
12579484
12579487
12579500
12579504
12579518
12579522
12579678
12579682
12579815
12579818
12579825
12579828
12579843
12579847
12579973
12579975
12580345
12580347
12580348
12580417
12580419
12580420
12580437
12580439
12580457
12580459
12580508
12580510
12580511
12580525
12580527
12580596
12580598
12580599
12580616
12580618
12580636
12580638
12580782
12580784
12580785
12582055
12585673
12585675
12585681
12585683
12585689
12585691
12585697
12585699
12585705
12585707
12585745
12585747
12585798
12585800
12585827
12585829
12586207
12586348
12586349
12586508
12586717
12586783
12586785
12587047
12587049
12587131
12587205
12588045
12588049
12588545
12588547
12588578
12588580
12588625
12588627
12588648
12588653
12588656
12588657
12588726
12588728
12589563
12590125
12590134
12590579
12590703
12590726
12591015
12591655
12594659
12594661
12595287
12595289
12597809
12597811
12598191
12598300
12598302
12598445
12598447
12598554
12599055
12599057
12599070
12599072
12599078
12599080
12599086
12599088
12599408
12599627
12599650
12599652
12600075
12600377
12602758
12602760
12604780
12604876
12604937
12605073
12605232
12605342
12605655
12605657
12606728
12608331
12608431
12608705
12608892
12609589
12609596
12609602
12609636
12609675
12609794
12609861
12609920
12609921
12609922
12610011
12610098
12611150
12611694
12612725
12612726
12612727
12612728
12612729
12612730
12612753
12612754
12612756
12612757
12612769
12612771
12612783
12614533
12614914
12614943
12614985
12615017
12615078
12615139
12615217
12615279
12615288
12615290
12615302
12615304
12615350
12615352
12615353
12615364
12615366
12615376
12615378
12615411
12615443
12615504
12615524
12615549
12615551
12615584
12615609
12615649
12615676
12615754
12615756
12615757
12615832
12615869
12615888
12615931
12615988
12615998
12616064
12616084
12616205
12616279
12616281
12616287
12616289
12616295
12616297
12616311
12616830
12616983
12616985
12617151
12617155
12617321
12617325
12617537
12617541
12617542
12617910
12617912
12617929
12617931
12617938
12619356
12619507
12619576
12619578
12619579
12619694
12619790
12619792
12619793
12620644
12620646
12620647
12620654
12621430
12621791
12621793
12621870
12621872
12624118
12624120
12625413
12625415
12625670
12625672
12625984
12625986
12626130
12626132
12626377
12626379
12626925
12626953
12626958
12626964
12627295
12627536
12627538
12627615
12627617
12627821
12627822
12628584
12628603
12628620
12628639
12628770
12628789
12628821
12628840
12628849
12628851
12629045
12629047
12629233
12629235
12629297
12629299
12629542
12629544
12629615
12629617
12630930
12630949
12631021
12631773
12631839
12631858
12632186
12632188
12633036
12633046
12633060
12633073
12633085
12634248
12634250
12634251
12634314
12634369
12634371
12634529
12634534
12634678
12634683
12634857
12635058
12635062
12635262
12635266
12635614
12635615
12635616
12635633
12635637
12635639
12635640
12635650
12635652
12635654
12635655
12635679
12635683
12635685
12635686
12635696
12635697
12635699
12635700
12636048
12636049
12636050
12636248
12637490
12638113
12638115
12640860
12640862
12641062
12641064
12641537
12641539
12642860
12642862
12642868
12642870
12643483
12643485
12644421
12644423
12644428
12644430
12644435
12644437
12644442
12644444
12644900
12645051
12645168
12650181
12650183
12650361
12650984
12651069
12651071
12651098
12651100
12651128
12651130
12651158
12651160
12651185
12651187
12651208
12651210
12651222
12651224
12651255
12651270
12651272
12651284
12651286
12651292
12651294
12651306
12651308
12651328
12651330
12651346
12651359
12651365
12651367
12651374
12651387
12651400
12651406
12651408
12651450
12651452
12651453
12651454
12651463
12651465
12651472
12651474
12651480
12651482
12651490
12651492
12651499
12651501
12651507
12651509
12651547
12651549
12651550
12656100
12656101
12656102
12656148
12656150
12656760
12656930
12656932
12657003
12657005
12657016
12657018
12657069
12657071
12659079
12659081
12659087
12659089
12659101
12659103
12661346
12661347
12663358
12663361
12663802
12663830
12663857
12663866
12663868
12663876
12663878
12664058
12664062
12664217
12664221
12664372
12664376
12664388
12664562
12664566
12664771
12664775
12665284
12665290
12666045
12666472
12667124
12668662
12668715
12668740
12668742
12668748
12668750
12668762
12668764
12668809
12668816
12668818
12669573
12669577
12669821
12669825
12673906
12673908
12673914
12673916
12674680
12674682
12674725
12675114
12675116
12676863
12676864
12677728
12677771
12677804
12677949
12677950
12677951
12677952
12677959
12677972
12677973
12677975
12677976
12678295
12678300
12678440
12678445
12678583
12678588
12678601
12678812
12678816
12679105
12679109
12679370
12679372
12680767
12680769
12681590
12681592
12682181
12682580
12683034
12683358
12684103
12684624
12684626
12685252
12685478
12685643
12685808
12685981
12686160
12686840
12686920
12686953
12687033
12688078
12689154
12689206
12689213
12689215
12690512
12690514
12690516
12690517
12690520
12690944
12692143
12692145
12692864
12692866
12694329
12694331
12695278
12695280
12695731
12695733
12696056
12696058
12696982
12696984
12697415
12697417
12697777
12697779
12699417
12700270
12700875
12700877
12701995
12702060
12702829
12702831
12705273
12705548
12705550
12705687
12705689
12706132
12707478
12707479
12708882
12708913
12709000
12709091
12710430
12712102
12712538
12712775
12712798
12712801
12713935
12714033
12714184
12714515
12715237
12715539
12716796
12716797
12717023
12717025
12717731
12717734
12717803
12717805
12718238
12718380
12718759
12719181
12719418
12719976
12719978
12720135
12720260
12721781
12723560
12723698
12723705
12723707
12723712
12723714
12723720
12723722
12723735
12723736
12723762
12723764
12723765
12723782
12723784
12723811
12723845
12723860
12723862
12723868
12723870
12723877
12723879
12723885
12723887
12723894
12723896
12723902
12723904
12723923
12723925
12723943
12723944
12723985
12724012
12724059
12724071
12724080
12724082
12724089
12724091
12724098
12724146
12724154
12724194
12724224
12724482
12724504
12725149
12725151
12725218
12725710
12725737
12725771
12725773
12725787
12725789
12725804
12725962
12727373
12727375
12727490
12727492
12727876
12727878
12728266
12728268
12728329
12728331
12729034
12729061
12729063
12729920
12729922
12731023
12731025
12731031
12731033
12734213
12735247
12738004
12738006
12738134
12738405
12738427
12738454
12738455
12738545
12738546
12738631
12738632
12738717
12738718
12739010
12739157
12739159
12739191
12739797
12739799
12740133
12740135
12740273
12740275
12740317
12740701
12740703
12740751
12741867
12742061
12742062
12742083
12742085
12743137
12743142
12743804
12743805
12743806
12743941
12743942
12744050
12744054
12744347
12745597
12745599
12746006
12746070
12747594
12747665
12748922
12748924
12748936
12748938
12750095
12750120
12750124
12750125
12750167
12750168
12750194
12750196
12750197
12750222
12750224
12750225
12750240
12750648
12750675
12751009
12751042
12751744
12751746
12751747
12751748
12751765
12751766
12752732
12752735
12752766
12753216
12753261
12753263
12753264
12753893
12753895
12753979
12753981
12753982
12754514
12754528
12754575
12754577
12754818
12755463
12755465
12755466
12756428
12756430
12756431
12758231
12758234
12758265
12758719
12758741
12758743
12759346
12759348
12759480
12759482
12759483
12759993
12760007
12760058
12760060
12760746
12760749
12760752
12760753
12760757
12761009
12761011
12761012
12761764
12761767
12761798
12761799
12762050
12762095
12762097
12762098
12762721
12762723
12762807
12762809
12762810
12763336
12763350
12763410
12763415
12763890
12763891
12763922
12763924
12763925
12764204
12764218
12764282
12764287
12765295
12765297
12765298
12766433
12766436
12766467
12766788
12766818
12766820
12766821
12767061
12767063
12767147
12767149
12767150
12767547
12767561
12767617
12767622
12768477
12768479
12768480
12770122
12770124
12770126
12770127
12770159
12770160
12770481
12770526
12770528
12770529
12771158
12771160
12771470
12771473
12771504
12771755
12771800
12771802
12771803
12772426
12772428
12772512
12772514
12772515
12773041
12773055
12773115
12773120
12774021
12774023
12774024
12775015
12775018
12775049
12775300
12775345
12775347
12775348
12775971
12775973
12776057
12776059
12776060
12776339
12776353
12776417
12776422
12779326
12779327
12779329
12779330
12780884
12781147
12781741
12782308
12783324
12783342
12783344
12783345
12783350
12784102
12784574
12784653
12784654
12784655
12784656
12784657
12784658
12784659
12784660
12784661
12784662
12784663
12784914
12784915
12784916
12784917
12784918
12784919
12784920
12784921
12784922
12784923
12784924
12784925
12785610
12785612
12786942
12787499
12787501
12787508
12787521
12787534
12787571
12787578
12787580
12787586
12787588
12787594
12787596
12787606
12787608
12787618
12787620
12787631
12787633
12787646
12787648
12787660
12787662
12787673
12787675
12787688
12787690
12787702
12787704
12787715
12787717
12787730
12787732
12787741
12787743
12787750
12787752
12787758
12787760
12787768
12787770
12787777
12787779
12787785
12787787
12787795
12787797
12787804
12787806
12787812
12787814
12787842
12787844
12787845
12787874
12787876
12787877
12787892
12787894
12787957
12787975
12787977
12792189
12792366
12792368
12793346
12793348
12794264
12794266
12794472
12794474
12794752
12794754
12795274
12795276
12795335
12795337
12795408
12795410
12795776
12795819
12795821
12796188
12796190
12796379
12796381
12796393
12796395
12796440
12796666
12796668
12797158
12797160
12798290
12798292
12799679
12800211
12800572
12800674
12801747
12801748
12801756
12802188
12804799
12806370
12806372
12806645
12806647
12806696
12806698
12806699
12806715
12806719
12806729
12806732
12806742
12806745
12806813
12806815
12806817
12806818
12807390
12807394
12807407
12807411
12808190
12808192
12808194
12808196
12808198
12808199
12808200
12808201
12808206
12809957
12811622
12811623
12811656
12811657
12811659
12811660
12813110
12813112
12813259
12813270
12813532
12813631
12813962
12814166
12814168
12814175
12814177
12814187
12814189
12814212
12814218
12814220
12814221
12814243
12814249
12814251
12814252
12814274
12814280
12814282
12814283
12815274
12815278
12815854
12815855
12815857
12815858
12816116
12816118
12816528
12822860
12822867
12823253
12825381
12825753
12825755
12827657
12827798
12828674
12828675
12830263
12830347
12830565
12830569
12830985
12830989
12831858
12833468
12833470
12833938
12835410
12835412
12835850
12835852
12836060
12836061
12836076
12836078
12836117
12839170
12839171
12839172
12839863
12840483
12840484
12840485
12840826
12840830
12841331
12841333
12841340
12841342
12841348
12841350
12841357
12841359
12841365
12841367
12841374
12841376
12841382
12841384
12841390
12841392
12841519
12841523
12841744
12841746
12841747
12841789
12841791
12841806
12841808
12841958
12841983
12841986
12841987
12841988
12841989
12842450
12842452
12843594
12843596
12844148
12844153
12844787
12844789
12845303
12845308
12846319
12846324
12846751
12846791
12846793
12846834
12846910
12846912
12846914
12846920
12846921
12846922
12846923
12846924
12846925
12847350
12847352
12847363
12847365
12847372
12847374
12847379
12847381
12847389
12847390
12847392
12847393
12847404
12847406
12847413
12847415
12847431
12847434
12847436
12847437
12847443
12849430
12849432
12849484
12849526
12849528
12854477
12854479
12854485
12854487
12854504
12854506
12854513
12854515
12856048
12856050
12856999
12857784
12857792
12857794
12857832
12857834
12857835
12857843
12857845
12858012
12858016
12860288
12860290
12860307
12860309
12860898
12860963
12860993
12860995
12861003
12861005
12861017
12861019
12862182
12862210
12863056
12863084
12864143
12864144
12864146
12864147
12864607
12864609
12864779
12864780
12865416
12865630
12865632
12866027
12866029
12866120
12866122
12866308
12866312
12866332
12866336
12873256
12873258
12873676
12873686
12873688
12873693
12873695
12873700
12873702
12873708
12873710
12873716
12873718
12873724
12873726
12873732
12873734
12873740
12873742
12874611
12874619
12875803
12875807
12875909
12875911
12875912
12875926
12875928
12875929
12876552
12876554
12876634
12876660
12876701
12876781
12877137
12877139
12877296
12877298
12877415
12877741
12877786
12877788
12878135
12878760
12878765
12878767
12878772
12878774
12878779
12878781
12878786
12878788
12878794
12878796
12878802
12878804
12878810
12878812
12878818
12878820
12878826
12878828
12878834
12878836
12878997
12878998
12879000
12879002
12879003
12879004
12879284
12879288
12879293
12879295
12879407
12879497
12879499
12879876
12879878
12880487
12880489
12880604
12880735
12880737
12881137
12881139
12881190
12881260
12881333
12881335
12881341
12881343
12882190
12882382
12882632
12882645
12882658
12882665
12882684
12882697
12882722
12882724
12882740
12882753
12882755
12882756
12882829
12882952
12882954
12882969
12882971
12882978
12882980
12883660
12883662
12885553
12886903
12887767
12887768
12888145
12888225
12888227
12888228
12888238
12888466
12888470
12890525
12891610
12892149
12892212
12892222
12892249
12892259
12893097
12894688
12894690
12894753
12894888
12895033
12895038
12895044
12895047
12895053
12895056
12895208
12895210
12895211
12895247
12895248
12895361
12895366
12895507
12895512
12895642
12895647
12895866
12895871
12896013
12896018
12896160
12896165
12896304
12896309
12896448
12896453
12896592
12896597
12896734
12896739
12896745
12896748
12896886
12896892
12897159
12897164
12897386
12897391
12897530
12897535
12897626
12897872
12897876
12898087
12898091
12898234
12898239
12900161
12900163
12900362
12902498
12902601
12903227
12903810
12903812
12904763
12904767
12904825
12904851
12905398
12906020
12906220
12906224
12906227
12906389
12906391
12906564
12906566
12906872
12906874
12907076
12907078
12908308
12908334
12908337
12908341
12908342
12908348
12909139
12909245
12909299
12909301
12909516
12910285
12910287
12910439
12910441
12910773
12912328
12912330
12912853
12913196
12913200
12913202
12913399
12913400
12913401
12913412
12913414
12913419
12913421
12913426
12913428
12913433
12913435
12915113
12915183
12915194
12915196
12915273
12915275
12915276
12915277
12915278
12915279
12916085
12916284
12916767
12916969
12920026
12920030
12920081
12920083
12920164
12920166
12921842
12921844
