202297
202298
202301
202302
202305
202306
202309
202310
202313
202314
202317
202318
202321
202322
202325
202326
202329
202330
202333
202334
202337
202338
202341
202342
202345
202346
202349
202350
202353
202354
202357
202358
202361
202362
202365
202366
202369
202370
202373
202374
202375
202378
202381
202382
202385
202386
202389
202390
202393
202394
202397
202398
202401
202404
202407
202408
202411
202412
202415
202416
202419
202420
202425
202428
202429
202432
202433
202436
202437
202440
202441
202444
202445
202448
202449
202452
202453
202456
202457
202460
202461
202464
202465
202468
202469
202472
202473
202476
202477
202480
202481
202484
202485
202488
202489
202492
202493
202496
202497
202500
202501
202504
202505
202508
202509
202512
202513
202516
202517
202520
202521
202524
202525
202528
202529
202532
202533
202536
202537
202540
202541
202544
202545
202548
202549
202552
202553
202556
202557
202560
202561
202564
202565
202568
202569
202572
202573
202576
202577
202580
202581
202584
202585
202588
202589
202592
202593
202596
202597
202600
202601
202604
202605
202608
202609
202611
202612
202615
202616
202619
202620
202623
202624
202627
202628
202631
202632
202635
202636
202639
202640
202643
202644
202647
202648
202651
202652
202655
202656
202659
202660
202663
202664
202667
202668
202671
202672
202675
202676
202679
202680
202683
202684
202687
202688
202691
202692
202695
202696
202699
202700
202703
202704
202707
202708
202711
202712
202715
202716
202719
202720
202723
202724
202727
202728
202731
202732
202735
202736
202739
202740
202743
202744
202747
202748
202751
202752
202755
202756
202759
202760
202763
202764
202767
202768
202771
202772
202775
202776
202779
202780
202783
202784
202787
202788
202791
202792
202795
202796
202799
202800
202803
202806
202807
202810
202811
202814
202815
202818
202819
202822
202823
202826
202827
202830
202831
202834
202835
202838
202841
202842
202845
202846
202849
202850
202853
202854
202857
202858
202861
202862
202865
202866
202869
202870
202873
202876
202877
202880
202881
202884
202885
202888
202889
202892
202893
202896
202897
202900
202901
202904
202905
202908
202909
202912
202913
202916
202917
202920
202921
202924
202925
202928
202929
202932
202933
202936
202937
202940
202941
202944
202945
202948
202949
202952
202953
202956
202957
202960
202961
202964
202965
202968
202969
202972
202973
202976
202977
202980
202981
202984
202985
202988
202989
202992
202993
202996
202997
203000
203001
203004
203005
203008
203009
203012
203013
203016
203017
203020
203021
203024
203025
203028
203029
203032
203033
203036
203037
203040
203041
203044
203045
203048
203049
203052
203053
203056
203057
203060
203061
203064
203065
203068
203069
203072
203073
203076
203077
203080
203081
203084
203085
203088
203089
203092
203093
203096
203097
203100
203101
203104
203105
203108
203109
203112
203113
203116
203117
203120
203123
203124
203127
203128
203131
203132
203135
203136
203139
203140
203143
203144
203147
203148
203151
203152
203154
203155
203158
203159
203162
203163
203166
203167
203170
203171
203174
203175
203178
203179
203182
203183
203186
203187
203190
203191
203194
203195
203198
203199
203202
203203
203206
203207
203210
203211
203214
203215
203218
203221
203222
203225
203226
203229
203230
203233
203234
203237
203240
203243
203246
203249
203250
203253
203254
203257
203258
203261
203262
203265
203266
203269
203270
203273
203274
203277
203278
203281
203282
203285
203286
203289
203290
203293
203296
203297
203300
203301
203304
203305
203308
203309
203312
203313
203316
203317
203320
203321
203324
203325
203328
203329
203332
203333
203336
203337
203340
203341
203344
203345
203348
203349
203352
203353
203356
203357
203360
203361
203364
203365
203368
203369
203372
203373
203376
203377
203380
203381
203384
203385
203388
203389
203392
203393
203396
203397
203400
203401
203404
203405
203408
203411
203412
203415
203416
203419
203420
203423
203424
203427
203428
203431
203432
203435
203436
203439
203440
203443
203444
203447
203448
203451
203452
203454
203455
203458
203459
203462
203463
203466
203467
203470
203471
203474
203475
203478
203479
203482
203483
203486
203487
203490
203491
203494
203495
203498
203499
203502
203503
203506
203507
203510
203511
203514
203515
203518
203519
203522
203523
203526
203527
203530
203531
203534
203535
203538
203539
203542
203543
203546
203547
203550
203551
203554
203555
203558
203559
203562
203563
203566
203567
203570
203574
203578
203579
203582
203586
203588
203589
203590
203591
203592
203593
203596
203597
203598
203599
203600
203604
203605
203606
203607
203608
203609
203610
203611
203612
203616
203617
203618
203619
203620
203621
203622
203623
203624
203625
203626
203627
203628
203629
203631
203634
203635
203643
203646
203647
203648
203649
203697
203700
203701
203747
203750
203751
203841
205189
205768
206530
207099
208620
209193
209572
209573
209574
209578
209579
209580
209581
209583
209585
209586
209592
209594
209595
209596
209605
209606
209607
209612
209616
209617
209622
209623
209625
209626
209651
209652
209653
209660
209662
209666
209670
209674
209678
209686
209687
209690
209691
209697
209702
209707
209711
209712
209713
209714
209716
209718
209720
209721
209722
209724
209725
209726
209728
209729
209730
209732
209733
209734
209736
209737
209738
209740
209741
209742
209744
209745
209746
209748
209749
209750
209752
209753
209754
209756
209757
209758
209760
209762
209770
209774
209778
209783
209784
209785
209786
209788
209789
209790
209791
209793
209797
209800
209803
209806
209809
209812
209815
209818
209821
209824
209827
209828
209830
209831
209832
209835
209836
209837
209839
209840
209841
209844
209845
209850
209855
209856
209858
209859
209865
209867
209870
209875
209877
209879
209881
209883
209888
209895
209896
209898
209905
209909
209913
209919
209923
209926
209927
209929
209930
209931
209933
209934
209936
209937
209939
209940
209942
209943
209945
209946
209948
209950
209951
209953
209954
209956
209957
209959
209960
209962
209963
209965
209966
209968
209969
209971
209972
209974
209975
209977
209978
209980
209983
209986
209989
209992
209995
209998
210001
210004
210007
210010
210013
210016
210018
210021
210024
210028
210031
210035
210037
210041
210043
210047
210051
210055
210059
210063
210066
210069
210073
210077
210081
210085
210089
210093
210097
210100
210101
210102
210103
210104
210106
210111
210112
210113
210114
210117
210118
210123
210126
210128
210129
210131
210134
210135
210136
210140
210141
210144
210145
210146
210148
210150
210152
210154
210156
210159
210162
210164
210166
210169
210171
210173
210175
210177
210179
210181
210183
210185
210187
210189
210191
210193
210195
210197
210199
210201
210203
210205
210207
210209
210211
210213
210215
210217
210219
210221
210223
210225
210227
210229
210231
210233
210235
210237
210239
210241
210243
210245
210247
210249
210251
210253
210255
210257
210259
210261
210263
210265
210267
210269
210271
210273
210275
210277
210279
210281
210283
210285
210287
210289
210291
210294
210296
210298
210300
210302
210304
210306
210308
210310
210312
210314
210316
210318
210321
210323
210325
210327
210329
210331
210333
210335
210337
210339
210341
210342
210343
210344
210346
210347
210348
210349
210350
210351
210352
210353
210354
210355
210356
210357
210358
210359
210360
210361
210362
210363
210364
210365
210366
210367
210368
210369
210370
210371
210372
210373
210374
210375
210376
210377
210378
210379
210380
210381
210382
210383
210384
210385
210386
210387
210388
210389
210390
210391
210392
210393
210394
210395
210396
210397
210398
210400
210404
210408
210413
210414
210416
210418
210420
210422
210423
210425
210426
210430
210431
210432
210436
210437
210439
210440
210441
210442
210445
210447
210448
210449
210450
210451
210453
210454
210458
210463
210464
210465
210466
210468
210472
210475
210477
210478
210480
210483
210484
210485
210486
210487
210488
210489
210491
210493
210494
210495
210496
210498
210499
210504
210508
210510
210515
210516
210517
210518
210519
210521
210524
210526
210528
210529
210531
210532
210533
210538
210589
210591
210592
210593
210594
210595
210596
210598
210604
210608
210672
210673
210676
210686
210692
210695
210697
210699
210700
210702
210703
210705
210707
210714
210716
210718
210720
210721
210722
210727
210728
210729
210730
210731
210735
210743
210744
210748
210751
210754
210755
210759
210762
210763
210764
210766
210774
210775
210776
210777
210778
210781
210782
210783
210784
210786
210788
210790
210792
210793
210794
210795
210798
210801
210805
210806
210807
210810
210811
210812
210814
210815
210816
210817
210818
210819
210820
210821
210822
210823
210824
210825
210826
210827
210829
210830
210831
210832
210833
210835
210836
210837
210838
210840
210841
210843
210844
210846
210848
210849
210850
210852
210853
210854
210855
210856
210858
210859
210860
210861
210862
210863
210864
210865
210866
210867
210869
210870
210871
210872
210874
210876
210877
210878
210879
210880
210881
210883
210885
210889
210890
210891
210892
210893
210895
210896
210897
210898
210899
210901
210904
210905
210906
210908
210910
210911
210913
210914
210915
210918
210919
210923
210925
210927
210928
210929
210930
210931
210934
210935
210936
210937
210938
210939
210940
210941
210942
210943
210954
210957
210958
210969
210977
210978
210982
210983
210985
210986
210987
210988
210989
210990
210991
210992
210993
210994
210996
210997
210998
210999
211000
211001
211002
211003
211004
211005
211006
211009
211010
211011
211013
211014
211018
211021
211022
211027
211031
211032
211035
211038
211041
211044
211046
211047
211048
211049
211052
211054
211056
211058
211060
211062
211064
211065
211066
211067
211072
211074
211075
211076
211078
211079
211080
211082
211083
211084
211086
211087
211088
211090
211091
211092
211094
211095
211096
211098
211099
211100
211101
211104
211106
211109
211112
211115
211118
211124
211130
211132
211133
211134
211135
211140
211144
211145
211146
211149
211150
211151
211153
211156
211157
211159
211160
211161
211164
211165
211166
211168
211169
211170
211172
211173
211174
211175
211176
211177
211178
211180
211181
211182
211183
211187
211189
211190
211191
211192
211193
211194
211195
211196
211197
211202
211204
211206
211208
211210
211211
211212
211213
211217
211218
211219
211221
211222
211223
211224
211226
211227
211229
211235
211236
211237
211238
211239
211240
211241
211243
211244
211247
211248
211249
211250
211260
211262
211264
211265
211266
211267
211274
211275
211276
211277
211278
211286
211287
211288
211290
211291
211292
211293
211294
211295
211296
211297
211298
211301
211305
211306
211308
211309
211311
211313
211314
211315
211318
211319
211321
211322
211324
211326
211328
211329
211330
211346
211352
211353
211354
211355
211356
211357
211358
211359
211360
211362
211366
211368
211370
211373
211375
211377
211379
211380
211383
211384
211385
211386
211387
211388
211389
211390
211391
211403
211404
211405
211406
211408
211409
211410
211411
211419
211420
211421
211422
211423
211427
211429
211433
211434
211435
211436
211437
211438
211440
211443
211445
211446
211449
211451
211454
211462
211463
211466
211469
211472
211473
211475
211479
211482
211488
211489
211490
211491
211492
211495
211498
211500
211502
211505
211506
211514
211518
211568
211572
211574
211578
211588
211589
211590
211591
211592
211597
211598
211600
211601
211602
211603
211604
211609
211610
211611
211612
211613
211614
211615
211616
211618
211623
211627
211631
211635
211638
211639
211640
211641
211643
211644
211645
211649
211650
211651
211652
211654
211655
211656
211657
211658
211659
211660
211661
211662
211663
211671
211680
211682
211684
211686
211688
211690
211692
211694
211696
211698
211700
211702
211704
211706
211708
211710
211712
211714
211716
211718
211720
211721
211722
211724
211725
211726
211728
211729
211731
211732
211734
211735
211739
211740
211741
211743
211744
211745
211747
211748
211749
211751
211752
211753
211755
211756
211757
211759
211761
211763
211765
211767
211769
211771
211773
211775
211777
211778
211780
211781
211782
211784
211785
211786
211788
211789
211790
211791
211792
211793
211794
211807
211810
211812
211813
211814
211815
211816
211818
211826
211828
211829
211831
211832
211834
211838
211840
211843
211844
211846
211849
211852
211856
211860
211864
211868
211872
211876
211879
211881
211883
211886
211887
211889
211891
211893
211896
211898
211900
211904
211906
211908
211911
211913
211915
211919
211923
211927
211931
211935
211939
211941
211943
211945
211947
211949
211951
211953
211955
211957
211959
211961
211963
211965
211967
211969
211971
211974
211978
211982
211986
211990
211994
211998
212002
212006
212010
212014
212018
212041
212044
212049
212050
212051
212057
212058
212060
212061
212062
212063
212071
212074
212075
212080
212085
212086
212087
212088
212090
212092
212097
212098
212099
212101
212106
212117
212118
212121
212129
212130
212131
212136
212139
212142
212144
212146
212148
212150
212152
212156
212157
212158
212160
212162
212163
212170
212182
212185
212186
212187
212192
212193
212194
212196
212197
212200
212202
212203
212204
212205
212206
212213
212214
212215
212217
212218
212219
212222
212223
212225
212227
212229
212230
212231
212248
212253
212254
212257
212261
212265
212269
212273
212277
212281
212285
212289
212293
212297
212301
212306
212307
212308
212309
212312
212313
212314
212315
212316
212317
212318
212319
212321
212323
212325
212326
212328
212329
212330
212331
212332
212334
212337
212338
212340
212341
212344
212348
212349
212350
212351
212353
212355
212357
212359
212361
212363
212365
212367
212369
212371
212373
212374
212376
212379
212380
212381
212383
212384
212386
212387
212388
212398
212399
212404
212405
212406
212408
212409
212411
212412
212413
212419
212421
212425
212428
212432
212435
212439
212443
212447
212451
212455
212459
212462
212463
212464
212465
212466
212467
212469
212471
212472
212473
212474
212476
212478
212479
212480
212481
212483
212485
212486
212487
212494
212496
212500
212503
212504
212505
212506
212507
212509
212511
212513
212521
212522
212523
212524
212525
212529
212533
212534
212535
212536
212537
212538
212539
212541
212542
212543
212545
212547
212550
212553
212557
212558
212562
212565
212568
212571
212574
212577
212579
212582
212585
212588
212589
212590
212591
212593
212595
212597
212599
212601
212602
212604
212606
212608
212610
212612
212614
212616
212618
212620
212622
212626
212629
212631
212633
212636
212639
212642
212645
212648
212651
212653
212656
212657
212658
212659
212660
212661
212662
212663
212666
212669
212672
212675
212678
212683
212685
212686
212687
212688
212689
212690
212691
212693
212695
212697
212698
212699
212701
212702
212703
212705
212707
212708
212710
212711
212713
212715
212716
212717
212719
212721
212723
212725
212726
212727
212728
212729
212735
212737
212739
212742
212744
212749
212751
212753
212755
212757
212760
212762
212764
212766
212768
212770
212772
212774
212776
212778
212780
212782
212784
212786
212788
212790
212792
212793
212795
212798
212799
212800
212801
212802
212803
212804
212805
212806
212809
212811
212814
212816
212818
212820
212822
212824
212827
212828
212831
212834
212838
212841
212845
212846
212847
212848
212849
212851
212852
212853
212855
212856
212859
212862
212866
212870
212874
212878
212887
212889
212891
212893
212895
212897
212899
212901
212903
212905
212907
212909
212911
212913
212915
212917
212919
212921
212923
212924
212929
212932
212935
212938
212941
212944
212947
212950
212953
212955
212956
212957
212958
212959
212960
212961
212962
212963
212965
212967
212970
212971
212972
212974
212975
212977
212979
212981
212983
212984
212985
212987
212989
212991
212992
212993
212995
212997
212999
213000
213001
213003
213005
213007
213008
213009
213011
213013
213015
213016
213017
213019
213021
213023
213024
213025
213027
213029
213031
213032
213033
213035
213037
213039
213040
213041
213043
213045
213047
213048
213049
213051
213053
213055
213056
213057
213059
213061
213063
213064
213065
213067
213068
213069
213070
213071
213072
213073
213074
213075
213076
213077
213078
213079
213080
213081
213082
213083
213084
213085
213086
213087
213088
213089
213090
213091
213092
213093
213094
213095
213096
213097
213098
213099
213100
213101
213102
213103
213104
213105
213106
213107
213109
213110
213111
213112
213113
213114
213115
213116
213117
213118
213119
213120
213121
213122
213123
213124
213125
213126
213127
213128
213129
213130
213133
213134
213138
213139
213144
213145
213147
213148
213149
213150
213152
213153
213154
213158
213159
213161
213162
213164
213169
213171
213175
213176
213177
213179
213182
213184
213187
213189
213191
213193
213195
213198
213200
213202
213204
213206
213208
213210
213212
213214
213216
213218
213220
213222
213224
213226
213228
213230
213232
213234
213236
213238
213240
213242
213244
213246
213248
213250
213252
213254
213256
213258
213260
213262
213264
213266
213268
213270
213273
213275
213277
213279
213281
213283
213285
213287
213289
213291
213293
213295
213297
213299
213301
213303
213305
213307
213309
213312
213314
213316
213318
213320
213322
213324
213326
213328
213330
213332
213334
213336
213337
213339
213340
213343
213345
213346
213347
213348
213349
213350
213351
213352
213353
213354
213355
213356
213357
213358
213359
213360
213361
213362
213363
213364
213365
213366
213367
213368
213369
213370
213371
213372
213373
213374
213375
213376
213377
213378
213379
213380
213381
213385
213387
213389
213391
213393
213395
213397
213399
213402
213403
213405
213411
213412
213416
213417
213418
213422
213423
213424
213426
213428
213433
213435
213442
213443
213444
213446
213451
213454
213456
213458
213459
213461
213465
213470
213474
213475
213477
213478
213480
213481
213483
213484
213485
213486
213489
213498
213499
213500
213503
213504
213505
213506
213512
213513
213514
213526
213528
213531
213532
213533
213534
213536
213538
213539
213540
213543
213545
213547
213549
213551
213553
213555
213557
213559
213561
213562
213563
213564
213565
213566
213567
213568
213570
213571
213572
213574
213575
213577
213578
213579
213580
213582
213584
213585
213586
213589
213591
213592
213595
213597
213598
213599
213601
213602
213605
213606
213608
213609
213610
213611
213613
213614
213615
213617
213620
213623
213625
213627
213630
213632
213633
213634
213636
213637
213638
213642
213643
213645
213646
213647
213648
213651
213652
213653
213655
213656
213657
213659
213660
213661
213663
213664
213665
213667
213669
213670
213676
213678
213680
213683
213685
213687
213689
213690
213691
213693
213695
213697
213699
213701
213703
213704
213705
213707
213708
213709
213711
213713
213715
213717
213719
213721
213723
213725
213727
213729
213731
213733
213735
213737
213739
213741
213743
213745
213747
213749
213750
213751
213752
213753
213754
213755
213756
213757
213758
213759
213760
213761
213762
213763
213764
213766
213772
213778
213780
213782
213784
213785
213786
213787
213790
213792
213794
213796
213797
213798
213801
213803
213805
213807
213809
213811
213812
213813
213814
213815
213818
213820
213822
213824
213825
213826
213827
213830
213831
213832
213833
213834
213835
213836
213837
213839
213840
213841
213843
213844
213845
213846
213848
213849
213850
213851
213853
213854
213855
213857
213858
213861
213865
213869
213872
213875
213877
213879
213881
213883
213888
213889
213890
213892
213895
213897
213898
213899
213901
213904
213906
213907
213908
213911
213914
213917
213920
213922
213923
213924
213925
213926
213927
213928
213929
213930
213931
213932
213933
213934
213935
213936
213937
213938
213939
213940
213942
213944
213946
213948
213950
213952
213954
213956
213958
213960
213961
213964
213966
213968
213970
213972
213974
213976
213978
213980
213982
213984
213986
213987
213990
213993
213995
213997
213999
214001
214003
214005
214007
214009
214011
214012
214015
214018
214019
214020
214021
214023
214026
214029
214032
214035
214038
214040
214041
214042
214043
214044
214045
214047
214051
214055
214057
214062
214063
214064
214066
214067
214068
214070
214071
214072
214074
214075
214076
214078
214079
214080
214085
214087
214088
214089
214092
214093
214094
214095
214097
214098
214102
214105
214110
214113
214115
214116
214117
214118
214120
214121
214124
214125
214128
214131
214132
214134
214135
214138
214139
214140
214141
214142
214143
214144
214151
214153
214155
214157
214159
214161
214163
214165
214168
214170
214172
214174
214176
214177
214178
214180
214181
214182
214183
214184
214185
214186
214190
214192
214194
214196
214198
214199
214200
214201
214202
214203
214207
214209
214212
214213
214214
214217
214220
214222
214223
214224
214225
214226
214228
214229
214232
214233
214234
214235
214236
214237
214241
214244
214247
214250
214258
214259
214261
214263
214265
214267
214269
214272
214274
214276
214278
214281
214285
214286
214288
214289
214290
214291
214292
214295
214297
214299
214301
214303
214304
214306
214307
214308
214310
214311
214312
214313
214314
214315
214318
214319
214321
214322
214324
214325
214326
214327
214328
214329
214330
214333
214335
214337
214339
214341
214343
214345
214347
214349
214351
214353
214355
214357
214359
214361
214363
214365
214367
214369
214371
214373
214375
214377
214379
214381
214383
214385
214387
214389
214391
214393
214395
214397
214399
214401
214403
214406
214408
214409
214410
214412
214413
214414
214416
214417
214418
214420
214421
214422
214424
214425
214426
214428
214429
214430
214432
214433
214434
214436
214437
214438
214440
214441
214442
214444
214445
214448
214449
214452
214454
214455
214456
214457
214461
214463
214464
214472
214474
214476
214478
214480
214481
214482
214483
214486
214487
214489
214490
214491
214493
214495
214496
214497
214500
214501
214503
214504
214505
214508
214509
214511
214512
214513
214514
214516
214517
214519
214520
214521
214522
214526
214529
214531
214533
214535
214537
214539
214541
214543
214545
214547
214549
214550
214551
214552
214553
214554
214555
214556
214559
214561
214563
214565
214567
214569
214571
214573
214575
214577
214578
214583
214586
214589
214592
214594
214595
214598
214599
214600
214601
214603
214604
214605
214606
214608
214609
214610
214628
214631
214634
214637
214640
214642
214644
214647
214649
214654
214656
214658
214660
214662
214664
214665
214666
214667
214678
214679
214680
214681
214682
214683
214684
214685
214686
214687
214688
214689
214691
214694
214697
214700
214703
214706
214708
214710
214713
214716
214719
214722
214725
214728
214731
214733
214735
214737
214739
214742
214745
214747
214749
214751
214753
214755
214757
214759
214761
214763
214765
214767
214770
214771
214772
214773
214774
214776
214779
214782
214784
214786
214788
214789
214791
214794
214797
214800
214801
214802
214803
214805
214808
214810
214812
214814
214816
214818
214820
214822
214824
214826
214827
214828
214829
214830
214831
214833
214836
214839
214842
214845
214847
214849
214851
214853
214855
214857
214859
214861
214863
214865
214867
214868
214869
214870
214871
214872
214873
214874
214876
214878
214880
214882
214884
214886
214888
214890
214892
214894
214895
214896
214897
214898
214899
214901
214904
214905
214908
214912
214915
214916
214917
214918
214921
214923
214925
214927
214929
214931
214933
214935
214937
214939
214941
214943
214945
214947
214949
214951
214952
214954
214956
214959
214960
214961
214964
214967
214968
214971
214973
214978
214980
214983
214987
214991
214997
214998
214999
215000
215001
215002
215004
215006
215008
215010
215012
215014
215016
215018
215020
215021
215022
215023
215024
215027
215028
215029
215031
215032
215033
215035
215036
215037
215039
215040
215041
215043
215044
215045
215047
215048
215049
215051
215052
215053
215055
215056
215057
215059
215060
215062
215064
215066
215068
215070
215072
215074
215076
215078
215080
215082
215084
215086
215088
215090
215091
215093
215095
215097
215099
215101
215102
215104
215106
215108
215109
215110
215111
215112
215113
215114
215115
215116
215117
215118
215119
215126
215128
215129
215131
215133
215135
215137
215139
215141
215143
215145
215146
215147
215148
215149
215151
215153
215155
215157
215159
215161
215163
215165
215167
215169
215171
215173
215175
215177
215179
215181
215184
215185
215186
215187
215188
215191
215194
215195
215196
215197
215198
215199
215200
215201
215203
215205
215207
215209
215211
215213
215215
215217
215219
215221
215223
215225
215227
215229
215231
215233
215235
215237
215239
215241
215243
215245
215248
215249
215250
215251
215252
215253
215254
215255
215256
215257
215258
215259
215260
215264
215265
215267
215268
215269
215271
215272
215275
215276
215279
215280
215282
215284
215287
215289
215291
215293
215295
215297
215299
215301
215303
215306
215309
215311
215313
215315
215316
215317
215318
215319
215320
215321
215322
215323
215325
215329
215335
215337
215339
215341
215343
215345
215347
215349
215351
215353
215355
215358
215360
215362
215364
215366
215368
215370
215372
215374
215377
215379
215381
215383
215385
215387
215389
215391
215393
215395
215397
215399
215401
215403
215405
215407
215409
215410
215412
215414
215416
215418
215420
215422
215423
215425
215427
215429
215431
215433
215435
215436
215438
215439
215441
215443
215445
215447
215449
215452
215453
215455
215457
215458
215460
215462
215463
215469
215470
215471
215473
215474
215476
215478
215479
215480
215482
215483
215484
215486
215487
215488
215490
215491
215492
215494
215495
215496
215498
215499
215500
215502
215503
215504
215506
215507
215508
215510
215511
215512
215514
215515
215516
215518
215519
215520
215522
215523
215524
215526
215527
215528
215530
215531
215532
215534
215535
215536
215538
215539
215540
215542
215543
215544
215546
215547
215548
215550
215551
215552
215554
215556
215557
215558
215560
215561
215562
215564
215565
215566
215568
215569
215570
215572
215573
215574
215576
215577
215578
215580
215581
215582
215584
215585
215586
215588
215589
215590
215592
215593
215594
215596
215597
215598
215600
215601
215602
215604
215605
215606
215608
215610
215612
215614
215616
215618
215620
215622
215624
215626
215628
215630
215632
215634
215636
215638
215640
215642
215644
215646
215647
215649
215651
215653
215655
215657
215659
215661
215663
215665
215667
215668
215670
215672
215675
215677
215679
215681
215683
215685
215687
215688
215690
215691
215737
215738
215739
215743
215745
215746
215747
215749
215751
215752
215753
215755
215757
215758
215759
215761
215763
215764
215765
215767
215769
215770
215771
215773
215775
215776
215777
215779
215781
215782
215783
215785
215787
215788
215791
215792
215793
215795
215797
215799
215801
215803
215805
215807
215809
215811
215813
215815
215817
215819
215821
215823
215825
215827
215829
215831
215833
215835
215837
215839
215841
215843
215845
215847
215849
215851
215853
215855
215857
215859
215861
215863
215865
215867
215869
215871
215873
215875
215877
215879
215881
215883
215885
215887
215889
215891
215893
215895
215897
215899
215901
215904
215906
215908
215910
215912
215914
215916
215919
215921
215923
215925
215927
215929
215931
215933
215935
215937
215939
215941
215943
215945
215947
215949
215951
215953
215955
215957
215959
215960
215961
215962
215963
215964
215965
215966
215967
215968
215969
215970
215971
215972
215973
215974
215975
215976
215980
215981
215982
215983
215984
215985
215986
215987
215988
215989
215990
215991
215992
215993
215994
215995
215996
215997
215998
215999
216000
216001
216002
216003
216004
216005
216006
216007
216008
216009
216010
216011
216015
216016
216017
216018
216019
216020
216021
216022
216023
216024
216025
216026
216027
216028
216029
216030
216031
216032
216033
216034
216035
216036
216037
216038
216039
216040
216041
216042
216043
216044
216045
216046
216047
216048
216049
216050
216051
216052
216053
216054
216055
216056
216057
216058
216059
216060
216061
216062
216063
216064
216065
216066
216067
216070
216071
216072
216073
216074
216075
216076
216077
216078
216079
216081
216083
216085
216087
216089
216091
216093
216095
216097
216099
216101
216105
216107
216109
216112
216114
216117
216119
216121
216122
216126
216129
216132
216134
216136
216138
216140
216141
216143
216145
216147
216151
216153
216155
216157
216159
216161
216163
216165
216168
216170
216173
216175
216177
216179
216181
216183
216185
216187
216189
216191
216193
216195
216197
216199
216201
216205
216207
216209
216211
216213
216215
216217
216219
216221
216223
216225
216227
216229
216231
216233
216235
216239
216241
216243
216245
216247
216249
216251
216253
216255
216257
216259
216261
216263
216265
216267
216269
216271
216273
216275
216277
216279
216281
216283
216285
216287
216289
216291
216293
216295
216297
216299
216301
216303
216305
216307
216309
216311
216313
216315
216317
216319
216321
216323
216325
216327
216329
216330
216331
216332
216333
216334
216335
216336
216338
216339
216340
216341
216342
216343
216344
216345
216346
216347
216348
216349
216350
216351
216352
216353
216354
216355
216356
216357
216358
216359
216360
216361
216362
216363
216364
216365
216367
216368
216369
216370
216371
216372
216373
216374
216375
216376
216377
216378
216379
216380
216381
216382
216383
216384
216385
216386
216387
216388
216389
216390
216391
216392
216393
216394
216396
216400
216401
216404
216405
216408
216409
216410
216412
216413
216414
216416
216417
216418
216420
216421
216422
216424
216425
216426
216427
216428
216429
216430
216431
216432
216433
216434
216435
216436
216437
216438
216439
216440
216441
216446
216449
216451
216453
216455
216457
216459
216461
216463
216465
216467
216469
216471
216473
216475
216476
216477
216478
216479
216480
216481
216482
216483
216485
216487
216489
216491
216492
216493
216494
216498
216500
216502
216504
216505
216507
216509
216513
216517
216520
216523
216525
216527
216529
216531
216532
216535
216536
216539
216540
216543
216547
216551
216555
216559
216563
216567
216571
216575
216579
216583
216587
216591
216595
216599
216603
216607
216611
216615
216619
216623
216627
216629
216631
216633
216635
216637
216639
216641
216643
216645
216647
216649
216651
216653
216655
216657
216659
216661
216663
216665
216666
216668
216670
216672
216674
216676
216677
216679
216681
216683
216685
216689
216693
216697
216701
216705
216709
216713
216715
216717
216719
216721
216723
216725
216727
216729
216731
216733
216735
216737
216739
216741
216743
216745
216747
216749
216751
216753
216755
216757
216759
216761
216763
216765
216767
216769
216771
216773
216775
216777
216779
216781
216783
216785
216787
216789
216791
216793
216795
216797
216799
216801
216803
216805
216807
216809
216811
216813
216814
216815
216817
216818
216819
216821
216822
216824
216826
216828
216830
216832
216834
216836
216838
216840
216842
216844
216846
216847
216849
216851
216853
216855
216857
216859
216861
216863
216865
216867
216869
216871
216873
216875
216877
216880
216882
216884
216886
216888
216890
216892
216894
216896
216898
216900
216902
216904
216906
216908
216910
216912
216914
216916
216918
216920
216922
216924
216926
216928
216930
216932
216934
216936
216938
216940
216942
216944
216946
216948
216950
216952
216954
216956
216958
216960
216962
216964
216966
216968
216970
216972
216974
216976
216978
216980
216982
216984
216986
216988
216990
216992
216994
216996
216998
217000
217002
217004
217006
217008
217010
217012
217014
217016
217018
217020
217022
217024
217026
217028
217030
217032
217034
217036
217038
217040
217042
217044
217046
217048
217050
217052
217054
217056
217058
217060
217062
217064
217066
217068
217070
217072
217074
217076
217078
217080
217082
217084
217086
217088
217090
217092
217094
217096
217098
217100
217102
217104
217106
217108
217110
217112
217114
217116
217118
217120
217122
217124
217126
217128
217130
217132
217134
217136
217138
217140
217142
217144
217146
217148
217150
217152
217154
217156
217158
217160
217162
217164
217166
217168
217170
217172
217174
217176
217178
217180
217182
217184
217186
217188
217190
217192
217194
217196
217198
217200
217202
217204
217205
217206
217207
217208
217209
217210
217211
217212
217213
217214
217215
217216
217217
217218
217219
217220
217221
217222
217223
217224
217225
217226
217227
217228
217229
217230
217231
217232
217233
217234
217235
217236
217237
217238
217239
217240
217241
217242
217243
217244
217245
217246
217247
217248
217249
217250
217251
217252
217253
217254
217255
217256
217257
217258
217259
217260
217261
217262
217263
217264
217265
217266
217267
217268
217269
217270
217271
217272
217273
217274
217275
217276
217277
217278
217279
217280
217281
217282
217283
217284
217285
217286
217287
217288
217289
217290
217291
217292
217293
217294
217295
217296
217297
217298
217299
217300
217302
217304
217306
217308
217310
217312
217314
217316
217318
217320
217322
217324
217326
217328
217330
217332
217334
217336
217338
217340
217342
217344
217346
217348
217350
217352
217354
217356
217358
217360
217362
217364
217366
217368
217370
217372
217374
217376
217378
217380
217382
217384
217386
217388
217390
217392
217394
217396
217398
217400
217402
217404
217406
217408
217410
217412
217414
217416
217418
217420
217422
217424
217426
217428
217430
217432
217434
217436
217438
217440
217442
217444
217446
217448
217450
217452
217454
217456
217458
217460
217462
217464
217466
217468
217470
217472
217474
217476
217478
217480
217482
217484
217486
217488
217490
217492
217494
217496
217498
217500
217502
217504
217506
217508
217510
217512
217514
217516
217518
217520
217522
217524
217526
217528
217530
217532
217534
217536
217539
217542
217545
217548
217551
217554
217557
217560
217563
217566
217569
217572
217575
217578
217581
217584
217587
217590
217593
217596
217599
217602
217605
217608
217611
217614
217617
217620
217623
217626
217629
217632
217634
217636
217638
217640
217642
217644
217646
217648
217650
217652
217654
217656
217658
217660
217662
217664
217666
217668
217670
217672
217674
217676
217678
217680
217682
217684
217686
217688
217690
217692
217694
217696
217698
217700
217702
217704
217706
217708
217710
217712
217714
217716
217718
217720
217722
217724
217726
217728
217730
217732
217734
217736
217738
217740
217742
217744
217746
217748
217750
217752
217754
217756
217758
217760
217762
217764
217766
217768
217770
217772
217774
217776
217778
217780
217782
217784
217786
217788
217790
217792
217794
217796
217798
217800
217802
217804
217806
217808
217810
217812
217814
217816
217818
217820
217822
217824
217826
217828
217830
217832
217834
217836
217838
217840
217842
217844
217846
217848
217850
217852
217854
217856
217858
217861
217863
217865
217867
217869
217871
217873
217875
217877
217879
217880
217881
217882
217883
217884
217885
217886
217887
217888
217889
217890
217891
217892
217893
217894
217895
217896
217897
217898
217899
217900
217901
217902
217903
217904
217905
217906
217907
217908
217909
217910
217911
217912
217913
217914
217915
217916
217917
217918
217919
217920
217921
217922
217923
217924
217925
217926
217927
217928
217929
217930
217931
217932
217933
217934
217935
217936
217937
217938
217939
217941
217942
217943
217944
217945
217946
217947
217948
217949
217950
217951
217952
217953
217954
217955
217956
217957
217958
217959
217960
217961
217962
217963
217964
217965
217966
217967
217968
217969
217970
217971
217972
217973
217974
217975
217976
217977
217978
217979
217980
217981
217982
217983
217984
217985
217986
217987
217988
217989
217990
217991
217992
217993
217994
217995
217996
217997
217998
217999
218000
218001
218002
218003
218004
218005
218006
218007
218008
218009
218010
218011
218012
218013
218014
218015
218017
218018
218019
218020
218021
218022
218023
218024
218025
218026
218027
218029
218030
218031
218032
218033
218035
218036
218038
218039
218040
218043
218046
218047
218048
218050
218051
218052
218054
218055
218066
218067
218068
218072
218076
218077
218078
218080
218091
218099
218100
218101
218104
218105
218108
218109
218110
218111
218112
218114
218116
218117
218118
218119
218124
218125
218126
218127
218128
218129
218131
218132
218135
218137
218139
218140
218141
218142
218143
218148
218149
218150
218151
218152
218159
218160
218161
218162
218163
218165
218167
218169
218171
218172
218176
218179
218183
218187
218190
218192
218194
218196
218198
218200
218202
218204
218206
218208
218210
218212
218214
218216
218218
218220
218222
218224
218226
218228
218230
218232
218234
218236
218237
218239
218241
218243
218245
218247
218255
218257
218259
218262
218263
218266
218267
218270
218271
218274
218275
218278
218279
218282
218283
218286
218287
218295
218297
218300
218302
218304
218306
218308
218310
218312
218314
218316
218318
218320
218322
218324
218326
218329
218330
218331
218332
218333
218335
218338
218340
218341
218346
218347
218348
218350
218351
218352
218353
218355
218356
218357
218358
218360
218361
218367
218372
218373
218377
218380
218381
218384
218385
218390
218391
218393
218394
218396
218398
218399
218402
218403
218411
218412
218420
218421
218422
218423
218425
218426
218427
218429
218430
218431
218433
218434
218435
218436
218437
218439
218442
218443
218447
218450
218451
218455
218458
218459
218462
218463
218466
218467
218470
218471
218474
218475
218478
218479
218482
218483
218491
218492
218493
218494
218495
218496
218497
218498
218499
218500
218501
218502
218504
218513
218514
218517
218518
218520
218521
218523
218524
218525
218527
218529
218531
218533
218535
218537
218541
218542
218548
218563
218567
218569
218573
218611
218613
218623
218635
218636
218637
218638
218639
218640
218654
218658
218661
218662
218664
218666
218667
218668
218669
218670
218672
218673
218674
218675
218676
218677
218679
218683
218684
218685
218689
218691
218692
218694
218696
218699
218700
218706
218709
218710
218711
218713
218714
218716
218717
218718
218719
218720
218721
218722
218723
218724
218725
218726
218727
218728
218729
218730
218731
218732
218733
218735
218748
218751
218752
218766
218773
218774
218775
218776
218777
218778
218779
218780
218781
218782
218783
218784
218785
218786
218787
218788
218789
218790
218791
218792
218793
218794
218795
218796
218797
218799
218804
218805
218812
218816
218826
218828
218859
218860
218888
218890
218900
218911
218920
218922
218932
218951
218953
218963
218996
218998
218999
219001
219005
219008
219010
219016
219018
219019
219020
219021
219022
219025
219026
219027
219029
219034
219035
219036
219037
219039
219040
219042
219043
219046
219047
219049
219075
219089
219090
219093
219096
219097
219098
219099
219102
219103
219104
219105
219106
219108
219109
219110
219111
219112
219113
219114
219116
219117
219119
219120
219121
219122
219123
219124
219125
219126
219128
219129
219130
219131
219135
219138
219139
219143
219144
219145
219146
219147
219148
219149
219150
219154
219155
219156
219157
219158
219159
219161
219162
219163
219172
219174
219177
219178
219179
219186
219187
219189
219190
219192
219194
219195
219197
219198
219199
219202
219203
219204
219209
219210
219212
219214
219215
219216
219225
219229
219235
219238
219243
219245
219246
219247
219248
219250
219251
219253
219254
219255
219256
219264
219265
219269
219271
219272
219273
219274
219275
219277
219279
219289
219296
219297
219298
219299
219303
219304
219306
219307
219308
219311
219312
219313
219318
219321
219322
219324
219325
219326
219327
219328
219329
219330
219331
219332
219335
219336
219339
219344
219346
219347
219350
219355
219358
219359
219362
219367
219370
219371
219375
219376
219380
219383
219388
219389
219390
219391
219393
219394
219395
219396
219397
219398
219399
219400
219401
219405
219406
219407
219408
219409
219420
219421
219422
219423
219424
219426
219427
219428
219429
219431
219432
219433
219435
219436
219437
219438
219439
219440
219441
219442
219443
219444
219445
219447
219449
219450
219452
219453
219455
219456
219458
219459
219461
219462
219464
219465
219467
219468
219469
219471
219472
219473
219475
219476
219478
219485
219486
219487
219488
219489
219490
219491
219492
219495
219496
219497
219500
219502
219503
219504
219505
219506
219507
219508
219511
219514
219515
219523
219534
219535
219538
219542
219548
219549
219553
219558
219572
219573
219574
219577
219595
219598
219600
219601
219604
219608
219613
219653
219660
219667
219672
219673
219674
219675
219677
219679
219680
219717
219718
219719
219720
219721
219726
219727
219739
219740
219741
219742
219748
219763
219773
219774
219778
219816
219817
219818
219819
219827
219828
219830
219831
219832
219833
219834
219835
219836
219837
219838
219839
219840
219841
219842
219843
219844
219845
219846
219847
219854
219880
219881
219891
219896
219902
219960
219994
220004
220024
220034
220042
220054
220064
220083
220085
220093
220100
220112
220122
220141
220143
220153
220161
220172
220174
220184
220204
220206
220216
220235
220237
220247
220255
220267
220269
220279
220282
220284
220301
220303
220313
220316
220317
220334
220336
220346
220354
220366
220368
220378
220381
220399
220401
220411
220431
220441
220460
220462
220472
220492
220502
220521
220523
220533
220551
220553
220563
220583
220593
220613
220623
220643
220653
220661
220672
220674
220684
220702
220704
220714
220732
220744
220752
220763
220765
220775
220785
220788
220792
220794
220795
220797
220798
220799
220803
220804
220805
220807
220809
220810
220811
220812
220814
220815
220817
220818
220823
220824
220825
220828
220829
220831
220832
220834
220837
220842
220843
220845
220846
220850
220853
220854
220858
220861
220862
220863
220868
220870
220871
220874
220875
220877
220878
220880
220881
220884
220888
220890
220902
220903
220904
220905
220907
220908
220909
220910
220911
220912
220913
220914
220917
220918
220919
220923
220925
220926
220927
220928
220931
220934
220935
220936
220939
220940
220947
220949
220951
220954
220956
220958
220961
220962
220964
220965
220966
220967
220969
220970
220971
220974
220976
220977
220981
220982
220983
220984
220988
220989
220990
220991
220992
220995
220996
220997
220998
220999
221000
221001
221007
221008
221009
221010
221011
221013
221014
221019
221020
221023
221030
221032
221034
221036
221041
221066
221076
221077
221078
221080
221081
221082
221145
221146
221147
221148
221149
221150
221151
221154
221155
221156
221157
221158
221159
221160
221161
221163
221164
221165
221166
221169
221170
221171
221172
221173
221174
221175
221177
221178
221180
221182
221183
221185
221187
221190
221192
221195
221198
221199
221201
221203
221204
221205
221207
221209
221218
221220
221221
221222
221223
221224
221226
221227
221228
221229
221230
221231
221232
221233
221234
221235
221236
221237
221238
221239
221240
221241
221242
221243
221244
221245
221254
221258
221259
221260
221261
221263
221264
221265
221267
221272
221273
221277
221278
221279
221280
221281
221282
221283
221284
221287
221289
221293
221295
221301
221304
221305
221308
221309
221310
221312
221313
221314
221316
221317
221318
221319
221324
221325
221329
221331
221333
221334
221335
221336
221337
221338
221339
221340
221341
221342
221343
221344
221345
221346
221347
221348
221349
221350
221351
221355
221358
221363
221365
221366
221367
221369
221370
221371
221372
221373
221374
221376
221377
221379
221380
221395
221397
221403
221408
221426
221427
221428
221429
221430
221431
221442
221444
221445
221447
221451
221452
221453
221454
221482
221483
221484
221507
221540
221541
221551
221559
221561
221562
221563
221564
221581
221591
221599
221611
221621
221641
221643
221653
221672
221674
221684
221692
221702
221704
221713
221716
221722
221733
221735
221745
221754
221766
221768
221778
221798
221808
221816
221827
221829
221839
221852
221863
221865
221875
221894
221896
221906
221914
221925
221927
221937
221956
221958
221968
221987
221989
221999
222018
222020
222030
222039
222042
222059
222086
222088
222098
222104
222119
222121
222131
222134
222135
222136
222137
222138
222139
222140
222141
222142
222143
222144
222145
222146
222152
222163
222165
222175
222183
222194
222196
222206
222218
222229
222239
222247
222261
222271
222279
222291
222293
222303
222322
222324
222334
222342
222353
222363
222371
222380
222382
222392
222400
222412
222422
222441
222443
222453
222473
222483
222502
222504
222514
222522
222523
222524
222540
222542
222552
222571
222573
222590
222601
222602
222612
222631
222633
222643
222652
222662
222664
222674
222694
222704
222723
222725
222735
222743
222754
222756
222766
222785
222787
222797
222815
222817
222827
222847
222857
222866
222876
222878
222888
222895
222907
222909
222919
222941
222960
222964
222972
222979
222990
222995
222996
222997
223000
223001
223031
223033
223043
223051
223064
223074
223085
223097
223099
223109
223117
223129
223131
223141
223149
223161
223163
223173
223181
223193
223195
223205
223224
223226
223236
223255
223257
223267
223284
223286
223313
223315
223325
223333
223344
223346
223356
223364
223376
223378
223388
223391
223392
223393
223394
223395
223408
223419
223421
223431
223450
223452
223462
223467
223468
223469
223472
223474
223477
223479
223481
223482
223483
223484
223486
223487
223489
223490
223494
223497
223498
223499
223502
223503
223505
223506
223507
223508
223509
223510
223512
223513
223514
223516
223518
223519
223521
223523
223524
223525
223526
223527
223528
223530
223531
223533
223534
223536
223538
223539
223540
223541
223543
223544
223546
223548
223549
223550
223551
223552
223553
223554
223555
223556
223557
223558
223559
223560
223562
223566
223567
223569
223575
223576
223579
223580
223587
223589
223590
223592
223593
223595
223597
223603
223604
223607
223610
223614
223618
223620
223621
223622
223623
223624
223628
223629
223630
223631
223633
223640
223641
223645
223647
223650
223651
223652
223653
223654
223655
223656
223657
223658
223659
223661
223662
223665
223666
223667
223671
223678
223681
223682
223683
223688
223690
223691
223693
223694
223696
223704
223705
223710
223711
223714
223718
223719
223721
223724
223725
223729
223732
223734
223743
223747
223761
223762
223764
223765
223766
223767
223768
223769
223770
223771
223772
223773
223776
223779
223782
223790
223793
223794
223795
223799
223803
223822
223823
223833
223834
223835
223836
223837
223838
223839
223840
223841
223842
223846
223847
223859
223860
223861
223867
223868
223869
223873
223880
223881
223887
223888
223889
223905
223906
223912
223916
223927
223939
223941
223951
223959
223971
223973
223983
223986
224009
224011
224021
224040
224042
224052
224071
224073
224083
224091
224103
224105
224115
224123
224135
224137
224147
224150
224168
224170
224180
224188
224200
224202
224212
224220
224232
224234
224244
224252
224264
224266
224276
224284
224296
224297
224307
224316
224327
224329
224339
224347
224359
224361
224371
224379
224391
224393
224403
224411
224423
224425
224435
224443
224455
224457
224473
224485
224487
224497
224505
224517
224519
224529
224532
224551
224553
224563
224569
224571
224583
224585
224595
224603
224615
224617
224627
224635
224647
224649
224659
224667
224679
224681
224691
224699
224711
224713
224729
224741
224743
224753
224756
224761
224774
224784
224787
224790
224792
224804
224814
224817
224825
224836
224838
224848
224867
224869
224879
224887
224898
224900
224910
224929
224931
224941
224949
224962
224972
224981
224993
224995
225005
225013
225025
225027
225037
225057
225058
225062
225080
225083
225097
225098
225100
225101
225102
225104
225105
225110
225136
225147
225149
225159
225178
225180
225190
225198
225210
225212
225222
225230
225242
225244
225254
225257
225263
225275
225277
225287
225290
225296
225308
225310
225320
225323
225342
225344
225354
225362
225374
225376
225386
225394
225406
225408
225418
225426
225438
225440
225450
225458
225470
225472
225482
225490
225502
225504
225514
225520
225522
225534
225536
225546
225552
225554
225566
225568
225578
225586
225598
225600
225610
225616
225618
225630
225632
225642
225650
225662
225664
225674
225693
225695
225705
225724
225726
225736
225744
225756
225758
225768
225776
225788
225790
225800
225803
225826
225828
225838
225845
225858
225868
225874
225876
225888
225890
225900
225903
225907
225909
225922
225950
225960
225968
225980
225982
225992
226000
226012
226014
226024
226032
226044
226046
226056
226059
226060
226081
226088
226101
226103
226119
226131
226141
226149
226160
226162
226172
226176
226178
226184
226186
226188
226189
226191
226192
226193
226194
226195
226197
226200
226201
226202
226204
226206
226207
226208
226214
226215
226219
226224
226225
226237
226238
226246
226247
226249
226250
226251
226256
226257
226258
226259
226260
226261
226262
226263
226264
226266
226267
226269
226270
226271
226274
226275
226276
226283
226284
226285
226289
226290
226291
226296
226297
226298
226299
226300
226302
226303
226304
226308
226309
226310
226311
226312
226314
226315
226316
226317
226321
226322
226323
226324
226325
226326
226332
226333
226334
226335
226339
226340
226341
226343
226350
226351
226353
226354
226355
226357
226361
226362
226363
226366
226367
226370
226375
226377
226379
226380
226381
226384
226388
226389
226390
226392
226393
226394
226395
226398
226402
226405
226406
226411
226412
226414
226415
226417
226418
226425
226426
226429
226430
226432
226434
226436
226437
226439
226440
226441
226446
226450
226452
226454
226457
226467
226477
226489
226492
226566
226567
226569
226570
226572
226575
226577
226578
226579
226580
226581
226583
226584
226585
226586
226587
226588
226591
226592
226593
226594
226596
226597
226601
226604
226606
226608
226610
226615
226616
226617
226618
226622
226623
226625
226626
226627
226628
226629
226630
226632
226633
226635
226638
226640
226642
226644
226646
226647
226651
226653
226654
226655
226656
226658
226659
226661
226663
226673
226675
226676
226677
226678
226679
226680
226681
226682
226683
226684
226685
226686
226687
226689
226690
226691
226692
226693
226694
226695
226704
226705
226706
226707
226708
226709
226710
226713
226714
226715
226718
226722
226723
226725
226727
226730
226732
226733
226734
226735
226740
226741
226743
226744
226745
226747
226748
226750
226751
226752
226753
226756
226758
226760
226761
226766
226768
226771
226772
226774
226776
226777
226780
226783
226785
226788
226789
226791
226793
226794
226799
226801
226802
226803
226804
226806
226808
226809
226810
226815
226816
226817
226820
226821
226822
226823
226825
226827
226828
226829
226830
226832
226834
226836
226839
226846
226864
226868
226871
226878
226879
226880
226881
226883
226887
226888
226889
226890
226915
226924
226931
226951
226952
226961
226971
226978
226993
226998
227018
227024
227028
227046
227079
227080
227110
227111
227118
227119
227126
227133
227139
227144
227147
227153
227157
227163
227178
227182
227185
227200
227213
227259
227263
227268
227270
227281
227288
227302
227316
227321
227328
227350
227359
227371
227383
227385
227395
227403
227415
227417
227427
227446
227448
227458
227466
227478
227480
227490
227498
227510
227512
227522
227530
227542
227544
227554
227562
227574
227576
227586
227594
227606
227608
227618
227621
227638
227640
227650
227658
227670
227672
227682
227705
227707
227717
227736
227738
227748
227754
227756
227761
227773
227775
227785
227793
227805
227807
227817
227825
227837
227839
227849
227857
227869
227871
227881
227900
227902
227912
227920
227930
227932
227942
227962
227972
227980
227992
227994
228004
228012
228024
228026
228036
228044
228056
228058
228068
228073
228079
228091
228093
228103
228114
228126
228128
228138
228143
228149
228161
228163
228173
228181
228193
228195
228205
228330
228331
228332
228333
228334
228337
228338
228339
228340
228341
228343
228344
228345
228346
228347
228348
228351
228352
228357
228359
228360
228362
228363
228364
228365
228366
228367
228368
228370
228371
228373
228375
228377
228379
228382
228383
228384
228386
228387
228389
228392
228394
228396
228398
228413
228414
228416
228420
228421
228422
228423
228424
228425
228427
228428
228433
228435
228437
228438
228439
228440
228441
228443
228445
228446
228447
228450
228451
228452
228455
228461
228464
228467
228470
228474
228477
228483
228490
228491
228494
228497
228498
228501
228502
228505
228506
228509
228512
228513
228516
228517
228520
228521
228524
228527
228528
228531
228534
228538
228542
228546
228550
228554
228558
228562
228566
228570
228574
228575
228576
228577
228578
228579
228580
228581
228586
228588
228590
228593
228594
228596
228598
228600
228603
228605
228616
228619
228622
228624
228626
228627
228628
228629
228630
228631
228632
228641
228646
228649
228652
228654
228657
228660
228663
228665
228667
228668
228670
228671
228674
228675
228679
228682
228687
228688
228692
228693
228694
228695
228696
228697
228699
228708
228712
228716
228718
228721
228725
228729
228733
228737
228741
228745
228749
228753
228757
228760
228763
228764
228769
228770
228771
228772
228773
228774
228775
228776
228777
228778
228779
228780
228781
228782
228783
228786
228787
228791
228794
228795
228796
228797
228798
228799
228800
228801
228804
228805
228806
228807
228808
228810
228811
228812
228813
228814
228817
228818
228821
228826
228827
228832
228834
228835
228836
228837
228838
228839
228847
228848
228850
228851
228852
228855
228864
228865
228867
228868
228871
228872
228873
228874
228875
228876
228878
228883
228884
228885
228886
228887
228888
228889
228890
228891
228895
228900
228902
228903
228904
228905
228910
228911
228914
228915
228917
228918
228919
228920
228921
228924
228925
228927
228929
228930
228931
228932
228933
228935
228936
228937
228938
228940
228941
228949
228950
228951
228952
228953
228955
228957
228958
228960
228962
228963
228964
228965
228966
228970
228973
228975
228976
228977
228978
228979
228980
228981
228982
228984
228985
228986
228987
228988
228989
228990
228991
228992
228994
228996
228997
228998
228999
229001
229003
229005
229007
229008
229009
229010
229011
229012
229013
229015
229016
229020
229021
229022
229023
229026
229027
229028
229029
229030
229031
229033
229035
229037
229039
229040
229046
229048
229049
229050
229053
229057
229058
229059
229060
229064
229065
229066
229067
229068
229069
229070
229074
229075
229076
229077
229079
229080
229082
229083
229084
229085
229086
229087
229088
229089
229090
229091
229092
229093
229094
229096
229097
229098
229099
229100
229101
229102
229106
229107
229108
229109
229111
229115
229116
229118
229119
229122
229123
229124
229125
229126
229137
229138
229139
229140
229141
229142
229144
229146
229150
229151
229152
229153
229154
229156
229158
229164
229165
229166
229167
229170
229171
229173
229174
229177
229178
229179
229180
229183
229187
229188
229189
229193
229196
229197
229198
229200
229201
229204
229205
229206
229208
229209
229213
229215
229216
229217
229218
229219
229220
229221
229222
229223
229225
229226
229227
229228
229231
229232
229233
229234
229235
229236
229237
229238
229239
229240
229243
229245
229247
229248
229249
229250
229251
229252
229253
229254
229255
229256
229259
229263
229264
229266
229267
229268
229269
229270
229272
229273
229274
229275
229276
229278
229279
229280
229283
229285
229286
229287
229288
229289
229294
229295
229296
229297
229298
229302
229303
229305
229308
229309
229310
229312
229313
229314
229315
229316
229324
229325
229326
229329
229330
229331
229332
229333
229334
229335
229336
229337
229339
229340
229341
229342
229343
229344
229345
229346
229349
229350
229351
229352
229353
229354
229355
229361
229362
229363
229364
229365
229366
229367
229368
229369
229370
229373
229375
229376
229377
229378
229379
229380
229381
229382
229384
229385
229386
229387
229389
229390
229392
229393
229394
229395
229396
229397
229398
229399
229400
229401
229402
229404
229405
229415
229425
229426
229427
229428
229432
229433
229434
229435
229444
229446
229449
229451
229452
229454
229455
229456
229457
229458
229460
229465
229466
229467
229469
229471
229472
229473
229474
229476
229477
229478
229479
229485
229486
229487
229491
229493
229497
229500
229505
229507
229511
229512
229514
229515
229518
229525
229528
229529
229530
229532
229534
229546
229552
229553
229558
229560
229561
229562
229564
229567
229568
229569
229570
229571
229572
229573
229574
229575
229576
229579
229580
229581
229582
229583
229585
229604
229607
229625
229699
229705
229717
229719
229720
229721
229725
229726
229730
229733
229741
229743
229744
229746
229747
229749
229750
229751
229752
229753
229754
229756
229757
229759
229761
229762
229765
229767
229768
229771
229772
229773
229775
229777
229778
229784
229785
229788
229789
229790
229791
229793
229795
229796
229802
229803
229804
229807
229808
229809
229812
229816
229817
229818
229819
229824
229827
229828
229829
229830
229835
229838
229839
229840
229841
229846
229849
229851
229852
229853
229854
229855
229860
229863
229865
229866
229867
229872
229875
229878
229879
229880
229885
229888
229889
229890
229892
229893
229894
229895
229896
229897
229899
229901
229902
229903
229908
229911
229913
229915
229917
229922
229925
229927
229931
229933
229934
229935
229936
229937
229938
229943
229946
229947
229950
229952
229953
229955
229960
229962
229963
229964
229965
229966
229967
229968
229970
229972
229973
229975
229976
229981
229982
229984
229985
229989
229990
229992
229993
229995
229997
229999
230000
230002
230003
230009
230010
230011
230016
230017
230018
230023
230026
230027
230028
230029
230030
230035
230038
230040
230041
230042
230043
230048
230051
230053
230054
230055
230056
230061
230064
230067
230068
230069
230074
230077
230081
230082
230083
230088
230090
230093
230094
230095
230100
230103
230105
230107
230109
230114
230118
230119
230120
230125
230128
230131
230132
230133
230138
230141
230144
230145
230146
230151
230153
230156
230157
230158
230162
230165
230166
230167
230168
230173
230176
230177
230178
230182
230183
230184
230189
230192
230195
230196
230197
230202
230205
230214
230215
230216
230217
230218
230225
230227
230228
230229
230230
230234
230235
230236
230241
230244
230245
230252
230257
230258
230259
230264
230267
230269
230270
230271
230276
230279
230282
230283
230284
230289
230292
230295
230296
230297
230302
230304
230307
230308
230309
230314
230317
230320
230321
230322
230327
230330
230333
230335
230338
230340
230345
230349
230350
230351
230352
230357
230360
230361
230367
230369
230371
230373
230374
230375
230380
230383
230386
230387
230388
230392
230395
230397
230398
230399
230400
230401
230403
230404
230405
230410
230413
230416
230417
230418
230423
230426
230428
230429
230430
230435
230438
230441
230442
230443
230448
230451
230454
230455
230456
230461
230464
230467
230471
230472
230473
230475
230476
230477
230478
230479
230484
230487
230488
230489
230493
230494
230496
230497
230498
230503
230506
230509
230510
230513
230515
230520
230523
230524
230526
230528
230533
230536
230537
230538
230539
230540
230545
230548
230549
230550
230551
230556
230560
230564
230565
230566
230567
230568
230569
230570
230571
230572
230573
230587
230588
230593
230594
230608
230610
230612
230613
230614
230615
230616
230617
230618
230619
230620
230622
230623
230624
230646
230647
230648
230654
230663
230666
230680
230681
230682
230683
230684
230686
230687
230688
230702
230703
230704
230705
230707
230711
230712
230713
230719
230722
230723
230724
230733
230735
230742
230745
230750
230751
230752
230753
230754
230755
230756
230757
230758
230759
230760
230786
230787
230795
230798
230799
230809
230811
230815
230818
230822
230823
230824
230829
230830
230838
230843
230844
230849
230853
230856
230857
230858
230859
230869
230873
230874
230875
230876
230881
230882
230883
230894
230896
230913
230914
230915
230923
230924
230925
230926
230927
230928
230929
230930
230931
230949
230951
230961
230969
230980
230982
230992
231011
231013
231023
231050
231063
231064
231065
231066
231067
231068
231069
231080
231083
231085
231087
231089
231091
231099
231100
231101
231102
231103
231104
231105
231106
231107
231117
231118
231119
231130
231131
231136
231139
231142
231143
231144
231145
231146
231158
231159
231160
231162
231166
231168
231170
231172
231173
231174
231175
231176
231190
231191
231196
231199
231205
231256
231257
231258
231262
231263
231271
231272
231278
231279
231286
231291
231303
231305
231315
231323
231335
231337
231347
231350
231356
231368
231370
231380
231447
231456
231457
231458
231471
231473
231474
231475
231476
231477
231478
231480
231481
231482
231492
231494
231496
231502
231503
231504
231510
231517
231520
231521
231523
231531
231532
231534
231545
231546
231550
231552
231553
231554
231557
231558
231559
231560
231566
231572
231574
231576
231577
231587
231588
231589
231590
231594
231596
231602
231609
231610
231631
231632
231633
231634
231635
231636
231648
231649
231650
231669
231671
231681
231700
231702
231712
231720
231732
231734
231744
231786
231810
231811
231812
231813
231824
231825
231826
231827
231828
231829
231830
231845
231848
231851
231852
231853
231854
231855
231856
231857
231858
231859
231874
231875
231876
231877
231878
231890
231891
231892
231893
231902
231903
231904
231905
231910
231911
231930
231931
231932
231933
231944
231945
231946
231947
231969
231970
231971
231972
231974
231975
231980
231985
231987
231994
231998
232008
232010
232058
232066
232067
232068
232069
232070
232071
232072
232073
232074
232093
232095
232105
232111
232112
232123
232125
232135
232154
232156
232166
232185
232187
232197
232224
232234
232237
232238
232239
232240
232248
232249
232250
232262
232273
232298
232302
232304
232305
232307
232308
232310
232311
232312
232313
232314
232315
232316
232317
232320
232321
232322
232324
232325
232326
232327
232331
232333
232336
232337
232338
232339
232340
232371
232373
232397
232398
232399
232400
232401
232402
232403
232404
232405
232406
232407
232408
232426
232430
232433
232443
232444
232445
232446
232447
232455
232456
232457
232458
232459
232460
232461
232462
232464
232465
232466
232467
232468
232469
232473
232474
232475
232476
232477
232478
232479
232480
232481
232482
232483
232485
232486
232487
232488
232489
232490
232491
232492
232504
232506
232507
232510
232514
232515
232517
232518
232519
232520
232521
232528
232533
232536
232537
232538
232539
232540
232541
232542
232543
232544
232549
232555
232581
232582
232583
232584
232585
232586
232599
232601
232605
232606
232607
232613
232627
232628
232629
232634
232639
232640
232641
232647
232651
232652
232662
232663
232664
232665
232673
232675
232692
232694
232703
232722
232724
232734
232759
232760
232764
232765
232770
232773
232778
232780
232788
232789
232793
232796
232801
232802
232812
232818
232828
232829
232833
232849
232850
232851
232876
232878
232888
232906
232908
232918
232937
232939
232949
232956
232967
232969
232979
233000
233010
233018
233029
233031
233041
233062
233072
233087
233088
233090
233094
233095
233099
233102
233105
233106
233108
233109
233110
233122
233126
233127
233128
233130
233132
233134
233142
233145
233146
233147
233150
233152
233155
233156
233157
233158
233159
233160
233162
233164
233165
233166
233167
233168
233169
233170
233171
233172
233173
233175
233176
233177
233178
233179
233180
233181
233182
233183
233184
233185
233187
233188
233189
233190
233191
233192
233193
233194
233195
233199
233202
233203
233209
233210
233214
233215
233216
233217
233218
233219
233220
233229
233230
233232
233233
233234
233235
233236
233237
233239
233240
233241
233243
233244
233245
233246
233249
233250
233256
233264
233268
233272
233273
233274
233278
233281
233293
233297
233299
233300
233302
233303
233305
233308
233310
233311
233321
233325
233328
233332
233333
233337
233340
233341
233342
233343
233345
233346
233348
233350
233351
233352
233353
233354
233358
233362
233366
233371
233372
233373
233374
233375
233377
233378
233379
233380
233381
233383
233384
233385
233386
233387
233388
233389
233391
233392
233394
233395
233400
233401
233409
233416
233425
233427
233429
233437
233444
233448
233450
233451
233453
233454
233456
233457
233458
233459
233464
233465
233466
233467
233468
233469
233470
233471
233472
233473
233475
233476
233477
233478
233479
233480
233481
233483
233484
233486
233487
233488
233489
233490
233491
233492
233493
233494
233495
233496
233497
233498
233500
233501
233502
233505
233506
233507
233508
233509
233510
233511
233512
233514
233515
233516
233517
233523
233524
233525
233527
233529
233530
233538
233539
233540
233542
233543
233545
233547
233550
233554
233555
233556
233557
233558
233559
233560
233564
233565
233566
233567
233568
233569
233570
233571
233573
233574
233575
233576
233577
233578
233579
233580
233581
233582
233583
233584
233585
233586
233587
233588
233589
233590
233591
233592
233593
233594
233595
233596
233597
233598
233601
233602
233603
233604
233606
233610
233611
233612
233614
233616
233619
233620
233621
233622
233623
233624
233628
233629
233630
233631
233633
233635
233636
233638
233640
233641
233642
233647
233650
233653
233654
233655
233660
233663
233665
233666
233668
233669
233670
233671
233672
233673
233674
233675
233676
233678
233679
233680
233681
233685
233686
233687
233689
233690
233691
233692
233693
233694
233695
233697
233700
233701
233705
233708
233710
233711
233712
233713
233714
233715
233716
233717
233718
233719
233720
233721
233722
233723
233724
233725
233726
233727
233728
233729
233730
233731
233732
233733
233734
233736
233737
233738
233739
233740
233741
233742
233743
233744
233745
233746
233747
233748
233749
233750
233752
233754
233756
233757
233758
233759
233763
233765
233775
233783
233795
233797
233807
233810
233816
233827
233828
233838
233846
233857
233859
233869
233877
233888
233890
233900
233904
233905
233913
233916
233917
233921
233924
233945
233954
233965
233967
233977
233985
233996
233998
234008
234016
234027
234029
234039
234047
234058
234060
234070
234078
234089
234091
234101
234109
234120
234122
234132
234152
234162
234167
234168
234169
234170
234171
234175
234176
234184
234185
234189
234192
234202
234216
234217
234224
234230
234231
234236
234241
234242
234243
234244
234245
234246
234247
234248
234250
234255
234262
234273
234275
234285
234293
234304
234306
234316
234339
234340
234344
234347
234348
234349
234350
234353
234355
234357
234359
234360
234361
234362
234363
234367
234368
234369
234370
234374
234376
234377
234383
234385
234388
234398
234400
234405
234406
234410
234413
234414
234416
234417
234418
234419
234420
234421
234422
234424
234426
234428
234429
234430
234431
234433
234434
234435
234440
234443
234445
234447
234448
234449
234453
234454
234458
234461
234463
234464
234465
234466
234467
234468
234469
234470
234471
234482
234484
234494
234502
234513
234515
234525
234545
234547
234557
234565
234577
234579
234589
234592
234609
234611
234621
234629
234641
234643
234653
234661
234672
234674
234684
234687
234703
234705
234715
234725
234748
234750
234751
234752
234753
234754
234755
234756
234757
234758
234759
234760
234761
234762
234763
234765
234766
234767
234768
234769
234770
234771
234772
234773
234774
234775
234776
234777
234778
234779
234783
234786
234787
234788
234791
234792
234793
234794
234795
234796
234798
234799
234801
234802
234803
234804
234805
234808
234813
234816
234817
234820
234823
234824
234825
234826
234832
234835
234840
234841
234845
234848
234850
234851
234852
234857
234860
234863
234864
234865
234870
234873
234887
234888
234897
234898
234909
234910
234912
234917
234925
234930
234939
234944
234946
234953
234977
234979
234989
235010
235011
235012
235013
235014
235015
235016
235018
235020
235022
235023
235024
235025
235026
235027
235028
235030
235031
235032
235033
235034
235035
235036
235037
235038
235039
235040
235041
235045
235046
235047
235051
235052
235053
235054
235056
235057
235058
235059
235060
235061
235062
235063
235064
235065
235069
235070
235071
235072
235074
235075
235076
235077
235084
235085
235086
235089
235091
235092
235093
235094
235096
235097
235099
235100
235101
235102
235103
235104
235108
235109
235110
235111
235126
235129
235131
235135
235136
235138
235144
235148
235149
235151
235155
235156
235159
235161
235162
235163
235166
235167
235168
235176
235178
235180
235182
235192
235193
235195
235196
235197
235198
235199
235200
235201
235202
235203
235204
235205
235206
235207
235209
235210
235211
235215
235226
235228
235229
235230
235231
235232
235233
235234
235235
235241
235242
235243
235244
235245
235248
235249
235250
235263
235265
235266
235267
235268
235269
235270
235273
235274
235275
235276
235277
235278
235279
235298
235335
235336
235337
235338
235343
235344
235345
235350
235353
235355
235357
235358
235359
235364
235367
235370
235371
235372
235377
235380
235382
235384
235386
235387
235388
235393
235396
235398
235402
235403
235407
235409
235411
235412
235413
235418
235421
235423
235424
235427
235429
235435
235436
235438
235439
235442
235443
235444
235449
235452
235454
235455
235456
235457
235460
235462
235465
235466
235468
235472
235475
235476
235477
235478
235479
235480
235481
235483
235484
235485
235487
235488
235493
235496
235498
235499
235500
235505
235508
235510
235511
235512
235517
235520
235522
235523
235524
235529
235532
235534
235535
235536
235541
235544
235545
235547
235548
235549
235551
235554
235555
235556
235558
235559
235560
235565
235566
235567
235568
235570
235572
235573
235575
235577
235578
235579
235580
235581
235582
235583
235584
235585
235586
235587
235589
235590
235591
235600
235601
235602
235603
235605
235606
235608
235610
235612
235615
235616
235618
235619
235620
235621
235622
235623
235624
235625
235626
235627
235631
235632
235633
235634
235635
235636
235637
235638
235639
235640
235641
235643
235645
235646
235647
235648
235651
235652
235653
235655
235656
235657
235658
235660
235662
235664
235668
235669
235672
235673
235674
235675
235676
235677
235678
235682
235686
235689
235690
235691
235694
235695
235696
235698
235699
235700
235701
235702
235705
235706
235707
235708
235709
235710
235712
235713
235714
235715
235716
235717
235718
235720
235721
235724
235725
235728
235729
235731
235732
235733
235734
235735
235736
235737
235738
235741
235742
235744
235745
235746
235749
235751
235752
235754
235757
235760
235767
235768
235769
235770
235771
235772
235775
235776
235811
235826
235833
235838
235849
235850
235853
235856
235857
235858
235878
235880
235882
235883
235885
235886
235887
235888
235891
235893
235894
235895
235900
235903
235905
235906
235907
235912
235915
235917
235918
235919
235924
235927
235928
235929
235930
235931
235932
235933
235935
235937
235940
235942
235946
235947
235950
235951
235952
235957
235960
235962
235965
235967
235968
235969
235970
235977
235979
235987
235990
235991
235992
235993
235994
235995
235996
235997
235998
235999
236000
236001
236002
236003
236004
236005
236006
236007
236009
236011
236012
236013
236016
236017
236018
236021
236022
236023
236030
236031
236033
236036
236037
236043
236044
236045
236046
236047
236048
236049
236050
236051
236054
236055
236056
236057
236059
236061
236066
236067
236070
236071
236072
236073
236074
236075
236076
236077
236078
236079
236081
236082
236084
236086
236090
236091
236092
236096
236097
236098
236099
236101
236102
236104
236105
236106
236107
236108
236109
236110
236111
236112
236113
236115
236116
236117
236118
236121
236123
236127
236128
236130
236143
236144
236145
236148
236168
236175
236180
236199
236201
236202
236203
236204
236207
236208
236210
236211
236212
236217
236220
236222
236223
236224
236225
236228
236229
236231
236232
236233
236235
236236
236237
236242
236245
236248
236249
236250
236255
236258
236260
236262
236264
236265
236266
236267
236270
236272
236273
236274
236279
236281
236283
236284
236285
236286
236287
236290
236292
236294
236295
236296
236301
236304
236307
236308
236309
236310
236311
236312
236313
236314
236315
236316
236317
236323
236324
236325
236328
236331
236332
236333
236335
236336
236338
236340
236342
236343
236344
236348
236350
236351
236352
236353
236354
236355
236356
236357
236358
236359
236363
236364
236366
236367
236386
236387
236388
236393
236396
236399
236400
236401
236406
236409
236412
236413
236414
236419
236422
236425
236426
236427
236432
236435
236438
236439
236440
236445
236448
236450
236454
236463
236464
236465
236466
236467
236469
236471
236472
236478
236479
236483
236484
236485
236492
236508
236514
236520
236526
236530
236531
236535
236536
236537
236538
236541
236557
236568
236618
236620
236621
236623
236627
236630
236639
236651
236653
236663
236669
236671
236683
236685
236695
236703
236715
236717
236727
236735
236747
236749
236759
236767
236779
236781
236791
236799
236811
236813
236823
236831
236842
236844
236854
236875
236885
236904
236906
236916
236922
236935
236937
236947
236953
236966
236968
236978
236996
236998
237008
237026
237028
237038
237057
237059
237069
237087
237089
237099
237154
237156
237161
237167
237172
237177
237183
237189
237195
237201
237205
237206
237211
237212
237213
237214
237215
237216
237226
237231
237236
237239
237240
237241
237246
237250
237288
237290
237292
237317
237326
237327
237328
237330
237331
237347
237348
237349
237350
237351
237352
237353
237354
237355
237356
237357
237358
237360
237361
237368
237370
237381
237382
237383
237385
237393
237404
237406
237416
237435
237437
237447
237468
237478
237486
237497
237499
237509
237528
237530
237540
237548
237559
237561
237571
237592
237594
237604
237690
237697
237707
237719
237730
237731
237732
237743
237744
237750
237761
237767
237768
237778
237779
237780
237781
237788
237801
237813
237823
237824
237833
237834
237835
237836
237837
237838
237839
237840
237843
237855
237856
237863
237874
237876
237877
237878
237879
237880
237881
237884
237885
237886
237888
237889
237906
237913
237924
237925
237926
237928
237931
237932
237933
237934
237935
237936
237937
237938
237939
237951
237952
237953
237985
237986
237991
238048
238055
238062
238074
238075
238081
238091
238092
238094
238100
238102
238120
238133
238146
238152
238158
238162
238172
238177
238188
238194
238195
238201
238208
238215
238216
238221
238222
238240
238255
238283
238292
238293
238296
238297
238298
238299
238300
238301
238311
238317
238329
238330
238331
238332
238333
238334
238346
238366
238368
238378
238386
238397
238399
238409
238417
238428
238429
238439
238447
238458
238460
238470
238478
238489
238491
238501
238520
238522
238532
238551
238553
238563
238580
238582
238592
238611
238613
238623
238642
238644
238654
238745
238746
238747
238748
238754
238772
238774
238784
238803
238805
238815
238848
238852
238853
238857
238860
238862
238866
238869
238875
238876
238880
238883
238885
238887
238890
238891
238896
238897
238901
238903
238905
238906
238910
238914
238915
238916
238917
238918
238919
238920
238935
238936
238940
238943
238944
238953
238958
238959
238961
238965
238967
238971
238972
238973
238977
238980
238981
238982
238983
238984
238985
238986
238987
238988
238990
238993
238994
238995
238996
238997
238998
238999
239000
239001
239002
239003
239005
239009
239010
239011
239012
239013
239015
239016
239017
239019
239021
239023
239024
239025
239026
239029
239031
239032
239033
239034
239035
239036
239037
239038
239039
239041
239043
239047
239048
239053
239055
239057
239062
239063
239067
239070
239082
239116
239118
239128
239147
239149
239159
239178
239180
239190
239209
239211
239221
239240
239242
239252
239271
239273
239283
239302
239304
239314
239321
239322
239323
239324
239325
239326
239327
239328
239329
239330
239331
239335
239336
239340
239343
239344
239345
239348
239349
239353
239356
239359
239360
239361
239362
239364
239365
239366
239368
239370
239372
239373
239377
239380
239381
239383
239384
239385
239387
239388
239389
239392
239393
239394
239395
239397
239398
239399
239400
239401
239403
239405
239406
239413
239414
239415
239416
239417
239418
239419
239422
239423
239424
239425
239426
239427
239428
239430
239431
239432
239434
239435
239436
239446
239447
239448
239449
239450
239451
239452
239453
239454
239455
239456
239457
239458
239459
239460
239461
239462
239465
239466
239467
239469
239470
239471
239472
239475
239476
239477
239478
239479
239480
239481
239482
239483
239484
239486
239488
239490
239491
239492
239493
239494
239496
239497
239498
239499
239500
239501
239504
239506
239509
239510
239511
239512
239513
239515
239516
239517
239518
239519
239520
239522
239523
239525
239528
239529
239530
239532
239534
239536
239537
239538
239539
239540
239541
239542
239543
239544
239546
239548
239549
239550
239551
239552
239553
239554
239555
239556
239557
239558
239561
239562
239565
239566
239567
239568
239569
239570
239571
239572
239573
239574
239575
239576
239577
239578
239579
239580
239581
239582
239583
239584
239585
239586
239587
239588
239590
239591
239592
239593
239594
239595
239596
239598
239601
239603
239604
239605
239606
239607
239608
239609
239612
239614
239615
239616
239617
239619
239628
239634
239635
239639
239642
239645
239646
239650
239653
239661
239665
239666
239667
239668
239669
239670
239671
239675
239676
239677
239678
239679
239680
239681
239682
239683
239684
239685
239686
239687
239688
239689
239690
239693
239694
239696
239697
239700
239701
239703
239704
239706
239707
239709
239710
239713
239714
239716
239717
239719
239720
239721
239724
239725
239726
239727
239729
239730
239731
239732
239734
239735
239736
239737
239738
239740
239743
239744
239745
239746
239747
239748
239751
239753
239754
239755
239756
239757
239758
239759
239761
239762
239763
239764
239765
239766
239767
239769
239770
239771
239772
239773
239774
239776
239777
239782
239783
239784
239786
239787
239789
239791
239792
239793
239795
239796
239797
239798
239799
239801
239803
239804
239805
239808
239813
239815
239816
239817
239818
239819
239821
239822
239823
239828
239829
239830
239832
239833
239834
239835
239838
239840
239841
239843
239844
239845
239847
239848
239849
239850
239851
239852
239856
239863
239865
239866
239871
239872
239875
239876
239877
239881
239882
239886
239899
239900
239902
239905
239907
239909
239910
239913
239914
239918
239921
239922
239924
239925
239936
239948
239949
239953
239955
239956
239957
239958
239973
239979
239980
239997
240004
240011
240032
240034
240044
240052
240064
240066
240076
240097
240107
240125
240127
240131
240132
240136
240139
240140
240143
240144
240146
240147
240150
240152
240153
240157
240158
240159
240161
240162
240163
240164
240165
240166
240168
240170
240174
240175
240184
240189
240193
240195
240196
240197
240202
240205
240207
240208
240209
240210
240211
240212
240213
240214
240215
240216
240217
240218
240220
240221
240222
240227
240230
240234
240239
240242
240243
240247
240248
240252
240255
240256
240257
240258
240260
240261
240290
240296
240300
240302
240303
240304
240308
240310
240314
240322
240327
240328
240329
240331
240342
240343
240367
240370
240371
240377
240387
240406
240416
240435
240437
240447
240450
240467
240469
240479
240487
240499
240501
240511
240531
240541
240544
240551
240562
240564
240574
240580
240581
240592
240594
240604
240610
240613
240615
240616
240617
240618
240619
240621
240622
240625
240626
240629
240630
240631
240632
240633
240640
240643
240660
240661
240662
240663
240665
240666
240669
240671
240672
240673
240674
240676
240677
240678
240680
240689
240693
240694
240695
240697
240698
240699
240700
240702
240703
240704
240705
240706
240707
240708
240709
240712
240715
240716
240720
240723
240724
240725
240728
240730
240731
240732
240733
240737
240738
240742
240745
240748
240749
240752
240753
240763
240767
240772
240775
240776
240777
240778
240779
240780
240781
240783
240784
240791
240815
240816
240826
240845
240847
240857
240865
240876
240878
240888
240907
240909
240919
240949
240950
240951
240952
240954
240957
240958
240960
240961
240962
240964
240966
240973
240979
240981
240983
240985
240988
240993
240994
240995
240999
241000
241001
241002
241003
241008
241011
241012
241013
241014
241015
241016
241021
241024
241026
241028
241029
241032
241035
241036
241040
241041
241042
241049
241050
241051
241052
241053
241054
241055
241065
241069
241070
241074
241092
241094
241104
241121
241135
241136
241140
241143
241150
241154
241156
241165
241166
241171
241172
241176
241179
241181
241182
241183
241185
241186
241188
241189
241193
241196
241198
241199
241201
241202
241203
241204
241205
241207
241215
241224
241225
241226
241232
241233
241236
241237
241241
241244
241245
241246
241247
241248
241249
241250
241251
241252
241254
241256
241258
241261
241262
241263
241264
241266
241267
241271
241274
241275
241276
241278
241280
241281
241285
241288
241289
241290
241293
241294
241298
241301
241302
241303
241304
241306
241308
241309
241313
241316
241317
241318
241322
241323
241327
241328
241331
241333
241334
241335
241336
241337
241338
241339
241340
241341
241344
241348
241350
241351
241352
241354
241355
241356
241357
241358
241360
241362
241363
241364
241367
241368
241369
241371
241373
241374
241376
241377
241378
241379
241381
241385
241386
241387
241389
241390
241392
241393
241395
241396
241397
241400
241401
241402
241403
241404
241406
241407
241408
241409
241410
241411
241412
241413
241414
241415
241416
241417
241418
241419
241420
241421
241422
241423
241424
241426
241427
241428
241432
241434
241436
241438
241439
241440
241441
241442
241444
241447
241448
241449
241450
241451
241452
241453
241454
241455
241458
241459
241460
241464
241465
241466
241468
241471
241473
241474
241475
241476
241477
241478
241479
241480
241484
241485
241486
241487
241488
241495
241499
241501
241502
241503
241504
241505
241507
241509
241510
241512
241513
241515
241516
241517
241519
241520
241529
241530
241531
241534
241539
241543
241544
241547
241548
241549
241550
241551
241552
241553
241555
241556
241557
241558
241559
241560
241562
241564
241565
241566
241567
241569
241570
241571
241572
241573
241576
241584
241585
241586
241587
241591
241597
241598
241610
241613
241614
241626
241627
241645
241648
241649
241650
241651
241652
241654
241655
241656
241657
241659
241664
241667
241668
241669
241670
241671
241672
241673
241676
241680
241681
241683
241684
241685
241686
241687
241688
241689
241690
241691
241694
241696
241697
241700
241701
241702
241704
241706
241707
241708
241713
241716
241718
241719
241720
241721
241722
241723
241724
241725
241727
241729
241731
241732
241733
241734
241739
241743
241744
241746
241747
241748
241749
241750
241752
241753
241754
241756
241759
241760
241761
241765
241768
241769
241770
241771
241773
241774
241775
241776
241777
241778
241783
241784
241785
241786
241787
241788
241789
241791
241792
241793
241795
241796
241798
241800
241801
241802
241804
241805
241806
241807
241809
241811
241812
241814
241816
241821
241824
241830
241831
241833
241834
241835
241842
241843
241844
241845
241846
241849
241851
241856
241857
241859
241860
241862
241863
241864
241865
241866
241867
241868
241873
241874
241884
241885
241886
241899
241901
241902
241903
241904
241905
241906
241907
241908
241909
241912
241913
241914
241915
241921
241926
241927
241928
241929
241932
241933
241942
241949
241950
241952
241953
241955
241956
241957
241958
241960
241961
241963
241964
241965
241966
241967
241968
241969
241970
241972
241973
241974
241975
241976
241981
241983
242022
242023
242024
242025
242038
242041
242045
242048
242051
242060
242085
242086
242091
242092
242093
242094
242095
242096
242097
242098
242099
242100
242101
242102
242103
242104
242105
242106
242107
242109
242110
242111
242113
242114
242115
242120
242123
242125
242127
242128
242129
242134
242137
242140
242141
242142
242147
242150
242152
242155
242160
242163
242164
242165
242166
242167
242168
242173
242174
242175
242176
242177
242180
242185
242186
242188
242190
242191
242192
242195
242196
242197
242202
242205
242207
242208
242209
242210
242211
242212
242213
242214
242215
242217
242220
242221
242222
242223
242224
242225
242226
242227
242228
242229
242230
242231
242233
242234
242236
242237
242238
242239
242240
242241
242244
242245
242246
242248
242251
242256
242259
242260
242263
242268
242271
242272
242273
242275
242276
242277
242284
242286
242287
242289
242290
242291
242296
242299
242302
242303
242304
242309
242312
242313
242315
242316
242317
242318
242319
242322
242323
242324
242325
242326
242333
242334
242335
242336
242340
242343
242344
242345
242347
242348
242351
242352
242354
242355
242356
242358
242359
242363
242365
242366
242368
242370
242371
242372
242373
242374
242375
242376
242380
242382
242385
242388
242389
242390
242391
242394
242404
242408
242409
242410
242411
242424
242434
242440
242444
242445
242446
242447
242454
242455
242456
242458
242460
242465
242466
242467
242469
242471
242472
242474
242478
242479
242480
242481
242482
242485
242487
242491
242492
242493
242494
242495
242496
242497
242498
242501
242502
242503
242504
242505
242508
242509
242510
242512
242513
242515
242516
242518
242519
242520
242527
242531
242534
242536
242537
242538
242539
242540
242541
242544
242545
242546
242547
242549
242550
242553
242554
242556
242557
242558
242559
242560
242561
242562
242563
242564
242567
242568
242569
242570
242571
242572
242573
242574
242575
242576
242580
242662
242663
242689
242690
242692
242693
242700
242702
242703
242704
242706
242707
242708
242709
242710
242712
242720
242721
242723
242732
242733
242735
242736
242737
242738
242739
242740
242741
242742
242743
242745
242746
242747
242748
242749
242752
242753
242754
242755
242756
242757
242759
242760
242762
242764
242766
242772
242773
242776
242777
242778
242779
242781
242784
242785
242786
242789
242795
242796
242798
242800
242801
242802
242803
242804
242805
242806
242808
242810
242811
242812
242829
242830
242833
242835
242836
242837
242838
242839
242841
242842
242844
242845
242846
242847
242848
242849
242850
242852
242854
242856
242857
242858
242862
242863
242864
242866
242868
242869
242870
242872
242877
242878
242879
242880
242886
242888
242889
242890
242891
242892
242893
242894
242895
242896
242898
242900
242902
242903
242904
242911
242912
242913
242914
242916
242918
242920
242922
242924
242926
242932
242935
242936
242938
242939
242940
242941
242944
242945
242946
242948
242951
242954
242958
242962
242964
242966
242967
242968
242969
242970
242972
242974
242975
242976
242977
242978
242979
242980
242982
242983
242987
242988
242990
242993
242994
242995
242996
242997
243000
243002
243004
243006
243007
243008
243009
243010
243011
243012
243013
243016
243020
243021
243024
243025
243026
243027
243029
243032
243033
243034
243035
243036
243037
243038
243039
243042
243043
243044
243045
243046
243049
243050
243051
243052
243053
243055
243058
243059
243061
243062
243063
243064
243066
243072
243073
243074
243075
243076
243078
243079
243080
243085
243086
243087
243089
243090
243091
243092
243093
243094
243095
243098
243102
243103
243115
243122
243123
243124
243125
243129
243130
243132
243135
243139
243140
243143
243144
243150
243152
243154
243155
243156
243157
243158
243160
243162
243163
243165
243167
243168
243169
243170
243171
243172
243173
243174
243175
243178
243179
243182
243184
243186
243188
243189
243190
243191
243194
243195
243196
243197
243198
243200
243201
243207
243208
243209
243210
243212
243213
243217
243220
243224
243225
243230
243231
243234
243235
243238
243239
243240
243241
243244
243245
243248
243250
243252
243253
243254
243255
243256
243257
243258
243259
243260
243261
243262
243264
243265
243267
243268
243269
243273
243276
243277
243279
243280
243281
243282
243283
243284
243286
243292
243294
243299
243306
243309
243310
243312
243313
243314
243317
243322
243323
243324
243327
243328
243330
243331
243332
243334
243335
243336
243337
243338
243339
243340
243342
243343
243344
243346
243347
243351
243353
243354
243356
243357
243359
243377
243389
243398
243399
243400
243401
243402
243406
243408
243409
243410
243411
243412
243418
243423
243426
243427
243428
243429
243430
243431
243435
243437
243443
243445
243446
243450
243451
243452
243455
243459
243460
243461
243462
243463
243464
243465
243466
243468
243470
243472
243473
243474
243475
243476
243477
243479
243480
243481
243482
243483
243484
243485
243487
243488
243489
243490
243491
243492
243493
243494
243495
243496
243497
243498
243499
243504
243505
243507
243509
243510
243511
243512
243514
243515
243516
243521
243524
243533
243536
243537
243545
243548
243549
243551
243552
243553
243554
243555
243556
243558
243559
243560
243561
243563
243564
243565
243566
243570
243571
243572
243578
243583
243584
243589
243590
243591
243593
243594
243595
243596
243597
243600
243601
243603
243604
243608
243610
243611
243612
243613
243614
243615
243616
243618
243620
243621
243624
243625
243626
243627
243628
243629
243630
243633
243634
243635
243636
243637
243638
243639
243640
243641
243642
243643
243645
243646
243647
243648
243649
243650
243651
243655
243656
243657
243658
243659
243660
243662
243663
243664
243666
243668
243674
243675
243676
243677
243678
243679
243681
243684
243706
243707
243711
243712
243724
243725
243729
243730
243731
243732
243734
243735
243736
243737
243742
243744
243745
243746
243748
243749
243750
243751
243752
243753
243755
243757
243758
243760
243763
243764
243765
243767
243768
243769
243770
243772
243775
243778
243780
243781
243782
243785
243789
243791
243794
243795
243796
243797
243799
243803
243804
243805
243806
243807
243809
243810
243811
243812
243814
243817
243818
243820
243821
243823
243825
243828
243829
243830
243832
243833
243835
243836
243838
243841
243844
243845
243846
243847
243848
243849
243852
243853
243855
243857
243859
243861
243863
243864
243865
243866
243867
243871
243873
243874
243875
243876
243877
243878
243879
243881
243882
243885
243886
243890
243892
243893
243895
243897
243898
243899
243900
243902
243906
243909
243910
243911
243916
243919
243921
243922
243923
243924
243925
243928
243929
243936
243941
243942
243943
243946
243947
243948
243949
243950
243952
243953
243954
243957
243958
243960
243961
243963
243964
243966
243967
243970
243971
243974
243975
243976
243977
243978
243982
243985
243988
243989
243990
243991
243992
243994
243999
244001
244002
244005
244006
244007
244009
244011
244012
244015
244019
244020
244021
244022
244024
244026
244027
244028
244029
244030
244031
244032
244033
244039
244042
244043
244044
244047
244048
244049
244050
244051
244053
244054
244055
244056
244057
244058
244059
244062
244064
244068
244070
244071
244075
244076
244077
244078
244083
244087
244089
244093
244095
244096
244097
244099
244100
244101
244102
244104
244109
244110
244111
244112
244113
244114
244115
244120
244122
244123
244124
244126
244127
244128
244129
244130
244131
244132
244135
244136
244137
244142
244143
244144
244145
244148
244149
244152
244154
244155
244156
244159
244160
244168
244169
244172
244173
244176
244177
244178
244179
244180
244183
244185
244186
244187
244188
244189
244191
244192
244196
244197
244198
244200
244201
244203
244204
244205
244206
244207
244208
244215
244216
244217
244218
244219
244220
244221
244224
244225
244226
244230
244232
244233
244234
244235
244236
244237
244238
244239
244241
244242
244244
244245
244246
244247
244248
244249
244250
244255
244257
244258
244259
244260
244261
244262
244265
244267
244269
244270
244273
244275
244276
244277
244278
244279
244283
244284
244285
244289
244292
244293
244294
244295
244296
244297
244299
244300
244301
244304
244309
244312
244313
244314
244315
244317
244318
244319
244322
244323
244324
244327
244328
244330
244331
244332
244333
244334
244335
244336
244337
244338
244339
244341
244343
244344
244345
244348
244352
244355
244359
244360
244361
244362
244364
244365
244368
244369
244370
244371
244373
244377
244378
244379
244380
244388
244391
244392
244394
244395
244396
244397
244400
244401
244402
244403
244405
244406
244407
244409
244411
244413
244415
244416
244417
244418
244419
244420
244421
244441
244442
244443
244446
244447
244448
244450
244451
244457
244458
244459
244460
244461
244462
244464
244465
244466
244471
244474
244478
244479
244480
244483
244486
244490
244491
244493
244494
244495
244496
244497
244498
244501
244502
244507
244511
244512
244516
244517
244518
244519
244520
244522
244523
244526
244527
244528
244529
244530
244531
244532
244536
244538
244541
244542
244546
244547
244549
244550
244551
244552
244553
244555
244557
244558
244559
244566
244570
244571
244572
244573
244575
244577
244578
244581
244582
244583
244584
244585
244586
244587
244588
244590
244592
244593
244596
244597
244600
244601
244604
244605
244608
244609
244610
244613
244616
244624
244625
244628
244629
244633
244634
244635
244636
244637
244638
244639
244652
244653
244654
244655
244656
244657
244658
244662
244667
244668
244679
244681
244682
244683
244684
244690
244691
244692
244693
244696
244698
244699
244700
244708
244709
244711
244712
244713
244717
244718
244719
244720
244721
244722
244723
244724
244725
244726
244727
244728
244729
244730
244733
244735
244736
244737
244745
244746
244747
244748
244750
244752
244754
244755
244756
244757
244758
244759
244760
244761
244762
244763
244765
244768
244770
244771
244773
244781
244790
244791
244815
244823
244824
244826
244827
244828
244831
244832
244833
244836
244842
244843
244852
244853
244854
244855
244856
244858
244860
244861
244867
244868
244881
244885
244886
244889
244892
244897
244898
244900
244901
244902
244903
244909
244910
244911
244912
244913
244914
244915
244916
244920
244921
244923
244952
244957
244958
244959
244971
244972
244974
244975
244977
244981
244982
244985
244994
245000
245001
245002
245003
245004
245010
245011
245015
245021
245025
245028
245029
245030
245032
245033
245034
245035
245036
245037
245052
245054
245057
245065
245066
245067
245068
245069
245070
245071
245072
245073
245074
245075
245076
245077
245078
245080
245081
245084
245085
245086
245090
245091
245092
245093
245094
245095
245099
245100
245101
245102
245104
245106
245107
245124
245133
245138
245149
245171
245172
245174
245176
245204
245210
245233
245236
245237
245238
245243
245246
245249
245251
245252
245255
245258
245265
245266
245267
245268
245278
245280
245281
245282
245283
245284
245285
245288
245291
245294
245295
245297
245309
245310
245311
245312
245313
245317
245319
245320
245327
245329
245332
245333
245342
245353
245359
245360
245362
245366
245369
245370
245372
245374
245376
245377
245378
245380
245381
245382
245383
245385
245386
245387
245388
245389
245390
245394
245396
245397
245398
245399
245402
245403
245404
245408
245410
245411
245413
245417
245418
245419
245420
245423
245425
245426
245428
245430
245432
245437
245438
245439
245440
245441
245442
245443
245444
245445
245455
245457
245458
245460
245461
245462
245465
245466
245468
245469
245474
245475
245478
245481
245486
245487
245501
245506
245509
245511
245514
245515
245516
245517
245518
245520
245521
245522
245527
245528
245529
245530
245535
245537
245540
245542
245543
245546
245547
245552
245555
245558
245561
245563
245568
245569
245570
245572
245573
245575
245576
245582
245583
245584
245585
245586
245587
245590
245591
245592
245593
245594
245595
245596
245597
245598
245600
245601
245603
245604
245613
245614
245632
245633
245638
245678
245681
245684
245689
245690
245692
245694
245695
245697
245698
245699
245703
245706
245707
245709
245710
245711
245712
245713
245714
245715
245716
245721
245722
245723
245724
245725
245726
245730
245731
245732
245737
245740
245748
245749
245750
245751
245752
245753
245754
245755
245758
245760
245761
245763
245769
245770
245771
245773
245774
245776
245777
245778
245779
245780
245781
245782
245783
245789
245790
245791
245792
245793
245795
245796
245797
245800
245801
245802
245803
245806
245810
245813
245814
245815
245816
245817
245818
245819
245825
245826
245827
245829
245830
245831
245832
245836
245838
245843
245846
245847
245850
245852
245854
245855
245856
245858
245860
245861
245862
245863
245864
245865
245867
245872
245875
245876
245877
245879
245880
245882
245883
245885
245888
245891
245892
245893
245894
245901
245902
245905
245906
245909
245911
245913
245915
245916
245917
245919
245922
245928
245929
245930
245932
245952
245953
245956
245958
245963
245964
245965
245966
245967
245968
245969
245970
245971
245972
245973
245979
245980
245982
246003
246010
246017
246030
246031
246053
246054
246055
246056
246069
246071
246075
246078
246079
246082
246084
246085
246086
246087
246089
246090
246091
246092
246093
246094
246095
246096
246097
246100
246101
246102
246107
246110
246113
246114
246115
246120
246122
246125
246129
246132
246133
246134
246135
246136
246138
246140
246142
246145
246148
246149
246154
246156
246158
246160
246161
246163
246165
246167
246169
246171
246173
246174
246175
246179
246181
246182
246184
246185
246186
246192
246193
246194
246195
246196
246198
246199
246200
246205
246209
246211
246212
246213
246215
246217
246218
246220
246222
246223
246224
246225
246226
246227
246231
246233
246235
246236
246241
246244
246245
246246
246252
246253
246256
246257
246258
246260
246261
246262
246263
246264
246266
246267
246268
246269
246271
246272
246273
246274
246277
246278
246280
246284
246286
246288
246289
246292
246294
246295
246296
246297
246298
246306
246307
246308
246311
246315
246354
246359
246360
246361
246367
246368
246369
246374
246385
246386
246388
246389
246390
246391
246392
246393
246398
246399
246400
246401
246402
246403
246404
246405
246406
246407
246408
246409
246410
246411
246412
246413
246420
246432
246433
246436
246437
246455
246458
246459
246467
246470
246471
246472
246478
246479
246480
246481
246483
246484
246485
246488
246489
246491
246492
246496
246498
246499
246502
246503
246507
246508
246510
246511
246512
246513
246514
246515
246516
246517
246518
246519
246521
246522
246523
246525
246527
246530
246532
246538
246539
246541
246542
246543
246545
246546
246547
246550
246551
246554
246555
246556
246557
246558
246559
246560
246561
246562
246564
246571
246572
246575
246576
246578
246579
246580
246581
246583
246584
246585
246586
246589
246590
246591
246592
246596
246599
246600
246601
246602
246603
246604
246606
246609
246610
246614
246618
246619
246621
246622
246625
246627
246628
246630
246631
246632
246633
246634
246635
246638
246639
246640
246644
246647
246648
246649
246651
246652
246653
246654
246655
246657
246659
246660
246663
246665
246684
246710
246713
246716
246718
246721
246722
246723
246725
246727
246729
246731
246732
246733
246734
246736
246739
246741
246743
246744
246745
246746
246750
246753
246754
246755
246756
246757
246758
246759
246760
246761
246762
246763
246764
246765
246767
246768
246769
246771
246772
246774
246775
246776
246777
246779
246780
246781
246782
246783
246784
246785
246789
246790
246791
246792
246793
246794
246795
246796
246797
246799
246800
246801
246806
246807
246809
246810
246811
246812
246813
246814
246815
246817
246818
246819
246820
246821
246822
246823
246824
246827
246830
246831
246832
246836
246837
246841
246843
246851
246856
246857
246858
246859
246861
246862
246863
246867
246868
246870
246871
246874
246875
246877
246878
246879
246881
246882
246884
246885
246887
246889
246890
246892
246894
246895
246896
246901
246902
246904
246905
246909
246912
246914
246953
246956
246962
246963
246964
246965
246966
246967
246968
246969
246973
246975
246976
246977
246982
246985
246988
246989
246990
246995
246998
247000
247001
247003
247004
247005
247006
247007
247009
247010
247013
247014
247015
247016
247021
247024
247028
247029
247030
247031
247032
247033
247034
247035
247036
247040
247041
247049
247061
247067
247068
247069
247070
247071
247072
247075
247076
247077
247078
247079
247080
247081
247082
247083
247084
247085
247086
247088
247089
247090
247094
247096
247097
247098
247099
247100
247126
247127
247128
247132
247133
247146
247147
247152
247154
247157
247158
247159
247164
247165
247166
247168
247169
247176
247177
247182
247183
247188
247189
247192
247193
247198
247199
247200
247202
247204
247205
247216
247217
247232
247233
247234
247237
247238
247242
247243
247252
247253
247258
247259
247264
247265
247266
247267
247268
247269
247270
247271
247272
247273
247274
247275
247276
247277
247279
247283
247284
247291
247292
247295
247296
247301
247302
247307
247308
247309
247311
247312
247313
247314
247321
247322
247325
247326
247327
247328
247334
247335
247336
247337
247338
247339
247340
247341
247342
247343
247344
247345
247346
247347
247348
247355
247356
247359
247360
247361
247362
247363
247366
247367
247368
247369
247370
247371
247372
247373
247374
247375
247376
247377
247378
247379
247381
247382
247383
247384
247389
247390
247391
247392
247397
247398
247401
247402
247407
247408
247413
247414
247415
247416
247418
247419
247422
247423
247426
247430
247431
247434
247435
247436
247437
247442
247444
247447
247448
247449
247454
247455
247457
247464
247469
247470
247472
247475
247480
247481
247486
247489
247492
247497
247500
247514
247525
247526
247529
247530
247531
247538
247542
247545
247546
247547
247548
247549
247557
247562
247563
247564
247566
247570
247571
247574
247575
247578
247581
247582
247583
247584
247585
247586
247587
247588
247589
247590
247591
247592
247593
247594
247596
247600
247602
247605
247607
247613
247615
247618
247620
247623
247628
247631
247632
247634
247635
247636
247637
247638
247639
247641
247643
247644
247645
247646
247648
247649
247650
247651
247652
247653
247655
247656
247657
247658
247659
247660
247661
247667
247668
247670
247678
247679
247682
247683
247685
247686
247688
247692
247703
247704
247707
247708
247712
247713
247714
247715
247716
247717
247718
247719
247722
247724
247725
247726
247727
247728
247729
247730
247731
247732
247733
247734
247735
247736
247738
247739
247740
247742
247745
247746
247747
247748
247750
247752
247753
247756
247758
247772
247773
247774
247775
247776
247779
247780
247781
247786
247787
247788
247789
247790
247794
247795
247797
247798
247801
247804
247805
247807
247808
247809
247815
247816
247817
247818
247819
247821
247822
247824
247831
247833
247835
247836
247837
247838
247839
247840
247841
247842
247843
247844
247845
247846
247847
247848
247849
247850
247855
247856
247860
247862
247863
247866
247867
247871
247874
247877
247878
247882
247885
247886
247889
247890
247894
247897
247898
247900
247902
247903
247904
247905
247906
247907
247908
247909
247913
247914
247915
247920
247923
247927
247928
247929
247934
247937
247939
247941
247942
247944
247948
247952
247954
247955
247957
247959
247960
247963
247964
247965
247966
247967
247968
247973
247975
247976
247977
247978
247979
247980
247982
247983
247984
247985
247986
247987
247992
247993
247995
247996
247997
247998
247999
248000
248003
248004
248005
248006
248007
248008
248009
248010
248013
248014
248015
248016
248017
248018
248019
248020
248021
248022
248025
248028
248029
248032
248033
248034
248035
248038
248039
248040
248041
248043
248044
248045
248046
248047
248048
248049
248055
248056
248062
248063
248064
248065
248066
248067
248068
248069
248070
248071
248072
248073
248076
248077
248080
248081
248082
248083
248085
248091
248093
248096
248107
248108
248109
248110
248111
248112
248113
248116
248119
248122
248125
248127
248131
248132
248133
248134
248135
248136
248137
248138
248140
248141
248145
248146
248147
248149
248162
248163
248164
248168
248169
248170
248171
248172
248174
248175
248176
248179
248180
248183
248184
248194
248195
248196
248198
248199
7043270
7043281
7043406
7043417
7043527
7043538
7043649
7043660
7043770
7043781
7043894
7043905
7044013
7044024
7044144
7044155
7044266
7044277
7044400
7044411
7044522
7044533
7044646
7044657
7044765
7044776
7044896
7044907
7045018
7045029
7045152
7045163
7045274
7045285
7045398
7045409
7045518
7045529
7045651
7045662
7045689
7045802
7045897
7045908
7046016
7046027
7046148
7046159
7046269
7046280
7046406
7046417
7046526
7046653
7046765
7046776
7046906
7046917
7047028
7047039
7047151
7047162
7047357
7047452
7047463
7047588
7047599
7047711
7047722
7047850
7047861
7047973
7047984
7048098
7048109
7048218
7048229
7048354
7048365
7048477
7048488
7048616
7048627
7048739
7048750
7048864
7048875
7048994
7049005
7049136
7049147
7049272
7049283
7049386
7049397
7049520
7049531
7049666
7049677
7049780
7049791
7049894
7049905
7050027
7050038
7050141
7050152
7050255
7050266
7050369
7050380
7050504
7050515
7050651
7050662
7050765
7050776
7050879
7050890
7050993
7051004
7051107
7051118
7051242
7051253
7051389
7051400
7051503
7051514
7051617
7051628
7051731
7051742
7051845
7051856
7051981
7051992
7052129
7052140
7052271
7052282
7052387
7052398
7052527
7052538
7052679
7052690
7052795
7052806
7052911
7052922
7053050
7053061
7053166
7053177
7053210
7053221
7053325
7053336
7053463
7053474
7053578
7053589
7053693
7053704
7053808
7053819
7053948
7053959
7054100
7054111
7054215
7054226
7054330
7054341
7054445
7054456
7054560
7054571
7054700
7054711
7054852
7054863
7054967
7054978
7055082
7055093
7055197
7055208
7055312
7055320
7055444
7055452
7055588
7055596
7055714
7055722
7055859
7055867
7055995
7056003
7056143
7056151
7056256
7056264
7056369
7056377
7056507
7056515
7056620
7056628
7056747
7056755
7056860
7056868
7056997
7057005
7057146
7057154
7057259
7057267
7057372
7057380
7057515
7057523
7057628
7057636
7057765
7057773
7057914
7057922
7058027
7058035
7058140
7058148
7058283
7058291
7058396
7058404
7058534
7058542
7058684
7058692
7058812
7058820
7058963
7058971
7059105
7059113
7059259
7059267
7059374
7059466
7059474
7059610
7059618
7059725
7059733
7059854
7059862
7059969
7059977
7060112
7060120
7060267
7060275
7060382
7060390
7060497
7060638
7060646
7060753
7060761
7060896
7060904
7061010
7061018
7061158
7061166
7061272
7061280
7061414
7061422
7061568
7061576
7061682
7061774
7061782
7061922
7061930
7062036
7062044
7062139
7062147
7062255
7062263
7062363
7062371
7062485
7062493
7062592
7062600
7062713
7062721
7062823
7062831
7062947
7062955
7063055
7063063
7063168
7063176
7063282
7063290
7063397
7063405
7063504
7063512
7063625
7063633
7063735
7063743
7063859
7063867
7063971
7063979
7064086
7064094
7064193
7064201
7064314
7064322
7064424
7064432
7064548
7064556
7064660
7064668
7064775
7064783
7064878
7064886
7064994
7065002
7065102
7065110
7065224
7065232
7065331
7065339
7065452
7065460
7065562
7065570
7065686
7065694
7065794
7065802
7065907
7065915
7066021
7066029
7066136
7066144
7066243
7066251
7066364
7066372
7066474
7066482
7066598
7066606
7066710
7066718
7066825
7066833
7066932
7066940
7067053
7067061
7067163
7067171
7067287
7067295
7067399
7067407
7067514
7067522
7067617
7067625
7067733
7067741
7067841
7067849
7067963
7067971
7068070
7068078
7068191
7068199
7068301
7068309
7068425
7068433
7068533
7068541
7068646
7068654
7068760
7068871
7068879
7068989
7068997
7069110
7069118
7069226
7069234
7069354
7069362
7069473
7069481
7069604
7069612
7069723
7069731
7069772
7069780
7069888
7069896
7070016
7070024
7070135
7070143
7070266
7070274
7070385
7070393
7070506
7070514
7070623
7070631
7070753
7070761
7070872
7070880
7071007
7071015
7071125
7071133
7071261
7071269
7071382
7071390
7071521
7071529
7071641
7071649
7071762
7071874
7071882
7071997
7072005
7072115
7072123
7072249
7072257
7072370
7072462
7072554
7072646
7072756
7072764
7072890
7072898
7073011
7073019
7073148
7073156
7073269
7073277
7073392
7073400
7073508
7073516
7073637
7073645
7073755
7073763
7073889
7073897
7074006
7074014
7074141
7074233
7074241
7074371
7074379
7074490
7074498
7074610
7074618
7074729
7074737
7074851
7074859
7074968
7074976
7075101
7075109
7075221
7075229
7075357
7075365
7075477
7075485
7075599
7075607
7075716
7075724
7075849
7075857
7075969
7075977
7076101
7076109
7076245
7076253
7076358
7076366
7076471
7076479
7076584
7076592
7076697
7076705
7076830
7076838
7076975
7076983
7077114
7077122
7077229
7077237
7077366
7077374
7077515
7077523
7077630
7077638
7077745
7077837
7077845
7077952
7077960
7078067
7078075
7078182
7078190
7078320
7078328
7078470
7078478
7078585
7078593
7078700
7078708
7078815
7078823
7078930
7078938
7079068
7079076
7079146
7079154
7079261
7079269
7079376
7079384
7079491
7079499
7079606
7079614
7079738
7079746
7079882
7079890
7080020
7080028
7080134
7080142
7080270
7080278
7080418
7080426
7080532
7080540
7080646
7080654
7080781
7080789
7080895
7080903
7081009
7081017
7081123
7081131
7081260
7081268
7081409
7081417
7081523
7081531
7081637
7081645
7081751
7081759
7081865
7081873
7082002
7082010
7082151
7082159
7082265
7082273
7082379
7082387
7082493
7082501
7082607
7082621
7082726
7082830
7082934
7082948
7083056
7083160
7083180
7083186
7083731
7084281
7084406
7084531
7085729
7085951
7086154
7086357
7086465
7086698
7086738
7086775
7086943
7087051
7087146
7087365
7087402
7087510
7087743
7087783
7087820
7087988
7088096
7088191
7088410
7088518
7088671
7088711
7088748
7088916
7089024
7089119
7089353
7089398
7089456
7089698
7089772
7089885
7090107
7090238
7090841
7090916
7091028
7091654
7091729
7091841
7092930
7107074
7113229
7121278
7127247
7143239
7149262
7153290
7153368
7153418
7154266
7154309
7155140
7155375
7155552
7155676
7155895
7156335
7156695
7156768
7156815
7157384
7157400
7157999
7159609
7159701
7160384
7161873
7162079
7164430
7164576
7167501
7169696
7170644
7171466
7172066
7172081
7172121
7172143
7175523
7175558
7175871
7175881
7175890
7176015
7176102
7176118
7176354
7176374
7176394
7176422
7176442
7176463
7176491
7176511
7176531
7176559
7176579
7176599
7176627
7176647
7176667
7176695
7176715
7176735
7176763
7176783
7176803
7176831
7176851
7176871
7176897
7176918
7176930
7176956
7176977
7176990
7177470
7179614
7180233
7180345
7180457
7180569
7180783
7180895
7181007
7181119
7181306
7181331
7181356
7181381
7181406
7181431
7181456
7181481
7181506
7181531
7181966
7182148
7182186
7182208
7182217
7182252
7182263
7182272
7182334
7182340
7182347
7182367
7182377
7182668
7183406
7183434
7183471
7183477
7184049
7184063
7186279
7186635
7186934
7186981
7187034
7187060
7187696
7188800
7188843
7189196
7189817
7190194
7190912
7191104
7191397
7191590
7191600
7191627
7191637
7191672
7191682
7191717
7191727
7191763
7191773
7191809
7191837
7191847
7191882
7191892
7191927
7191937
7191973
7191983
7192019
7192029
7192065
7192075
7192110
7192120
7192155
7192165
7192201
7192211
7192247
7192257
7192293
7192342
7192391
7192440
7192489
7192538
7192587
7192636
7192685
7192734
7192783
7192832
7192881
7192909
7192958
7193007
7193066
7193115
7193175
7193204
7193264
7193293
7193353
7193413
7193473
7193533
7193593
7193643
7193693
7193753
7193813
7193873
7193933
7193993
7194053
7194113
7194154
7194388
7194465
7194542
7194691
7195329
7196157
7196341
7196523
7196705
7197259
7197441
7198229
7198421
7198440
7198460
7198524
7198678
7198684
7198690
7198749
7198755
7198796
7198833
7198883
7198908
7198941
7198964
7198996
7199020
7199057
7199098
7199134
7199159
7199198
7199231
7199255
7199286
7199311
7199341
7199377
7199402
7199435
7199458
7199490
7199514
7199545
7199570
7199604
7199633
7199668
7199693
7199727
7199752
7199785
7199810
7199843
7199868
7199901
7199926
7199959
7199984
7200017
7200042
7200075
7200100
7200134
7200159
7200192
7200217
7200250
7200275
7200308
7200333
7200366
7200391
7200424
7200449
7200482
7200507
7200540
7200565
7200598
7200623
7200656
7200681
7200714
7200744
7200782
7200812
7200850
7200880
7200918
7200948
7200986
7201016
7201060
7201098
7201128
7201168
7201198
7201239
7201269
7201307
7201337
7201375
7201405
7201444
7201474
7201518
7201556
7201586
7201624
7201654
7201692
7201722
7201760
7201790
7201828
7201858
7201886
7202205
7202460
7202747
7203066
7203236
7203607
7203894
7204213
7204383
7204754
7205041
7205360
7205530
7205901
7206220
7206390
7206677
7206996
7207166
7207336
7207648
7207818
7208105
7208417
7208587
7208943
7209230
7209542
7209898
7210185
7210497
7210849
7211136
7211448
7211618
7211905
7212225
7212395
7212739
7213026
7213346
7213516
7213860
7214147
7214452
7214622
7214833
7215063
7215169
7215476
7215647
7215858
7216145
7216251
7216454
7216510
7216567
7216896
7217273
7217576
7220007
7220604
7220634
7220643
7221195
7221233
7221485
7221491
7221497
7221548
7221554
7221566
7222153
7222716
7222866
7223073
7223302
7223308
7223439
7223570
7223694
7223812
7224266
7224371
7224409
7224449
7224473
7224509
7224541
7224797
7224900
7225008
7225135
7225568
7225838
7225848
7225858
7225865
7225876
7225895
7226115
7226418
7226467
7226473
7226595
7226621
7226657
7227203
7227494
7227572
7227830
7227971
7228066
7228285
7228363
7228485
7228855
7229074
7229098
7229107
7229569
7231037
7231526
7231706
7233578
7233591
7233623
7233659
7233783
7233893
7233988
7234239
7236132
7236189
7236990
7237116
7238337
7238463
7238535
7238567
7238583
7239101
7239843
7240362
7240630
7241127
7241144
7241212
7241229
7241265
7241283
7241302
7241397
7241648
7241779
7241887
7241996
7242046
7242197
7242333
7242339
7242363
7242426
7242453
7242459
7242483
7242548
7242563
7242579
7242787
7243745
7243805
7244067
7244260
7244267
7245235
7245843
7245875
7245911
7245971
7246336
7247013
7247754
7247958
7248054
7248236
7248781
7248936
7249267
7249527
7249717
7249851
7250025
7250118
7250525
7250597
7250790
7250957
7251262
7251488
7251714
7251940
7252166
7252392
7252618
7252844
7253070
7253296
7253540
7253763
7253954
7253964
7254146
7254288
7254345
7254377
7254512
7254657
7254663
7254885
7255039
7255360
7255444
7255520
7255536
7255583
7255590
7255654
7255665
7255671
7255700
7255706
7255712
7255719
7255725
7255731
7255737
7255743
7255751
7255762
7255775
7255781
7255787
7255793
7255805
7255833
7255840
7255846
7255852
7255858
7255864
7256033
7256235
7256613
7256708
7256924
7257062
7257171
7257320
7257352
7257383
7257396
7257412
7257464
7257696
7257728
7257760
7257936
7258114
7258132
7258304
7258338
7258369
7258652
7258688
7258819
7258889
7258959
7258995
7259126
7259234
7259329
7259572
7259703
7259811
7259906
7260125
7260315
7260346
7260441
7260660
7260784
7261011
7261029
7261036
7261103
7261603
7261620
7261927
7261970
7262080
7262118
7262166
7262325
7262361
7262398
7262434
7262470
7262507
7262519
7262696
7262848
7262886
7262937
7262984
7263034
7263077
7263120
7263178
7263223
7263709
7263752
7263799
7263897
7264005
7264769
7264799
7264893
7265018
7265067
7265073
7265323
7265394
7265465
7265530
7265569
7266083
7266282
7266481
7266718
7266756
7266778
7266816
7266838
7266876
7266898
7266926
7267125
7267137
7267323
7267548
7267573
7267584
7267620
7267645
7267656
7267692
7267717
7267728
7267764
7267789
7267800
7267836
7267861
7267872
7267908
7267933
7267944
7267980
7268005
7268016
7268025
7269333
7270003
7270027
7270051
7270075
7270099
7270299
7270315
7270393
7270501
7270724
7271040
7271415
7271424
7271714
7272213
7272231
7272248
7272532
7272644
7272651
7272715
7272745
7272797
7272849
7272859
7272869
7273465
7273475
7273492
7273521
7273531
7273548
7273557
7274232
7274357
7274404
7276696
7276764
7276793
7276896
7276929
7276949
7276972
7277122
7277230
7277325
7277547
7277553
7277589
7277595
7277916
7277938
7277956
7277990
7278008
7278032
7278068
7278104
7278346
7278500
7278818
7278962
7278980
7279474
7279520
7279627
7280012
7280330
7280354
7280387
7280420
7280481
7280542
7280846
7280910
7280917
7280937
7280943
7280954
7280960
7281381
7281449
7281573
7281622
7281666
7281703
7283365
7283405
7283524
7283560
7283822
7284449
7284532
7284627
7284891
7284927
7284963
7285000
7285071
7285278
7285373
7285592
7285800
7286086
7286552
7286697
7286904
7286929
7286999
7287069
7287104
7287135
7287255
7287261
7287348
7287354
7287539
7287628
7287725
7287731
7287836
7289302
7291309
7291452
7291547
7291766
7291844
7291915
7292023
7292118
7292337
7292653
7294047
7295342
7295710
7296450
7296894
7297338
7297782
7297794
7297836
7297872
7297909
7297930
7297943
7297949
7297985
7298062
7298139
7298581
7298590
7298656
7298662
7298674
7298683
7298749
7298755
7299031
7299091
7299127
7299144
7299303
7299552
7299602
7299804
7299869
7299896
7300024
7300193
7300362
7300683
7301044
7301211
7302280
7302665
7302832
7304165
7304521
7304541
7304581
7304621
7306038
7306136
7306251
7306301
7306964
7307343
7307667
7307984
7308193
7308441
7309039
7309063
7309082
7309115
7309141
7309179
7309334
7309374
7309922
7309973
7310025
7310076
7310261
7310319
7310536
7310631
7310854
7311176
7311255
7311599
7311657
7311874
7311969
7312192
7312515
7312594
7312914
7313288
7313456
7313531
7313606
7313674
7313924
7314563
7315085
7315231
7315339
7315434
7315672
7315683
7315714
7315887
7315930
7316701
7316949
7317126
7317221
7317440
7317659
7318244
7318516
7318589
7318633
7318791
7318839
7318980
7319136
7319176
7319217
7319257
7319298
7319338
7319379
7319419
7319460
7319500
7319541
7319581
7319622
7319662
7319703
7319743
7319784
7319824
7319865
7319905
7319945
7319983
7319994
7320034
7320072
7320083
7320123
7320134
7320174
7320212
7320254
7320292
7320347
7320392
7320403
7320444
7320489
7320500
7320541
7320586
7320597
7320638
7320683
7320694
7320735
7320780
7320791
7320830
7320847
7320886
7320903
7320942
7320959
7320998
7321015
7321054
7321071
7321083
7321123
7321160
7321172
7321212
7321249
7321262
7321302
7321339
7321352
7321361
7321457
7321553
7321643
7322471
7322665
7322844
7323107
7323149
7323343
7323413
7323586
7323739
7323811
7323817
7323840
7323846
7323866
7324003
7324080
7324177
7324193
7324224
7324249
7324274
7324381
7324497
7324613
7324729
7324845
7324961
7324995
7325020
7325047
7325144
7325160
7325192
7325217
7325244
7325269
7325294
7325321
7325428
7325453
7325480
7325505
7325530
7325557
7325664
7325710
7325756
7325802
7325848
7325885
7325907
7325959
7325981
7326033
7326055
7326107
7326129
7326181
7326203
7326255
7326271
7326340
7326356
7326425
7326441
7326498
7327842
7328665
7328776
7329187
7330555
7330716
7331231
7331278
7331432
7331741
7333217
7333413
7333425
7333906
7334163
7334288
7334396
7334491
7334664
7334915
7335192
7335281
7335649
7335752
7336622
7338455
7338619
7338732
7339120
7339175
7339415
7340378
7340401
7340426
7340449
7340488
7340505
7340535
7340554
7340651
7340809
7340844
7340962
7341062
7341082
7341821
7341900
7341947
7342112
7342120
7342223
7342365
7342385
7342415
7342436
7342477
7342524
7343134
7343193
7343289
7343348
7343793
7343803
7343828
7343866
7343876
7343901
7343924
7344135
7344157
7344197
7344219
7344249
7344953
7345717
7345912
7345922
7345992
7346087
7346181
7346275
7346369
7346463
7346557
7346651
7346745
7346839
7346933
7347027
7347100
7347110
7347122
7347131
7347714
7347731
7347740
7348158
7348198
7348220
7348280
7348719
7348765
7348798
7349428
7349461
7350007
7350196
7350231
7350406
7350519
7350536
7350571
7350600
7350625
7350640
7350750
7350925
7351284
7351644
7352055
7352474
7352513
7352535
7352574
7352596
7352635
7352657
7352696
7352718
7352757
7352779
7352810
7352953
7353023
7353100
7353817
7353849
7354005
7354022
7354031
7355073
7355330
7355909
7356161
7356248
7356483
7356541
7356924
7357046
7357083
7357362
7357617
7357657
7357691
7358183
7358321
7358459
7358597
7358749
7358823
7359083
7359264
7359320
7359386
7359461
7359721
7359901
7359957
7360023
7360098
7360358
7360538
7360594
7360661
7361496
7361534
7361711
7362073
7362253
7362419
7362483
7362558
7362798
7363213
7363236
7363340
7363418
7363573
7363668
7363891
7364059
7364835
7364878
7365058
7365286
7365534
7365836
7365879
7366358
7366375
7366382
7366407
7366423
7366442
7366466
7366773
7366951
7367337
7367417
7367497
7367577
7367657
7367737
7367794
7367874
7367953
7368189
7368437
7368592
7368634
7368652
7368687
7368705
7368740
7368758
7368778
7368813
7368831
7368866
7368884
7368919
7368937
7368972
7368990
7369025
7369043
7369171
7369212
7369250
7369288
7369338
7369388
7369438
7369488
7369538
7369588
7369604
7370644
7370895
7371146
7371397
7371648
7371899
7372150
7372401
7372681
7372762
7372843
7372924
7372978
7373193
7373328
7373456
7374676
7375388
7375923
7376029
7376209
7376425
7376444
7376478
7376489
7376506
7376540
7376551
7376568
7376598
7376625
7376634
7377440
7377623
7377832
7377849
7377876
7377905
7377938
7377954
7377989
7378002
7378247
7378405
7378522
7378901
7378946
7378962
7378990
7379013
7379030
7379082
7379099
7379129
7379155
7379208
7379231
7379247
7379283
7379299
7379335
7379351
7379387
7379403
7379439
7379455
7379491
7379507
7379543
7379559
7379595
7379611
7379699
7379772
7379912
7380340
7380774
7380848
7380922
7380996
7381070
7381144
7381218
7381340
7381375
7381470
7381559
7381594
7381683
7381812
7381832
7382089
7382172
7382256
7382359
7382445
7382532
7382540
7382598
7382641
7382699
7382807
7382846
7383288
7383791
7384207
7384311
7384344
7384409
7384448
7384513
7384550
7385454
7385476
7385501
7385526
7385551
7385576
7385601
7385626
7385651
7385676
7385701
7385726
7385751
7385776
7385801
7385826
7385851
7385876
7385901
7385910
7387069
7387093
7387117
7387141
7387165
7387189
7387213
7387237
7387261
7387275
7387339
7387403
7387467
7387531
7387595
7387659
7387723
7387787
7388209
7388289
7388563
7388623
7388683
7388843
7388854
7389035
7389080
7389105
7389150
7389160
7389177
7389222
7389247
7389292
7389302
7389319
7389364
7389389
7389434
7389444
7389461
7389506
7389531
7389576
7389586
7389603
7389648
7389673
7389718
7389728
7389745
7389790
7389815
7389860
7389870
7389887
7389932
7389957
7390002
7390012
7390029
7390074
7390099
7390144
7390154
7390171
7390216
7390241
7390286
7390296
7390313
7390358
7390383
7390428
7390438
7390455
7390500
7390525
7390570
7390580
7390597
7390644
7391146
7391307
7391468
7391629
7391790
7391951
7392112
7392270
7392431
7392592
7392753
7392914
7393075
7393236
7393397
7393558
7393719
7393880
7394041
7394202
7394363
7394524
7394686
7394847
7395008
7395169
7395331
7395492
7395654
7395815
7395976
7396137
7396298
7396459
7396621
7396782
7396943
7397108
7397269
7397704
7397830
7397956
7398082
7398208
7398334
7398460
7398586
7398712
7398838
7398964
7399090
7399216
7399361
7399506
7399651
7399796
7399941
7400086
7400231
7400376
7400516
7400720
7400744
7401196
7401225
7401661
7401670
7401705
7401714
7401725
7401734
7401796
7401802
7401809
7401864
7401873
7401893
7401899
7401911
7401995
7402013
7402042
7402117
7402141
7402159
7402187
7402212
7402269
7402320
7402345
7402396
7402421
7402478
7402529
7402554
7402606
7402631
7402682
7402707
7402758
7402783
7402834
7402859
7402910
7402935
7402986
7403011
7403062
7403087
7403138
7403163
7403214
7403239
7403290
7403315
7403366
7403391
7403442
7403467
7403518
7403543
7403594
7403619
7403670
7403695
7403746
7403771
7403822
7403847
7403904
7403955
7403980
7404033
7404058
7404109
7404134
7404185
7404210
7404261
7404286
7404337
7404362
7404413
7404438
7404489
7404514
7404565
7404590
7404647
7404698
7404723
7404774
7404799
7404850
7404875
7404926
7404951
7405002
7405027
7405078
7405103
7405144
7405400
7405553
7405652
7405740
7405907
7406074
7406241
7406408
7406575
7406742
7406909
7407076
7407243
7407410
7407577
7407744
7407911
7408078
7408245
7408413
7408613
7408785
7408957
7409093
7409246
7409382
7409518
7409654
7409790
7409926
7410062
7410198
7410334
7410470
7410606
7410742
7410878
7411014
7411150
7411286
7411488
7411651
7411672
7411709
7411730
7411767
7411788
7411821
7411864
7411893
7411914
7411967
7411994
7412033
7412042
7412818
7413153
7413181
7413696
7415065
7415392
7415639
7415657
7416469
7416808
7417214
7417434
7417953
7417994
7418010
7418058
7418064
7418080
7418121
7418602
7418621
7418675
7418694
7418772
7418791
7418869
7418888
7418898
7418956
7419178
7419522
7419625
7419789
7420246
7420270
7420279
7420319
7421078
7421085
7421094
7421803
7421817
7422302
7422312
7422336
7422345
7422900
7422996
7423359
7423436
7423722
7423754
7423801
7423833
7423881
7423913
7423960
7423992
7424039
7424071
7424108
7424180
7424257
7424329
7424401
7424473
7424545
7424936
7424961
7424970
7425006
7425031
7425068
7425078
7425089
7425098
7425950
7426230
7426384
7426515
7426627
7426651
7426660
7427100
7427126
7427135
7427496
7427574
7427599
7427649
7427658
7427693
7427702
7427713
7427722
7427784
7427790
7427797
7427815
7427841
7427867
7427887
7427923
7427946
7427962
7427983
7428099
7428488
7428498
7428507
7429777
7429815
7429862
7429872
7429883
7429892
7430041
7430069
7430076
7430124
7430134
7430146
7430194
7430204
7430216
7430264
7430274
7430286
7430336
7430859
7431027
7431285
7431309
7431358
7431386
7431406
7431452
7431470
7431547
7431622
7431702
7431726
7431775
7431799
7431848
7431872
7431911
7432082
7432301
7432327
7432335
7432351
7432377
7432429
7432455
7432507
7432533
7432585
7432611
7432663
7432689
7432741
7432772
7432826
7432857
7432911
7432942
7432996
7433027
7433081
7433112
7433156
7433250
7433344
7433438
7433713
7433988
7434090
7434192
7434294
7434577
7434860
7434996
7435132
7435268
7435541
7435841
7435917
7436224
7436269
7436316
7436361
7436370
7436928
7436962
7437094
7437139
7437186
7437231
7437240
7437693
7437810
7437827
7437874
7437891
7437938
7437955
7437964
7438291
7438461
7438630
7438897
7438914
7438961
7438979
7438988
7439206
7439375
7439583
7439592
7439601
7439617
7439634
7439643
7439654
7439663
7439725
7439731
7439738
7439768
7439798
7439807
7439816
7439851
7439860
7439871
7439880
7439940
7439946
7439953
7439983
7440015
7440043
7440190
7440218
7440246
7440266
7440312
7440332
7440378
7440604
7441209
7441234
7441250
7441273
7441286
7441374
7441546
7441559
7441798
7441811
7441905
7442228
7442257
7442286
7442315
7442344
7442363
7442385
7442413
7442435
7442457
7442485
7443016
7443086
7443163
7443833
7444504
7444532
7444561
7444590
7444619
7445091
7445168
7445245
7445994
7447253
7447276
7447324
7447347
7447395
7447418
7447466
7447489
7447537
7447560
7447569
7448747
7448798
7448845
7448896
7448943
7448994
7449041
7449092
7449139
7449190
7449237
7449288
7449297
7450519
7450559
7450581
7450630
7450652
7450701
7450723
7450772
7450794
7450843
7450865
7450904
7451170
7451317
7451464
7451611
7451768
7451796
7451824
7451852
7451880
7451908
7451926
7451975
7452024
7452073
7452122
7452171
7452596
7452685
7452774
7452819
7452898
7452909
7452921
7452968
7452979
7452991
7453038
7453049
7453061
7453107
7453123
7453132
7453955
7454096
7454237
7454505
7454530
7454539
7454981
7455151
7455161
7455177
7455186
7455378
7455403
7455463
7455489
7455537
7455563
7455583
7455609
7455686
7455787
7456194
7456204
7456240
7456250
7456282
7456318
7456328
7456347
7456659
7457097
7457168
7457511
7457633
7457910
7457974
7458235
7458546
7458572
7458607
7458631
7458665
7458693
7458729
7458749
7459117
7459127
7459146
7459166
7459400
7459410
7459427
7459462
7459472
7459489
7459498
7460137
7460304
7460385
7460559
7460577
7460618
7460636
7460883
7460893
7460917
7460926
7461306
7461312
7461422
7461446
7461774
7462027
7462342
7462787
7465880
7465893
7466140
7466155
7466167
7466181
7466245
7466269
7466343
7466367
7466383
7466392
7466438
7466723
7467076
7467101
7467126
7467150
7467507
7467531
7467563
7467586
7467618
7467641
7467673
7467722
7467745
7467777
7467800
7468004
7468739
7468763
7468795
7468823
7468829
7469013
7469042
7469705
7469736
7469769
7469800
7469833
7469859
7469893
7469903
7469914
7469951
7469961
7469972
7469981
7471242
7471281
7471417
7471427
7471460
7471486
7471521
7471531
7471538
7471547
7472472
7472523
7472545
7472686
7472739
7472782
7472835
7472878
7472931
7472974
7473027
7473070
7473123
7473166
7473219
7473262
7473315
7473358
7473411
7473454
7473507
7473550
7473604
7473647
7473700
7473743
7473796
7473839
7473892
7473935
7473988
7474031
7474084
7474127
7474180
7474223
7474276
7474319
7474372
7474404
7474433
7474444
7474457
7474486
7474496
7474509
7474538
7474549
7474562
7474591
7474601
7474614
7474643
7474654
7474667
7474696
7474707
7474720
7474749
7474760
7474773
7474802
7474812
7474825
7474854
7474864
7474877
7474906
7474916
7474976
7474986
7475046
7475186
7475521
7475646
7475759
7481213
7481786
7481810
7482943
7482974
7483007
7483038
7483071
7483096
7483102
7483388
7484016
7484040
7484073
7484098
7484104
7484773
7484804
7484810
7485108
7485722
7485746
7485779
7485803
7485809
7486529
7486553
7486586
7486610
7486616
7486819
7487427
7487437
7487479
7487503
7487518
7487702
7488248
7488296
7488314
7488350
7488368
7488404
7488422
7488458
7488476
7488512
7488530
7488563
7488589
7488595
7488763
7488931
7489099
7489267
7489435
7489657
7489680
7489712
7489735
7489767
7489790
7489822
7489845
7489877
7489900
7489906
7490893
7490951
7490993
7491279
7491453
7492017
7492127
7492157
7492166
7492175
7492208
7492217
7492228
7492237
7492299
7492305
7492312
7492682
7492705
7492728
7492756
7492782
7492802
7492837
7492863
7492889
7492951
7492971
7492999
7493029
7493065
7493085
7493103
7493296
7493899
7494763
7495461
7496165
7496863
7497567
7498265
7498969
7499667
7500371
7501069
7501773
7502196
7502334
7502357
7502383
7502406
7502432
7502458
7502478
7502516
7502539
7502562
7502585
7502608
7502631
7502654
7502677
7502699
7502738
7502751
7503030
7503056
7503079
7503101
7503138
7503158
7503194
7503214
7503250
7503270
7503306
7503326
7503362
7503382
7503424
7503450
7503488
7503526
7503564
7503612
7503635
7503658
7503680
7503716
7503738
7503764
7503795
7503823
7503851
7503879
7503922
7503965
7504008
7504061
7504084
7504097
7504132
7504150
7504186
7504204
7504240
7504258
7504294
7504312
7504338
7504363
7504418
7504473
7504528
7504593
7504616
7504639
7504662
7504685
7504717
7504764
7504796
7504843
7504875
7504922
7504954
7505001
7505033
7505080
7505112
7505149
7505183
7505257
7505331
7505405
7505479
7505553
7505637
7505657
7505692
7505712
7505747
7505767
7505802
7505822
7505857
7505877
7505902
7505940
7505978
7506016
7506026
7506081
7506335
7506363
7506398
7506593
7506681
7506708
7506717
7507081
7507203
7507247
7507294
7507338
7507385
7507430
7507477
7507521
7507568
7507592
7507640
7507664
7507711
7507735
7507782
7507806
7507815
7509254
7509973
7510531
7510569
7510578
7511216
7511268
7511293
7511331
7511347
7511403
7511418
7511851
7511861
7511872
7511881
7512051
7512136
7512535
7512560
7512608
7512633
7512681
7512706
7512754
7512779
7512820
7513076
7513244
7513412
7513580
7513851
7513861
7513875
7513922
7513932
7513946
7513993
7514003
7514017
7514064
7514074
7514088
7514135
7514145
7514159
7514206
7514216
7514231
7514278
7514288
7514303
7514350
7514360
7514374
7514421
7514431
7514478
7514754
7514781
7514828
7514855
7514902
7514949
7514976
7515023
7515050
7515097
7515124
7515171
7515198
7515245
7515255
7515302
7515330
7515377
7515407
7515454
7515464
7515511
7515538
7515583
7515712
7515841
7515970
7516099
7516228
7516357
7516486
7516615
7516744
7516873
7517002
7517261
7517283
7517324
7517442
7517462
7517511
7517531
7517580
7517600
7517649
7517669
7517709
7517738
7517767
7517796
7517835
7517855
7517903
7517923
7517971
7517991
7518039
7518059
7518107
7518127
7518176
7518196
7518244
7518264
7518312
7518332
7518386
7518424
7518553
7518682
7518811
7518963
7518996
7519029
7519158
7519287
7519416
7519449
7519482
7519525
7519545
7519593
7519613
7519661
7519681
7519729
7519749
7519797
7519817
7519865
7519885
7519933
7519953
7520001
7520021
7520069
7520089
7520137
7520157
7520205
7520225
7520279
7520317
7520346
7520375
7520404
7520433
7520462
7520491
7520520
7520549
7520578
7520607
7520636
7521163
7521528
7521842
7523517
7523805
7524155
7524443
7524833
7524859
7524909
7524934
7524950
7524976
7525039
7525065
7525118
7525144
7525197
7525223
7525277
7525303
7525357
7525393
7525433
7525463
7525522
7525552
7525713
7525867
7526245
7526399
7526777
7526931
7527085
7527463
7528473
7528515
7528561
7528603
7528649
7528691
7528737
7528779
7528825
7528868
7528914
7528993
7529035
7529081
7529123
7529169
7529211
7529257
7529300
7529346
7529425
7529468
7529514
7529556
7529602
7529645
7529691
7529733
7529779
7529821
7529867
7529909
7529955
7529997
7530043
7530085
7530131
7530141
7530187
7530229
7530275
7530317
7530363
7530405
7530414
7530456
7530502
7530544
7530590
7530632
7530678
7530688
7530734
7530744
7530790
7530832
7530878
7530920
7530966
7531045
7531055
7531101
7531143
7531152
7531194
7531240
7531249
7537821
7537831
7537865
7537909
7537919
7537963
7538007
7538017
7538051
7538095
7538105
7538139
7538183
7538193
7538227
7538271
7538281
7538315
7538359
7538369
7538403
7538447
7538457
7538491
7538535
7538545
7538579
7538623
7538633
7538667
7538711
7538721
7538755
7538799
7538809
7538843
7538887
7538897
7538931
7538975
7538985
7539019
7539063
7539073
7539107
7539173
7539183
7539218
7539284
7539294
7539328
7539394
7539404
7539438
7539504
7539514
7539548
7539614
7539624
7539658
7539724
7539734
7539768
7539834
7539879
7539889
7539923
7539989
7539999
7540033
7540099
7540109
7540143
7540209
7540219
7540253
7540319
7540329
7540363
7540429
7540439
7540473
7540539
7540549
7540584
7540628
7540638
7540672
7540716
7540727
7540761
7540805
7540815
7540849
7540893
7540904
7540938
7540982
7540992
7541026
7541070
7541081
7541116
7541160
7541205
7541251
7541317
7541362
7541408
7541474
7541520
7541586
7541631
7541677
7541743
7541789
7541855
7541901
7541967
7542013
7542057
7542103
7542147
7542157
7542201
7542247
7542291
7542337
7542381
7542427
7542471
7542518
7542562
7542608
7542617
7542663
7542707
7542766
7542816
7542860
7542910
7542954
7543004
7543040
7543050
7543084
7543094
7547358
7547365
7547390
7547454
7547477
7547522
7547555
7547660
7547683
7547728
7547761
7547865
7547888
7547933
7547966
7548072
7548095
7548140
7548173
7548277
7548300
7548345
7548378
7548482
7548505
7548550
7548583
7548688
7548711
7548756
7548790
7548895
7548918
7548982
7549027
7549060
7549164
7549187
7549228
7549251
7549292
7549320
7549364
7549392
7549436
7549464
7549508
7549536
7549580
7549608
7549652
7549680
7549724
7549752
7549796
7549824
7549868
7549896
7549940
7549968
7550012
7550040
7550084
7550112
7550156
7550184
7550228
7550256
7550300
7550328
7550372
7550400
7550444
7550472
7550517
7550545
7550591
7550620
7550664
7550694
7550738
7550767
7550813
7550843
7550889
7550918
7550965
7550995
7551041
7551069
7551119
7551164
7551193
7551238
7551267
7551311
7551340
7551390
7551434
7551463
7551508
7551538
7551584
7551612
7551656
7551684
7551728
7551757
7551802
7551832
7551878
7551906
7551951
7551979
7552025
7552053
7552097
7552125
7552159
7552332
7552819
7552896
7553075
7553248
7553736
7553915
7554088
7554575
7555062
7555241
7555414
7555901
7556080
7556253
7556740
7557006
7557191
7557364
7557851
7558030
7558203
7558690
7558869
7559042
7559527
7559706
7559879
7560366
7560545
7560718
7561205
7561384
7561557
7562044
7562223
7562396
7562883
7563062
7563235
7563722
7563901
7564074
7564561
7564740
7564913
7565400
7565579
7565847
7566032
7566206
7566689
7566868
7567041
7567526
7567705
7567878
7568360
7568539
7568714
7568893
7569375
7569554
7569727
7570209
7570388
7570563
7570736
7571218
7571397
7571570
7572052
7572231
7572404
7572886
7573065
7573240
7573425
7573598
7574080
7574259
7574432
7574914
7575093
7575275
7575809
7576100
7576282
7576816
7576998
7577533
7577715
7578249
7578431
7578965
7579147
7579681
7579863
7580397
7580579
7580761
7581354
7581536
7582070
7582252
7582786
7582968
7583503
7583685
7584220
7584402
7584947
7585008
7585090
7585151
7585233
7585294
7585376
7585437
7585519
7585580
7585662
7585739
7585822
7585883
7585971
7586053
7586141
7586223
7586284
7586356
7586433
7586521
7586609
7586687
7586769
7586851
7586912
7586984
7587045
7587127
7587209
7587286
7587369
7587430
7587512
7587573
7587655
7587716
7587798
7587869
7587930
7588018
7588101
7588163
7588224
7588306
7588367
7588449
7588510
7588592
7588653
7588735
7588796
7588878
7588939
7589021
7589098
7589180
7589241
7589323
7589384
7589466
7589527
7589609
7589670
7589752
7589813
7589895
7589956
7590038
7590099
7590181
7590292
7590353
7590435
7590496
7590578
7590639
7590721
7590782
7590864
7590925
7591007
7591068
7591150
7591211
7591294
7591355
7591438
7591499
7591581
7591642
7591724
7591785
7591867
7591928
7592011
7592072
7592154
7592215
7592297
7592358
7592440
7592501
7592584
7592645
7592728
7592789
7592871
7592932
7593014
7593075
7593157
7593218
7593300
7593320
7593357
7593377
7593405
7593637
7593921
7594153
7594438
7594722
7595006
7595318
7595613
7595908
7596203
7596498
7596793
7597088
7597383
7597678
7597973
7598273
7598568
7598863
7599158
7599453
7599737
7600021
7600305
7600589
7600873
7601157
7601441
7601725
7602009
7602293
7602577
7602861
7603145
7603457
7603741
7604025
7604309
7604604
7604899
7605194
7605492
7605787
7606082
7606377
7606672
7606967
7607262
7607557
7607852
7608147
7608442
7608726
7609010
7609294
7609578
7609862
7610146
7610430
7610714
7610998
7611282
7611582
7611655
7611665
7611720
7611730
7611786
7611796
7611807
7611855
7611865
7611876
7611923
7611933
7611944
7611991
7612001
7612012
7612059
7612069
7612080
7612089
7612149
7612322
7612495
7612668
7612841
7613014
7613187
7613360
7613531
7613702
7613873
7614044
7614215
7614386
7614681
7614705
7614725
7614770
7614790
7614835
7614855
7614900
7614920
7614965
7614985
7615030
7615050
7615095
7615115
7615150
7615202
7615236
7615288
7615340
7615392
7615444
7615496
7615963
7615980
7616027
7616070
7616079
7616681
7616707
7616875
7616895
7616939
7616959
7616985
7617237
7617286
7617359
7617407
7617445
7617673
7617698
7617717
7617757
7618001
7618011
7618048
7618059
7618096
7618107
7618144
7618187
7618229
7618271
7618314
7618357
7618400
7618443
7618486
7618529
7618571
7618614
7618656
7618699
7618742
7618785
7618828
7618871
7618914
7618956
7618999
7619042
7619062
7619088
7619108
7619134
7619154
7619180
7619200
7619226
7619246
7619272
7619292
7619318
7619337
7619363
7619383
7619409
7619428
7619454
7619473
7619482
7619502
7619528
7619548
7619574
7619593
7619602
7619621
7619647
7619666
7619691
7619735
7619779
7619823
7619867
7619911
7619955
7619999
7620021
7620046
7620068
7620093
7620115
7620140
7620162
7620187
7620209
7620234
7620256
7620281
7620303
7620328
7620350
7620375
7620397
7620440
7620462
7620487
7620509
7620534
7620556
7620581
7620603
7620628
7620650
7620675
7620697
7620722
7620744
7620769
7620791
7620816
7620839
7620864
7620886
7620911
7620933
7620958
7620980
7621005
7621027
7621052
7621074
7621099
7621121
7621146
7621168
7621194
7621204
7621221
7621247
7621257
7621274
7621300
7621310
7621342
7621368
7621393
7621419
7621444
7621470
7621495
7621521
7621546
7621572
7621597
7621623
7621633
7621659
7621684
7621710
7621735
7621761
7621786
7621812
7621837
7621863
7621888
7621914
7621939
7621965
7621990
7622016
7622058
7622083
7622109
7622134
7622160
7622185
7622211
7622236
7622262
7622287
7622313
7622338
7622364
7622389
7622415
7622440
7622466
7622491
7622517
7622542
7622568
7622593
7622619
7622644
7622670
7622695
7622721
7622746
7622772
7622797
7622823
7622848
7622874
7622899
7622925
7622950
7622976
7623001
7623027
7623052
7623078
7623103
7623129
7623154
7623180
7623205
7623231
7623256
7623282
7623307
7623333
7623358
7623384
7623409
7623435
7623460
7623486
7623511
7623537
7623562
7623588
7623613
7623639
7623664
7623690
7623715
7623741
7623766
7623792
7623817
7623843
7623868
7623894
7623919
7623945
7623970
7623996
7624021
7624047
7624072
7624098
7624123
7624149
7624174
7624200
7624225
7624251
7624277
7624303
7624328
7624354
7624379
7624405
7624431
7624457
7624482
7624508
7624534
7624560
7624585
7624611
7624636
7624662
7624687
7624713
7624738
7624764
7624789
7624815
7624840
7624866
7624892
7624918
7624943
7624969
7624994
7625020
7625045
7625071
7625096
7625122
7625147
7625173
7625198
7625224
7625249
7625275
7625300
7625326
7625352
7625378
7625403
7625429
7625454
7625480
7625505
7625531
7625556
7625582
7625608
7625634
7625659
7625685
7625711
7625737
7625762
7625788
7625813
7625839
7625865
7625891
7625916
7625942
7625967
7625993
7626018
7626044
7626069
7626095
7626120
7626146
7626171
7626223
7626503
7626785
7627067
7627246
7627425
7627604
7627783
7627962
7628141
7628320
7628499
7628678
7628857
7629036
7629215
7629394
7629573
7629752
7629931
7630110
7630289
7630468
7630647
7630826
7631005
7631184
7631363
7631542
7631572
7631751
7631930
7632109
7632136
7632315
7632494
7632673
7632704
7632883
7633062
7633241
7633271
7633450
7633629
7633808
7633842
7634021
7634200
7634238
7634417
7634596
7634775
7634817
7634996
7635175
7635354
7635393
7635572
7635751
7635794
7635973
7636152
7636331
7636373
7636553
7636732
7636911
7636957
7637136
7637315
7637494
7637537
7637716
7637895
7638074
7638173
7638352
7638531
7638710
7638756
7638935
7639114
7639293
7639398
7639577
7639756
7639936
7640013
7640192
7640371
7640550
7640661
7640840
7641019
7641198
7641288
7641338
7642465
7642494
7642520
7642548
7642574
7642602
7642628
7642656
7642682
7642710
7642736
7642765
7642791
7642819
7642845
7642873
7642899
7642927
7642953
7642981
7643007
7643035
7643061
7643089
7643115
7643143
7643169
7643197
7643223
7643251
7643277
7643305
7643331
7643359
7643385
7643413
7643439
7643467
7643493
7643521
7643547
7643575
7643601
7643629
7643655
7643683
7643709
7643737
7643763
7643791
7643817
7643845
7643871
7643899
7643925
7643953
7643979
7644007
7644033
7644061
7644087
7644115
7644141
7644169
7644195
7644223
7644249
7644277
7644303
7644331
7644357
7644385
7644411
7644439
7644465
7644493
7644519
7644547
7644573
7644601
7644627
7644655
7644681
7644709
7644735
7644763
7644789
7644817
7644843
7644871
7644897
7644925
7644951
7644979
7645005
7645033
7645059
7645087
7645113
7645141
7645167
7645195
7645221
7645249
7645275
7645303
7645329
7645357
7645383
7645411
7645437
7645465
7645491
7645519
7645545
7645573
7645599
7645627
7645650
7645673
7645696
7645719
7645742
7645765
7645788
7645811
7645834
7645857
7645880
7645903
7645926
7645949
7645972
7645995
7646018
7646041
7646064
7646087
7646110
7646133
7646156
7646179
7646202
7646225
7646248
7646271
7646294
7646317
7646340
7646363
7646392
7646427
7646456
7646491
7646520
7646555
7646584
7646617
7646646
7646679
7646708
7646741
7646770
7646803
7646832
7646865
7646894
7646927
7646956
7646989
7647018
7647051
7647080
7647113
7647142
7647176
7647205
7647238
7647267
7647300
7647329
7647362
7647391
7647424
7647453
7647486
7647515
7647548
7647577
7647610
7647639
7647672
7647701
7647734
7647763
7647796
7647825
7647858
7647887
7647920
7647949
7647982
7648011
7648044
7648073
7648106
7648135
7648168
7648197
7648230
7648259
7648292
7648321
7648354
7648383
7648416
7648445
7648478
7648507
7648540
7648569
7648602
7648631
7648664
7648693
7648726
7648755
7648788
7648817
7648850
7648879
7648912
7648941
7648974
7649003
7649036
7649065
7649098
7649127
7649160
7649189
7649222
7649251
7649284
7649313
7649346
7649375
7649408
7649437
7649470
7649499
7649532
7649561
7649594
7649623
7649656
7649685
7649718
7649747
7649780
7649809
7649842
7649871
7649914
7649943
7649976
7650005
7650038
7650067
7650100
7650129
7650162
7650191
7650215
7650290
7650474
7650658
7650843
7651027
7651211
7651395
7651579
7651763
7651947
7652131
7652315
7652499
7652683
7652867
7653051
7653235
7653419
7653603
7653787
7653971
7654155
7654339
7654523
7654707
7654891
7655075
7655269
7655463
7655658
7655852
7656047
7656241
7656436
7656630
7656825
7657019
7657214
7657408
7657589
7657773
7657957
7658141
7658325
7658509
7658693
7658887
7659071
7659265
7659449
7659633
7659817
7660001
7660185
7660369
7660553
7660737
7660921
7661105
7661296
7661490
7661684
7661879
7662074
7662258
7662442
7662626
7662810
7662994
7663178
7663362
7663546
7663730
7663914
7664098
7664428
7664503
7664573
7664903
7665235
7665559
7665883
7666208
7666532
7666856
7667180
7667504
7667828
7668152
7668476
7668807
7669131
7669458
7669782
7670106
7670430
7670754
7671078
7671402
7671726
7672052
7672376
7672700
7673024
7673348
7673672
7673996
7674320
7674645
7674969
7675294
7675618
7675942
7676266
7676590
7676914
7677240
7677564
7677888
7678212
7678536
7678860
7679184
7679508
7679832
7680163
7680487
7680811
7681135
7681459
7681783
7682107
7682431
7682755
7683095
7683421
7683752
7684078
7684402
7684726
7685050
7685374
7685698
7686022
7686346
7691157
7691180
7691218
7691233
7691329
7691530
7691541
7691635
7691720
7691726
7691839
7692175
7692259
7692443
7692533
7692540
7692546
7692674
7692683
7693244
7693280
7693316
7693518
7693730
7693818
7693915
7694411
7694734
7694898
7694905
7694940
7695376
7695513
7695972
7696003
7696080
7696159
7696173
7696580
7696690
7696760
7697287
7697432
7697688
7697741
7697780
7697790
7697830
7698114
7698252
7698314
7698366
7698749
7698903
7699063
7699575
7699582
7699802
7700015
7700084
7700093
7700169
7700244
7704329
7704350
7704390
7705573
7706756
7708897
7711028
7713158
7715288
7715319
7715788
7715982
7716158
7716203
7716250
7716273
7716320
7716343
7716390
7716413
7716460
7716483
7716530
7716553
7716600
7716624
7716671
7716694
7716741
7716765
7716812
7716835
7716882
7716905
7716952
7716975
7716984
7717004
7717049
7717069
7717114
7717134
7717752
7717790
7717809
7718028
7718038
7718069
7718079
7718110
7718120
7718151
7718161
7718192
7718202
7718233
7718243
7718274
7718284
7718382
7718519
7718545
7718570
7718614
7718639
7718683
7718708
7718752
7718777
7718821
7718846
7718890
7718915
7718959
7718984
7720267
7721404
7722325
7723278
7723349
7723732
7724132
7724144
7724150
7724556
7724632
7724688
7724756
7724793
7724916
7725024
7725152
7725434
7725470
7725507
7725575
7725619
7725964
7726331
7726337
7726361
7726426
7726441
7726486
7726492
7726536
7726551
7726641
7726736
7727007
7727087
7727212
7727435
7727471
7728333
7728696
7729335
7729413
7729429
7729436
7729465
7729476
7729488
7729517
7729528
7729540
7729569
7729580
7729592
7729602
7729750
7729833
7729873
7729883
7729933
7729973
7729983
7730043
7730083
7730093
7730133
7730144
7730184
7730194
7730234
7730244
7730284
7730295
7730335
7730346
7730386
7730396
7730590
7730918
7731259
7731600
7731941
7732196
7732451
7732793
7733134
7733476
7733731
7733986
7734259
7734397
7734421
7734481
7734504
7734518
7734641
7735123
7735497
7735595
7735797
7735815
7735847
7735863
7735890
7735905
7735943
7736119
7737077
7737133
7737251
7737283
7737798
7737828
7737893
7738251
7738258
7738265
7738272
7738279
7738286
7738729
7738944
7739037
7739077
7739249
7739542
7739684
7739786
7739831
7739888
7740027
7740043
7740058
7740070
7740076
7740088
7740112
7740229
7740524
7740607
7740792
7740827
7740846
7741259
7741566
7741886
7741994
7742536
7742750
7742763
7742805
7743000
7743006
7743079
7743135
7743141
7743154
7743190
7743226
7743257
7743293
7743417
7743527
7743622
7743841
7743972
7744067
7744286
7744417
7744525
7744610
7744861
7745464
7745534
7745834
7745947
7745954
7745961
7745968
7745975
7745982
7745989
7745996
7746003
7746010
7746017
7746024
7746031
7746038
7746045
7746052
7746059
7746066
7746073
7746080
7746087
7746094
7746101
7746108
7746115
7746157
7746220
7746227
7746361
7746418
7746611
7746784
7747373
7747380
7747649
7747673
7747738
7747802
7747856
7747880
7747945
7748054
7748088
7748153
7750052
7750496
7750512
7750689
7750935
7751066
7751161
7751244
7751272
7751281
7751287
7751293
7751300
7751746
7751925
7752005
7752239
7752542
7752567
7752609
7752697
7752749
7752761
7752940
7752976
7753008
7753039
7753266
7754577
7754891
7754923
7755260
7755462
7755494
7755525
7755559
7755896
7755928
7755952
7755995
7756090
7756465
7756510
7756653
7756689
7756784
7757003
7757068
7757274
7757405
7757869
7757901
7758032
7758140
7758235
7758454
7758490
7758512
7758723
7758831
7759047
7759084
7759472
7759550
7759632
7759704
7759770
7759921
7760080
7762245
7762652
7763001
7763025
7764201
7764217
7764347
7764421
7764587
7764659
7764766
7764822
7764877
7764997
7765145
7765290
7765371
7765411
7766362
7766374
7766516
7766667
7767235
7767794
7767871
7767891
7767914
7767949
7767972
7767984
7768019
7768133
7768140
7768161
7768271
7768295
7768340
7768452
7768495
7768660
7768684
7768737
7768923
7768959
7768995
7769185
7769475
7769489
7769522
7769555
7769856
7769892
7770131
7770137
7770161
7770187
7770202
7770218
7770250
7770282
7770470
7770509
7770812
7770857
7770866
7770872
7770883
7770908
7770916
7771092
7771129
7771165
7771550
7771645
7771753
7772211
7772282
7772300
7772333
7772369
7772480
7772588
7772624
7772656
7772751
7772970
7773094
7773478
7773586
7773814
7773844
7773856
7773862
7773882
7773912
7773958
7773964
7774012
7774042
7774090
7774096
7774126
7774132
7774156
7774219
7774386
7774494
7774589
7774808
7774969
7775006
7775039
7775147
7775242
7775461
7775589
7775697
7775792
7776182
7776219
7776343
7776451
7776546
7777173
7777179
7777185
7777204
7777210
7777232
7777257
7777270
7777276
7777389
7777396
7777402
7777425
7777431
7777438
7777453
7777532
7777579
7777626
7777649
7777674
7777699
7777719
7777753
7777923
7777954
7777981
7778016
7778045
7778080
7778112
7778146
7778180
7778211
7778240
7778275
7778306
7778337
7778357
7778387
7778422
7778442
7778474
7778512
7778543
7779923
7779931
7779939
7779947
7779955
7779963
7779971
7779979
7780001
7780015
7780027
7780061
7780085
7780116
7780123
7780156
7780189
7780196
7780203
7780343
7780515
7780527
7780817
7781335
7781375
7781558
7781690
7781877
7781889
7781998
7782105
7782332
7782338
7782344
7782366
7782576
7782603
7782619
7782649
7782802
7783112
7783379
7784181
7784306
7784472
7784479
7784486
7784493
7784534
7784575
7784582
7785215
7785222
7785229
7785236
7785243
7785314
7785321
7785499
7785544
7785590
7785636
7785762
7786018
7786143
7786150
7786872
7786902
7786914
7786939
7787095
7787102
7787125
7787132
7787139
7787146
7787153
7787160
7787167
7787174
7787181
7787188
7787195
7787202
7787209
7787216
7787223
7787230
7787237
7787244
7787377
7787817
7787824
7787998
7788059
7788975
7789376
7789441
7789556
7789621
7789669
7789750
7789815
7789924
7789948
7790000
7790044
7790121
7790186
7790305
7790332
7790397
7790459
7790534
7790605
7790670
7790820
7790850
7790915
7791026
7791050
7791115
7791182
7791254
7791284
7791349
7791368
7791461
7791744
7791775
7791840
7791859
7792078
7792310
7792341
7792406
7792462
7792534
7792564
7792629
7792648
7792849
7792869
7792934
7793049
7793114
7793223
7793291
7793356
7793471
7793536
7793650
7793674
7793739
7793842
7793866
7793931
7794046
7794111
7794226
7794291
7794406
7794471
7794532
7794603
7794660
7794725
7794830
7794854
7794919
7795022
7795113
7795166
7795237
7795294
7795359
7795414
7795477
7796443
7796514
7796520
7796575
7796639
7796780
7797318
7797324
7797330
7797603
7797836
7797843
7797869
7797875
7797949
7797984
7798086
7798541
7798596
7798602
7798893
7799123
7799205
7799276
7799479
7799798
7799804
7799927
7799933
7800112
7800204
7800210
7800234
7800299
7800314
7800422
7800797
7800819
7800870
7801090
7801132
7801307
7801577
7801839
7801914
7802347
7802926
7802998
7803307
7803461
7803556
7803712
7804178
7804276
7804884
7804890
7804896
7804902
7804908
7805093
7805256
7805279
7805330
7805716
7805777
7805813
7806139
7806417
7806568
7806942
7807129
7807376
7807479
7807500
7807863
7807922
7808015
7808388
7808564
7808727
7808770
7808976
7809041
7809084
7809171
7809349
7809389
7809476
7809554
7809800
7809806
7809995
7810039
7810126
7810158
7810225
7810234
7810301
7810336
7810374
7810407
7810413
7810419
7810428
7810434
7810443
7810460
7810684
7810722
7810766
7810798
7810964
7811158
7811599
7812172
7812178
7812225
7812270
7812323
7812376
7812390
7812432
7812924
7813066
7813072
7813078
7813093
7813099
7813108
7815201
7815238
7815251
7815324
7815361
7815546
7815765
7815998
7816030
7816329
7816463
7816571
7816666
7816885
7816961
7817000
7817006
7817156
7817251
7817592
7817742
7817850
7817945
7818164
7818195
7818226
7818426
7818458
7818634
7818686
7818719
7818911
7819086
7819288
7819328
7819685
7819949
7819966
7820137
7820313
7820329
7820351
7820527
7820554
7821394
7821590
7821646
7821759
7821867
7821962
7822214
7822309
7822531
7822582
7822690
7822727
7822764
7822892
7823000
7823095
7823314
7823350
7823386
7823422
7823454
7823486
7823619
7823727
7823822
7824041
7825083
7825395
7825503
7825598
7825817
7825976
7826050
7826122
7826321
7826895
7826901
7826925
7826931
7826946
7826962
7827136
7827231
7827450
7827580
7827792
7827861
7828157
7828287
7828705
7828925
7828949
7829050
7829086
7829171
7829459
7829500
7829608
7829676
7829820
7829928
7830023
7830312
7830318
7830342
7830368
7830399
7830531
7830566
7830599
7830707
7830802
7831021
7831053
7831089
7831129
7831191
7831410
7831539
7831647
7831763
7831871
7831916
7832012
7832153
7832230
7832402
7832470
7832494
7832589
7832834
7832901
7832938
7833056
7833151
7833188
7833439
7833475
7833518
7833525
7833785
7833827
7833935
7834005
7834344
7834351
7834358
7834365
7834372
7834379
7834560
7834590
7834615
7834654
7834716
7834741
7834782
7834808
7835241
7835248
7835255
7835575
7835963
7836044
7836109
7836173
7836353
7836448
7836694
7836850
7837063
7837128
7837177
7837258
7837323
7837473
7837500
7837565
7837674
7837742
7837807
7837850
7837910
7837940
7837999
7838018
7838109
7838175
7838209
7838274
7838349
7838421
7838451
7838516
7838631
7838696
7838745
7838818
7838881
7838945
7839219
7839294
7839358
7839423
7839542
7839562
7839627
7839675
7839750
7839813
7839878
7839988
7840012
7840077
7840191
7840215
7840280
7840397
7840465
7840530
7840588
7840666
7840771
7840935
7840958
7841023
7841054
7841146
7841176
7841241
7841260
7841315
7841480
7841603
7841630
7841664
7841728
7841920
7842056
7842224
7842373
7842494
7842662
7842869
7842947
7842975
7843040
7843084
7843155
7843199
7843264
7843332
7843398
7843463
7843507
7843591
7843656
7843702
7843774
7843809
7843874
7843990
7844014
7844079
7844131
7844202
7844267
7844320
7844374
7844432
7844497
7844546
7844623
7844688
7844804
7844831
7844896
7845011
7845076
7845192
7845216
7845281
7845329
7845340
7845477
7845637
7845661
7845726
7845850
7845877
7845980
7846051
7846095
7846160
7846281
7846317
7846382
7846431
7846511
7846579
7846644
7846764
7846830
7846943
7847011
7847076
7847126
7847201
7847274
7847339
7847448
7847469
7847534
7847637
7847705
7847770
7847909
7847974
7848035
7848095
7848125
7848190
7848229
7848301
7848331
7848396
7848942
7850508
7850604
7850740
7850865
7851066
7851147
7851154
7851161
7851189
7851196
7851562
7851586
7851651
7851718
7851804
7851869
7851967
7852047
7852120
7852185
7852248
7852320
7852360
7852425
7852470
7852542
7852576
7852641
7852688
7852760
7852793
7852858
7852973
7853000
7853065
7853199
7853229
7853294
7853399
7853423
7853585
7853609
7853674
7853718
7853789
7853833
7853898
7853958
7854030
7854100
7854165
7854184
7854208
7854229
7854249
7854270
7854393
7854474
7854544
7854609
7854719
7854739
7854804
7855182
7855193
7855284
7855387
7856388
7856502
7856539
7856654
7856750
7856820
7856853
7857613
7857856
7858113
7858325
7858445
7858595
7858648
7858667
7858906
7858931
7858996
7859103
7859146
7859342
7859369
7859430
7859528
7859534
7859702
7860136
7860427
7860470
7860510
7860597
7860646
7860653
7860659
7860700
7860706
7860792
7860876
7860919
7860925
7861037
7861129
7861139
7861277
7861308
7861452
7861458
7861537
7861582
7861589
7861668
7861766
7861791
7861806
7861831
7861843
7861897
7861945
7861979
7861990
7862040
7862071
7862324
7862455
7862581
7864048
7864190
7864243
7864296
7866391
7866475
7866680
7866738
7866762
7866945
7867218
7868364
7868537
7868851
7869048
7869238
7869745
7869805
7869820
7869830
7869877
7870119
7870707
7870775
7870923
7870955
7871132
7871731
7871858
7872848
7872866
7873154
7873188
7873284
7873318
7873332
7873353
7873368
7873383
7873451
7873458
7873536
7873803
7874074
7874106
7874133
7874786
7874873
7874925
7874959
7874983
7875015
7875029
7875057
7875094
7875126
7875172
7875244
7875251
7875404
7875432
7875495
7875655
7875692
7875738
7875781
7875787
7875811
7875874
7875921
7876569
7876627
7876866
7876873
7876896
7876903
7876910
7876917
7876924
7876931
7876938
7876945
7876952
7876959
7877010
7877061
7877111
7877254
7877304
7877311
7877318
7877385
7877452
7877803
7877810
7877979
7877986
7877993
7878000
7878007
7878014
7878021
7878028
7878035
7878042
7878109
7878116
7878335
7878342
7878349
7878450
7878457
7878464
7878530
7878656
7878663
7878774
7878781
7878788
7879091
7879098
7879199
7879265
7879406
7879478
7879533
7879598
7879641
7879713
7879743
7879808
7879827
7880493
7880520
7880585
7880710
7880738
7880803
7880916
7880950
7881015
7881058
7881130
7881198
7881263
7881328
7881400
7881430
7881495
7881514
7881733
7881763
7881828
7881889
7881961
7881991
7882056
7882117
7882189
7882218
7882283
7882346
7882418
7882469
7882534
7882600
7882672
7882728
7882793
7882894
7882965
7883013
7883078
7883140
7883212
7883241
7883306
7883349
7883421
7883450
7883515
7883558
7883630
7883660
7883725
7883770
7883842
7883962
7884058
7884130
7884193
7884258
7884302
7884374
7884404
7884469
7884488
7884800
7884824
7884889
7884920
7884959
7885031
7885141
7885206
7885249
7885321
7885430
7885495
7885540
7885612
7885676
7885741
7885785
7885857
7885923
7885988
7886031
7886103
7886133
7886228
7886300
7886330
7886395
7886414
7886577
7886655
7886719
7886738
7886974
7886986
7887058
7887123
7887142
7887387
7887458
7887508
7887573
7887692
7887716
7887781
7887838
7887913
7887991
7888056
7888180
7888212
7888277
7888321
7888399
7888464
7888631
7888703
7888770
7888835
7888878
7888950
7888980
7889045
7889348
7889355
7889414
7889710
7889753
7889985
7889992
7890015
7890022
7890029
7890052
7890059
7890135
7890576
7890661
7890742
7890807
7890928
7890952
7891017
7891073
7891145
7891176
7891241
7891285
7891357
7891387
7891452
7891471
7891619
7891691
7891721
7891786
7891805
7891984
7892056
7892086
7892151
7892170
7892436
7892470
7892535
7892586
7892658
7892715
7892780
7892832
7892904
7892962
7893027
7893071
7893143
7893204
7893269
7893313
7893385
7893450
7893515
7893560
7893632
7893738
7893803
7893834
7893872
7893944
7894055
7894120
7894151
7894163
7894235
7894272
7894337
7894382
7894454
7894554
7894619
7894650
7894672
7894744
7894819
7894884
7894944
7895016
7895113
7895178
7895303
7895331
7895396
7895516
7895540
7895605
7895649
7895721
7895788
7895853
7895896
7895968
7895998
7896063
7896082
7896721
7896745
7896810
7896849
7896927
7896992
7897023
7897035
7897107
7897137
7897202
7897221
7897411
7897423
7897501
7897681
7897746
7897789
7897861
7897891
7897956
7898017
7898089
7898157
7898222
7898294
7898366
7898439
7898504
7898523
7898713
7900223
7900308
7900386
7900412
7900523
7900614
7900679
7900723
7900794
7900838
7900903
7900922
7901352
7902332
7902363
7902537
7902588
7902999
7903025
7903049
7903291
7903374
7903626
7904142
7904281
7904322
7904348
7904360
7904391
7904399
7904806
7904823
7905922
7906152
7906197
7906622
7906634
7906857
7906864
7906894
7906906
7906918
7906962
7906977
7906992
7906999
7907006
7907061
7907147
7907317
7907411
7907592
7907598
7907693
7907724
7907732
7907984
7907997
7908003
7908051
7908058
7908065
7908352
7908364
7908376
7908420
7908435
7908450
7908457
7908464
7908527
7908545
7908664
7908792
7908836
7908844
7908947
7908963
7909249
7909322
7909342
7909356
7909471
7909483
7909495
7909556
7909617
7909630
7909919
7910035
7910042
7910069
7910198
7910234
7910302
7910444
7910572
7910587
7910643
7910693
7910730
7910764
7911055
7911097
7911116
7911171
7911204
7911244
7911544
7911603
7911663
7911708
7911714
7911778
7912067
7912091
7912115
7912187
7912222
7912267
7912273
7912337
7912626
7912760
7912784
7912903
7912925
7912964
7913031
7913092
7913116
7913429
7913456
7913578
7913600
7913664
7913680
7913764
7913788
7913990
7914005
7914020
7914197
7914483
7914563
7914639
7914703
7914904
7914969
7915142
7915163
7917109
7917284
7917444
7917470
7917686
7917762
7917853
7917909
7918072
7918272
7918308
7918356
7918366
7918499
7918607
7918702
7918919
7919105
7919227
7919335
7919430
7919782
7920392
7920583
7920673
7920703
7920720
7920750
7921237
7921243
7921249
7921282
7921309
7921320
7921630
7921636
7921668
7921703
7921811
7921906
7922194
7922317
7922427
7922499
7922526
7922543
7922566
7922676
7922819
7922992
7923144
7923161
7923167
7923195
7923402
7923430
7923594
7923663
7925126
7925322
7925361
7925489
7925597
7925692
7925911
7926036
7926144
7926239
7926456
7926598
7926693
7926773
7927021
7927158
7927266
7927361
7927583
7927614
7927647
7928225
7928262
7928384
7928504
7928612
7928707
7928925
7929152
7929188
7929305
7929470
7929588
7929654
7929814
7929919
7930150
7930199
7930252
7930343
7930383
7930745
7930782
7930970
7931006
7931126
7931236
7931356
7931466
7931532
7931605
7931630
7931842
7932002
7932091
7932121
7932525
7932593
7932720
7932786
7932946
7933027
7933057
7933277
7933549
7933618
7933765
7933831
7933991
7934072
7934102
7934506
7934574
7934610
7934681
7934747
7934907
7935001
7935031
7935075
7935417
7935453
7935571
7935894
7935930
7935967
7935973
7936054
7936070
7936116
7936247
7936355
7936449
7936498
7936519
7936659
7936860
7937193
7937241
7937253
7937351
7937358
7937365
7937372
7937414
7937471
7937478
7937485
7937492
7937924
7938085
7938206
7938527
7938534
7938695
7938833
7938940
7939169
7939242
7939603
7939712
7939780
7940061
7940658
7940665
7941170
7941177
7941285
7941292
7941396
7941531
7941619
7941702
7941714
7941785
7941813
7941876
7942115
7942163
7942191
7942472
7942695
7943422
7943480
7943553
7943596
7943777
7943881
7944102
7944324
7944386
7944455
7944843
7944970
7945094
7945166
7945207
7945272
7945337
7945409
7945471
7945536
7945645
7945713
7945778
7945833
7945905
7945951
7946016
7946067
7946139
7946175
7946240
7946291
7946363
7946399
7946464
7946515
7946587
7946623
7946688
7946793
7946865
7946900
7946965
7946984
7947464
7947494
7947559
7947627
7947699
7947799
7947864
7948040
7948070
7948135
7948251
7948275
7948340
7948371
7948383
7948413
7948485
7948565
7948630
7948695
7948767
7948847
7948912
7948977
7949049
7949136
7949201
7949266
7949338
7949418
7949483
7949608
7949664
7949729
7949777
7949837
7949899
7949964
7950095
7950160
7950223
7950295
7950352
7950417
7950479
7950551
7950609
7950674
7950729
7950801
7950842
7950907
7950938
7950979
7951051
7951095
7951160
7951250
7951322
7951363
7951428
7951464
7951510
7951582
7951622
7951687
7951752
7951824
7951905
7951970
7954907
7955115
7955123
7955134
7955141
7955391
7955905
7955998
7956089
7956185
7956346
7956384
7956422
7956430
7956441
7956503
7956523
7956538
7956816
7956862
7956887
7956981
7957153
7957540
7957637
7957883
7958012
7958148
7958297
7958318
7958344
7958364
7958390
7958410
7958445
7958454
7960786
7960958
7961269
7961587
7963309
7963384
7963724
7963925
7966122
7966354
7966451
7966633
7966695
7966955
7967168
7967382
7967527
7967626
7967641
7967692
7967704
7967716
7968148
7968213
7968223
7968233
7968689
7968766
7968824
7968846
7968877
7968900
7968908
7968946
7969053
7969094
7969133
7969174
7969227
7969262
7969334
7969423
7969447
7969485
7969523
7969547
7969585
7969609
7969647
7969671
7969709
7969747
7969771
7969809
7969833
7969871
7969895
7969933
7969971
7969995
7970033
7970071
7970130
7970189
7970248
7970307
7970366
7970425
7970484
7970543
7970602
7970669
7971288
7971907
7971996
7972085
7972174
7972263
7972352
7973108
7973309
7973538
7973567
7973580
7973611
7973627
7973654
7973684
7973708
7973813
7973843
7973867
7973881
7973935
7973947
7973960
7974002
7974097
7974316
7974465
7974691
7974730
7974758
7974786
7974806
7974834
7974862
7974890
7974911
7975028
7975076
7975192
7975235
7975339
7975345
7975369
7975432
7976165
7976176
7976251
7976262
7976274
7976407
7976413
7976424
7976448
7976986
7977652
7977716
7977722
7977909
7978072
7978167
7978386
7978574
7978669
7978888
7979074
7979169
7979388
7979464
7979564
7979665
7979766
7979861
7980109
7980115
7980139
7980204
7980219
7980235
7980399
7980494
7980713
7980729
7980805
7981346
7981476
7981584
7981620
7981657
7981733
7981744
7981780
7981816
7981853
7981959
7982062
7982738
7983047
7983125
7983488
7983529
7983630
7983641
7983657
7983679
7983713
7983892
7983908
7983949
7984014
7984024
7984315
7984447
7984463
7984504
7984574
7984773
7984838
7984952
7984958
7984964
7984970
7984997
7985125
7985159
7985208
7985271
7985290
7985375
7985457
7985578
7985596
7985654
7985976
7986006
7986056
7986120
7986139
7986449
7986467
7986512
7986530
7986560
7986588
7986606
7986612
7986661
7986702
7986723
7986751
7986934
7986940
7986989
7987018
7987036
7987077
7987116
7987146
7987201
7987884
7987944
7988645
7988708
7988720
7988755
7988795
7988843
7988868
7988880
7988934
7988997
7989011
7989025
7989068
7989120
7989649
7989764
7990169
7990229
7990267
7990278
7990289
7990301
7990313
7990438
7990458
7990607
7990623
7990679
7990780
7990864
7990886
7990946
7991008
7991361
7991529
7991550
7991603
7991702
7991786
7991986
7992071
7992156
7992190
7992230
7992262
7992268
7992301
7992338
7992806
7992816
7992919
7992931
7992985
7993038
7993467
7993480
7993493
7993506
7993526
7993544
7993645
7993836
7994178
7994515
7994535
7995754
7995963
7995990
7996025
7996472
7996570
7996595
7996606
7996639
7997011
7997023
7997035
7997077
7997117
7997145
7997157
7997868
7997886
7997897
7997969
7998048
7998057
7998140
7998179
7998266
7998278
7998360
7998372
7998454
7998466
7998546
7998558
7998571
7998653
7998753
7999195
7999208
7999217
7999261
7999274
7999284
7999297
8000028
8000135
8000227
8000276
8000299
8001133
8001249
8001281
8001299
8001729
8001738
8001751
8001764
8001774
8003782
8003791
8003864
8003883
8003898
8003910
8003932
8004384
8004853
8005000
8005148
8005171
8005194
8005335
8005369
8005880
8005916
8005937
8005952
8006011
8006023
8006469
8006542
8007519
8007667
8008133
8008446
8008578
8009157
8009184
8009208
8009693
8009735
8009794
8009810
8009876
8009953
8010302
8010347
8010452
8010544
8010553
8010604
8010639
8010650
8010661
8010825
8010844
8010874
8010888
8010901
8010914
8010945
8010958
8010967
8010976
8010999
8011014
8011071
8011084
8011123
8011361
8011367
8011391
8011451
8011501
8012677
8012710
8012745
8012754
8012957
8013023
8013082
8013148
8013207
8013245
8013280
8013318
8013432
8013633
8013726
8013834
8013855
8014213
8014255
8014414
8014636
8014676
8014815
8014850
8014884
8015692
8015951
8016103
8016163
8016505
8016518
8016531
8016544
8016557
8017333
8017393
8017459
8017500
8017516
8017564
8017724
8017853
8018481
8018520
8018662
8018842
8018896
8019024
8019095
8019117
8019561
8019568
8019763
8020192
8020395
8020748
8020830
8021033
8021210
8021216
8021222
8021228
8021240
8021309
8021323
8021355
8021368
8021404
8021413
8021456
8021874
8021886
8021901
8021940
8021994
8022006
8022018
8022857
8022915
8022949
8022960
8023041
8023057
8023063
8023074
8023085
8023111
8023272
8023714
8023731
8023770
8023869
8023881
8023901
8023913
8023925
8023986
8023995
8024004
8024013
8024038
8024151
8024391
8024422
8024453
8024497
8024504
8024510
8024566
8024601
8024663
8024979
8025007
8025084
8025119
8025962
8027641
8027674
8027688
8027695
8027897
8028004
8028068
8028179
8028452
8028552
8028731
8028948
8029254
8029278
8029290
8029474
8029519
8029637
8029807
8029956
8029984
8030012
8030071
8030276
8030300
8030374
8030394
8030421
8030427
8030528
8030540
8031136
8031186
8031201
8031497
8031527
8031594
8031617
8031867
8031935
8032022
8032036
8032323
8032332
8032479
8033349
8033636
8033655
8033732
8033931
8034076
8035340
8035372
8035603
8035716
8035803
8036025
8036090
8036179
8036292
8036300
8036314
8036332
8036449
8036485
8036521
8036557
8036593
8036674
8036695
8036739
8036765
8036774
8036915
8037406
8037426
8038215
8040133
8040330
8040583
8040835
8040866
8041014
8041291
8041554
8042031
8042256
8042627
8042651
8042841
8042992
8043023
8043209
8043304
8043523
8043645
8043753
8043790
8043843
8043909
8044071
8044167
8044197
8044418
8044709
8044746
8045011
8045047
8045091
8045253
8045335
8045365
8045791
8045828
8046073
8046109
8046150
8046216
8046376
8046458
8046488
8046913
8046950
8046989
8047199
8047240
8047277
8047571
8047643
8047676
8047682
8047688
8047718
8047767
8047782
8047788
8047794
8047824
8047879
8047932
8047938
8047944
8047974
8048034
8048137
8048213
8048284
8048290
8048296
8048326
8048386
8048409
8048415
8048421
8048451
8048513
8048562
8048568
8048574
8048604
8048664
8048681
8048830
8048954
8049173
8049305
8049413
8049499
8049718
8049770
8049883
8049889
8049895
8049925
8049987
8050029
8050096
8050108
8050138
8050195
8050237
8050550
8050655
8050707
8050785
8051072
8051078
8051084
8051114
8051174
8051191
8053560
8053706
8053712
8053835
8054055
8054208
8054215
8054291
8054372
8054474
8054482
8054493
8054692
8054916
8054922
8055045
8055051
8055239
8055245
8055368
8055374
8055513
8055519
8055642
8055648
8055701
8055825
8055971
8055977
8056100
8056106
8056478
8056484
8056547
8056712
8056718
8056724
8056754
8056814
8056829
8056892
8056898
8056904
8056934
8056996
8057126
8057235
8057241
8057247
8057277
8057339
8057427
8057490
8057496
8057502
8057532
8057594
8057643
8057649
8057655
8057685
8057747
8057828
8057834
8057840
8057870
8057914
8057963
8057969
8057975
8058005
8058067
8058109
8058176
8058188
8058218
8058329
8058335
8058341
8058371
8058433
8058482
8058488
8058494
8058524
8058586
8058635
8058641
8058647
8058677
8058721
8058770
8058776
8058782
8058806
8058861
8058914
8058920
8058926
8058956
8059016
8059033
8059109
8059284
8059290
8059296
8059326
8059388
8059437
8059443
8059449
8059479
8059541
8060331
8060407
8060616
8060666
8060792
8061000
8061012
8061039
8061045
8061063
8061315
8061321
8061327
8061357
8061417
8061434
8062096
8062170
8062176
8062182
8062212
8062272
8062295
8062301
8062307
8062337
8062399
8062448
8062454
8062460
8062490
8062552
8062601
8062607
8062613
8062643
8062667
8062716
8062722
8062728
8062758
8062820
8062869
8062875
8062881
8062911
8062973
8063048
8063122
8063313
8063325
8063355
8063426
8063457
8063463
8063469
8063499
8063548
8063563
8063843
8063869
8063995
8064135
8064141
8064147
8064177
8064239
8064288
8064294
8064300
8064324
8064386
8064428
8064523
8064742
8064873
8064981
8065111
8065117
8065123
8065153
8065215
8065264
8065270
8065276
8065306
8065368
8065392
8065398
8065404
8065434
8065496
8065545
8065551
8065557
8065587
8065649
8065698
8065704
8065710
8065740
8065802
8065880
8066141
8066157
8066180
8066272
8066282
8066293
8066299
8066305
8066335
8066395
8066412
8067044
8067318
8067546
8067563
8067569
8067575
8067605
8067667
8067986
8068134
8068277
8068289
8068319
8068376
8068388
8068455
8068467
8068497
8068554
8068566
8068597
8068603
8068609
8068639
8068688
8068703
8068750
8068756
8069774
8069914
8069997
8070027
8070051
8070077
8070102
8070127
8070152
8070178
8070262
8070294
8070515
8070522
8070613
8070639
8070901
8070946
8070961
8070976
8070991
8071072
8071096
8071121
8071146
8071170
8071224
8071249
8071281
8071623
8071630
8071637
8071761
8071969
8072019
8072249
8072264
8072276
8072300
8072325
8072379
8072409
8072457
8072691
8072698
8072705
8072712
8072754
8072837
8072862
8072889
8073013
8073060
8073088
8073103
8073280
8073321
8073456
8073507
8073595
8073610
8073637
8073667
8073703
8073727
8073751
8073778
8073802
8073826
8073856
8074245
8074252
8074401
8074446
8074471
8074618
8074660
8074743
8074790
8074873
8074898
8074923
8075012
8075019
8075253
8075316
8075323
8075383
8075449
8075507
8075538
8075567
8075598
8075796
8075870
8075877
8075884
8075891
8075981
8075996
8076011
8076215
8076379
8076761
8076854
8076884
8077071
8077078
8077085
8077092
8077099
8077106
8077113
8077120
8077127
8077242
8077269
8077334
8077377
8077448
8077493
8077558
8077668
8077692
8077757
8078207
8078431
8078456
8078506
8078552
8078602
8078632
8078662
8078820
8078859
8078882
8078905
8078928
8078951
8079072
8079079
8079086
8079093
8079100
8079107
8079114
8079121
8079128
8079317
8079347
8079377
8079603
8079610
8079701
8079748
8079796
8079811
8079826
8079839
8079869
8080058
8080065
8080072
8080114
8080161
8080207
8080234
8080249
8080264
8080294
8080309
8080502
8080509
8080599
8080646
8080744
8081507
8081557
8081650
8081786
8081793
8081932
8081982
8082147
8082154
8082318
8082578
8082650
8082680
8082745
8082846
8082918
8082948
8083013
8083032
8083194
8083266
8083317
8083382
8085489
8085685
8085710
8085743
8085979
8086007
8086052
8086064
8086094
8086123
8086154
8086182
8086210
8086375
8086398
8086421
8086549
8086573
8086603
8086699
8086806
8086853
8086868
8086905
8087039
8087046
8087089
8087247
8087254
8087337
8087438
8087445
8087452
8087482
8087489
8087496
8087503
8087574
8087698
8087758
8087808
8087833
8087984
8087991
8087998
8088005
8088088
8088140
8088264
8088420
8088427
8088775
8088805
8088836
8088866
8088896
8088922
8089124
8089131
8089138
8089293
8089323
8089388
8089498
8089520
8089585
8089648
8089720
8089750
8089815
8090606
8090997
8091110
8091135
8091160
8091340
8091347
8091354
8091361
8091368
8091375
8091382
8091607
8091670
8091718
8091768
8091798
8091919
8091944
8091969
8091999
8092023
8092047
8092342
8092349
8092356
8092363
8092370
8092534
8092564
8092594
8092624
8092750
8092757
8092764
8092771
8092867
8092892
8093245
8093273
8093298
8093323
8093550
8093576
8093603
8093630
8094031
8094043
8094055
8094070
8094377
8094391
8095524
8095727
8095749
8095822
8095866
8096009
8096032
8096741
8096877
8096884
8096891
8096898
8096905
8096912
8096919
8096926
8096933
8097081
8097105
8097170
8097201
8097209
8097280
8097330
8097395
8097505
8097525
8097590
8097700
8097734
8097799
8098919
8099125
8099146
8099172
8099204
8099236
8099399
8099423
8099447
8099671
8099830
8100191
8100262
8100292
8100307
8100336
8100351
8100380
8100395
8100410
8100425
8100440
8100455
8100470
8100498
8100551
8100566
8100581
8100606
8100647
8100672
8100697
8100819
8100867
8100930
8100955
8101025
8101050
8101075
8101508
8101531
8101879
8101886
8101893
8101900
8101907
8101914
8101921
8101928
8101935
8101942
8101949
8101956
8102280
8102372
8102419
8102567
8102574
8102581
8102588
8102595
8102730
8102830
8102912
8102940
8103027
8103084
8103112
8103289
8103602
8103702
8103800
8103879
8103960
8103975
8104308
8104324
8104339
8104421
8104451
8104510
8104570
8104587
8104674
8104744
8104833
8104934
8105022
8105101
8105177
8105202
8105261
8105315
8105423
8105637
8105660
8105667
8105706
8105761
8105768
8105791
8105798
8105805
8105812
8105819
8105951
8106181
8106329
8106364
8106405
8106433
8106461
8106489
8106517
8106545
8106573
8106665
8106752
8107211
8107226
8107241
8107256
8107284
8107309
8107522
8107564
8107647
8107672
8107699
8107823
8108085
8108110
8108137
8108226
8108316
8108341
8108368
8108492
8108578
8108606
8108832
8108862
8108887
8108919
8109047
8109090
8109198
8109221
8109280
8109399
8109423
8109488
8109888
8109989
8110079
8110085
8110394
8110450
8110610
8110625
8110730
8110736
8110760
8110823
8111087
8111094
8111223
8111321
8111459
8111466
8111532
8111860
8111889
8111918
8112186
8112213
8112278
8112394
8112424
8112489
8112602
8112626
8112691
8112740
8112811
8112863
8112928
8113051
8113116
8113164
8113235
8113287
8113352
8113474
8113539
8114416
8114427
8114786
8114882
8114888
8114912
8114975
8115196
8115233
8115392
8115398
8115404
8115706
8116146
8116160
8116169
8116228
8116303
8116777
8118075
8118546
8119028
8119080
8119836
8120958
8121266
8121433
8121463
8121508
8121555
8121600
8121777
8122665
8122791
8122892
8123123
8123638
8123712
8124328
8124797
8125332
8125347
8125711
8125727
8125887
8125901
8125915
8125929
8125960
8126055
8126274
8126310
8126456
8126580
8126799
8126923
8127033
8127128
8127347
8127478
8127586
8127710
8127917
8128072
8128099
8128251
8128799
8128806
8128813
8128820
8128827
8128875
8128882
8129348
8129574
8130066
8130236
8130335
8130412
8130489
8131076
8132828
8132856
8132871
8132903
8132919
8132933
8133131
8133524
8133625
8134013
8135455
8135905
8136351
8139089
8139949
8140189
8143080
8146046
8146424
8146565
8146676
8146708
8146756
8146941
8147105
8147405
8147504
8147818
8147976
8148170
8148357
8148363
8148387
8148450
8148465
8148510
8148536
8148605
8148713
8148806
8148949
8149078
8149186
8149281
8149500
8150311
8151108
8151918
8152143
8152179
8152215
8152251
8152288
8152326
8152362
8152493
8152518
8152549
8152860
8152955
8153063
8153282
8153377
8153485
8153704
8153999
8154094
8154307
8154344
8154700
8154847
8155182
8155238
8155329
8155429
8155445
8155496
8155715
8155914
8156027
8156389
8156450
8157379
8157485
8157547
8157558
8157953
8158691
8158874
8158881
8158901
8158921
8158986
8159137
8159202
8159236
8159270
8159768
8160166
8160376
8160382
8160601
8161245
8161251
8161568
8161614
8161750
8161786
8161822
8161836
8161850
8161867
8161942
8161959
8162046
8162063
8162080
8162097
8162114
8162216
8162389
8162593
8162640
8162663
8162686
8162895
8162901
8163196
8163442
8163594
8164554
8164669
8164675
8164942
8165039
8165453
8165676
8167112
8167334
8167368
8167636
8167726
8168239
8168326
8169143
8169461
8169652
8170497
8170907
8170919
8170933
8170944
8170955
8170967
8170978
8171339
8171354
8171365
8171376
8171387
8171398
8171410
8171421
8171456
8171901
8171907
8171913
8171919
8171925
8172043
8172049
8172055
8172061
8172067
8172073
8172079
8172085
8172091
8172097
8172103
8172109
8172115
8172121
8172127
8172133
8172139
8172145
8172151
8172157
8172205
8172221
8172250
8172259
8172435
8172647
8172815
8172957
8173103
8173292
8173486
8173523
8173534
8173629
8173848
8173943
8174258
8174294
8174331
8174428
8174568
8174636
8174759
8174908
8174971
8174977
8174983
8175013
8175075
8175141
8175147
8175153
8175183
8175245
8175287
8175418
8175541
8175552
8175696
8175804
8175899
8176144
8176274
8176382
8176477
8176729
8176859
8176967
8177062
8177375
8177411
8177442
8177454
8177578
8177688
8177773
8177992
8178127
8178222
8178474
8178572
8178578
8178602
8178665
8178712
8178807
8179026
8179121
8179366
8179461
8179680
8179763
8179796
8179904
8179951
8180046
8180291
8180392
8180428
8180534
8180659
8180767
8180814
8180909
8181154
8181249
8181468
8181593
8181701
8181902
8182008
8182131
8182257
8182365
8182414
8182450
8182556
8182686
8182794
8182919
8183050
8183158
8183253
8183472
8183692
8183826
8184042
8184174
8184269
8184488
8184607
8184637
8184702
8184746
8184818
8184848
8184913
8184932
8185009
8185096
8185144
8185209
8185260
8185362
8185464
8185529
8185574
8185645
8185695
8185760
8185779
8185867
8186347
8186399
8186405
8186429
8186492
8186992
8187097
8187168
8187217
8187282
8187326
8187397
8187443
8187508
8187556
8187631
8187696
8187761
8187809
8187884
8187949
8188014
8188062
8188137
8188202
8188267
8188318
8188393
8188470
8188535
8188650
8188715
8188748
8188779
8188811
8188822
8188833
8189226
8189282
8189550
8189556
8189580
8189643
8189911
8190143
8190150
8190253
8190322
8190329
8190391
8190455
8190462
8190469
8190476
8190483
8190490
8190497
8190504
8190545
8190606
8190656
8190731
8190801
8190866
8190915
8190990
8191037
8191102
8191897
8191903
8191927
8191990
8192005
8192019
8192051
8192246
8192252
8192340
8192655
8192668
8192682
8192870
8192884
8193080
8193185
8193194
8193379
8193639
8193724
8194037
8194278
8194645
8195084
8195195
8195459
8195465
8195489
8195554
8195569
8195617
8195629
8195740
8195835
8196054
8196090
8196220
8196360
8196647
8196846
8196879
8196989
8197075
8197318
8197324
8197330
8197360
8197422
8197464
8197690
8197785
8198004
8198064
8198070
8198094
8198157
8198395
8198453
8198521
8198565
8198642
8198685
8198752
8198804
8198833
8198946
8198985
8199050
8199098
8199175
8199205
8199269
8199387
8199455
8199523
8199574
8199646
8199725
8199790
8199809
8199995
8200019
8200084
8200131
8200203
8200233
8200298
8200346
8200441
8200471
8200535
8200554
8200734
8200754
8200819
8200959
8202059
8202152
8202175
8202233
8202243
8202260
8202273
8202286
8202309
8202332
8202355
8202383
8202423
8202497
8202543
8202617
8202627
8202637
8202646
8202655
8202670
8202687
8202702
8202719
8202725
8202731
8202739
8202747
8202776
8202805
8203018
8203288
8203332
8203405
8203580
8203654
8203873
8203913
8204014
8204116
8204295
8204325
8204410
8204418
8204458
8204512
8204557
8204627
8204659
8204712
8204718
8204738
8204758
8204764
8204770
8204776
8204830
8204931
8205022
8205028
8205052
8205115
8205154
8205160
8205166
8205196
8205258
8205324
8205330
8205336
8205366
8205428
8205885
8205897
8206091
8206174
8206513
8206571
8206628
8206717
8206823
8206920
8207133
8207204
8207245
8207381
8207760
8207828
8207893
8208272
8208281
8208313
8208395
8208402
8208429
8208454
8208583
8208655
8208708
8208714
8208720
8208726
8208778
8208806
8208813
8209485
8209568
8209623
8209629
8209658
8209665
8209787
8210205
8210214
8210223
8210406
8210502
8210548
8210560
8210579
8210906
8210987
8211048
8211345
8211397
8211408
8211419
8211430
8211443
8211449
8211461
8211472
8211512
8211625
8211854
8211933
8212008
8212030
8212113
8212123
8212132
8212143
8212563
8212653
8212761
8213312
8213330
8213336
8213409
8213770
8213980
8214649
8214791
8214863
8214945
8215034
8215099
8215347
8216150
8216184
8216409
8216542
8216990
8217022
8217080
8217213
8217222
8217250
8217496
8217561
8217577
8217593
8217656
8217672
8217694
8217867
8217932
8217951
8218066
8218128
8218139
8218250
8218292
8218416
8218435
8218630
8218655
8218778
8218786
8218802
8218910
8219180
8219186
8219219
8219258
8219292
8219432
8219674
8219915
8220060
8220604
8220683
8220763
8221040
8221607
8221753
8222102
8222151
8222226
8222275
8222288
8222327
8222415
8222617
8222626
8222632
8222653
8222711
8222947
8223230
8223320
8223584
8223669
8223682
8223858
8223878
8223891
8223922
8224081
8224115
8224147
8224189
8224305
8224334
8224381
8224805
8225224
8225269
8225305
8225396
8225537
8225543
8225549
8225579
8225641
8225683
8225744
8225750
8225756
8225786
8225848
8225915
8225921
8225927
8225957
8226019
8226061
8226130
8226191
8226197
8226203
8226233
8226295
8226337
8226397
8226403
8226427
8226470
8226491
8226497
8226503
8226533
8226595
8226637
8226732
8227020
8227214
8227567
8227603
8227671
8227708
8227784
8227790
8227796
8227826
8227888
8227930
8228039
8228258
8228340
8228511
8228673
8229088
8229125
8229194
8229282
8229649
8229744
8229963
8230009
8230117
8230225
8230320
8230625
8230714
8230750
8230808
8230814
8230844
8230904
8230943
8230949
8230955
8230985
8231045
8231084
8231090
8231096
8231126
8231186
8231209
8231215
8231221
8231251
8231311
8231334
8231340
8231346
8231376
8231436
8231453
8231553
8231616
8231667
8231750
8231818
8231846
8231940
8232062
8232124
8232193
8232350
8232370
8232408
8232437
8232464
8232565
8232721
8232863
8233027
8233384
8233418
8233495
8233550
8233581
8233625
8233672
8233706
8233718
8233766
8233835
8233841
8233866
8234100
8234156
8234183
8234194
8234275
8234377
8234458
8234494
8234552
8234689
8234712
8234796
8234807
8234874
8234913
8235000
8235021
8235148
8235188
8235258
8235295
8235539
8235573
8235842
8235893
8235904
8235942
8236038
8236195
8236229
8236329
8236361
8236484
8236536
8236578
8236636
8236713
8236877
8236935
8236946
8237374
8237420
8237452
8237493
8237551
8237585
8237759
8237993
8238018
8238053
8238085
8238107
8238199
8238207
8238232
8238243
8238274
8238446
8238479
8238661
8238681
8238879
8238976
8239156
8239163
8239176
8239246
8239259
8239266
8241411
8241519
8241598
8241685
8241804
8241900
8242092
8242217
8242319
8242424
8242725
8242736
8242757
8242838
8242871
8243049
8243115
8243149
8243202
8243516
8243525
8243534
8243543
8243552
8243595
8243607
8243649
8244528
8244592
8244769
8245034
8245063
8245101
8245176
8245185
8245207
8245340
8245392
8245476
8245492
8245653
8245679
8245874
8245902
8246051
8246072
8246889
8247096
8247286
8247318
8247535
8247541
8247561
8247581
8247587
8247593
8247822
8247891
8248078
8248109
8248284
8248449
8248544
8248763
8249003
8249178
8249184
8249190
8249220
8249280
8249303
8249309
8249315
8249345
8249405
8249428
8249434
8249440
8249470
8249532
8249548
8249584
8249714
8249822
8249917
8250136
8250205
8250274
8250375
8250444
8250600
8250637
8250728
8250734
8250740
8250770
8250830
8251077
8251433
8251489
8251653
8251678
8251704
8251952
8252213
8252352
8252393
8252404
8252415
8252426
8252437
8252448
8252459
8252525
8252544
8252563
8252582
8252601
8252620
8252627
8252640
8252658
8252760
8252766
8252927
8252949
8253331
8253585
8253899
8254174
8254565
8254614
8254659
8255160
8255459
8255611
8255677
8255691
8256297
8256521
8256557
8256642
8256692
8256777
8256811
8256862
8256883
8257052
8257127
8257565
8257593
8257614
8257796
8258245
8258287
8258801
8258880
8258891
8258909
8259058
8259116
8259183
8259255
8259325
8259404
8259441
8259462
8259688
8261102
8261377
8261426
8261536
8261708
8261767
8261824
8261882
8262008
8262041
8262103
8262123
8262142
8262163
8262183
8262204
8262222
8262241
8262262
8262280
8262314
8262360
8262414
8262425
8262529
8262596
8262803
8262906
8262996
8264230
8265308
8265713
8266420
8266671
8266796
8266829
8267002
8267282
8267314
8267345
8267377
8267726
8267797
8267839
8267845
8267851
8267881
8267947
8267997
8268034
8268142
8268237
8268562
8268657
8268962
8269099
8269207
8269268
8269274
8269280
8269310
8269372
8269438
8269444
8269450
8269480
8269542
8269584
8269653
8269721
8269853
8269961
8270056
8270336
8270397
8270403
8270409
8270439
8270483
8270525
8270653
8270761
8270856
8271075
8271317
8271386
8271447
8271453
8271459
8271489
8271551
8271679
8271851
8272070
8272165
8272297
8272405
8272442
8272573
8272681
8272776
8272995
8273538
8273552
8273573
8273622
8273673
8273690
8273718
8273836
8273896
8273988
8274017
8274295
8274304
8274322
8274509
8274601
8274616
8274630
8274691
8274711
8274725
8274802
8274811
8274865
8275004
8275160
8275259
8275423
8275535
8275959
8275965
8275971
8276001
8276063
8276129
8276135
8276141
8276171
8276233
8276299
8276305
8276311
8276341
8276403
8276452
8276458
8276464
8276494
8276556
8276605
8276611
8276617
8276647
8276709
8276793
8276977
8277206
8277323
8277351
8277379
8277407
8277468
8277506
8277518
8277623
8277630
8277713
8277799
8277840
8278027
8278390
8278499
8278597
8278704
8278739
8278746
8278800
8278814
8278829
8278844
8278936
8279276
8279608
8280697
8280717
8280758
8280806
8280818
8280890
8280962
8280997
8281062
8281093
8281105
8281177
8281212
8281277
8281321
8281393
8281428
8281493
8281542
8281614
8281669
8281734
8281784
8281856
8281890
8281955
8282002
8282074
8282107
8282172
8282221
8282292
8282374
8282439
8282560
8282625
8282779
8282812
8282877
8282908
8282986
8283013
8283078
8283109
8283187
8283214
8283279
8283382
8283406
8283471
8283574
8283598
8283663
8283772
8283802
8283867
8283970
8283994
8284059
8285145
8285188
8285251
8285351
8285415
8285479
8285580
8285687
8285791
8285891
8285972
8285984
8286079
8286086
8286093
8286100
8286107
8286114
8286296
8286359
8286458
8286683
8286690
8286697
8286787
8286870
8287652
8287738
8287795
8288240
8288400
8288436
8288503
8288609
8288648
8288900
8288917
8288935
8288951
8288968
8288982
8288997
8289011
8289026
8289040
8289055
8289071
8289123
8289138
8289231
8289254
8289421
8289428
8289435
8289476
8289559
8289658
8289740
8289805
8289914
8289982
8290047
8290170
8290235
8290284
8290355
8290405
8290470
8290584
8290608
8290673
8290722
8290797
8290873
8290938
8291105
8291127
8291192
8294476
8294572
8294698
8294856
8294991
8294998
8295005
8295142
8295149
8295220
8295355
8295426
8295433
8295588
8295646
8295675
8295753
8295894
8296093
8296276
8296410
8296417
8296538
8296552
8296567
8296581
8296596
8296610
8296625
8296641
8296729
8296912
8296919
8297026
8297173
8297185
8297199
8297214
8297228
8297243
8297259
8297347
8297359
8297389
8297419
8297444
8297714
8297821
8297935
8297942
8297949
8297992
8298004
8298011
8298018
8298025
8298032
8298039
8298046
8298053
8298060
8298232
8298239
8298246
8298700
8298707
8298771
8299737
8299853
8299956
8300133
8300140
8300212
8300346
8300353
8300377
8300438
8300461
8300690
8300959
8301175
8301284
8301384
8301431
8301627
8301803
8301960
8302044
8302051
8302138
8302234
8302334
8302341
8302404
8302411
8302653
8302843
8303318
8303466
8303473
8303516
8303523
8303530
8303537
8303544
8303551
8303712
8303817
8303999
8304006
8304013
8304020
8304027
8304253
8304403
8304433
8304498
8304552
8304624
8304656
8304721
8304765
8304856
8304932
8304997
8305052
8305123
8305177
8305242
8305292
8305367
8305441
8305506
8305629
8305656
8305721
8305840
8305872
8305937
8306034
8306059
8306124
8306235
8306255
8306320
8306429
8306519
8306584
8308394
8308401
8308408
8308415
8308485
8308602
8308670
8308735
8308850
8308874
8308939
8309559
8310203
8310209
8310233
8310296
8310436
8310522
8310639
8310692
8310698
8310722
8310785
8310833
8311107
8311311
8311348
8311440
8311446
8311470
8311496
8311517
8311528
8311901
8311981
8312115
8312134
8312153
8312165
8312171
8312178
8312634
8312640
8312664
8312727
8312742
8313089
8313274
8313337
8314172
8314805
8314844
8314988
8315017
8315023
8315195
8315492
8315528
8315731
8315762
8315850
8315875
8315963
8315969
8315998
8316032
8316331
8316367
8316570
8316601
8316717
8316742
8316854
8316860
8316889
8316895
8317008
8317161
8317494
8317530
8317762
8317793
8317882
8317995
8318001
8318030
8318125
8318250
8318331
8318367
8318572
8318589
8318919
8319118
8319135
8319171
8319266
8319486
8319522
8319607
8319715
8319846
8319914
8320311
8321239
8321365
8322035
8322425
8322493
8322582
8322588
8322612
8322675
8323025
8323481
8323505
8323570
8323680
8323748
8323813
8323923
8323991
8324056
8324166
8324234
8324299
8324409
8324477
8324542
8324652
8324720
8324785
8324895
8324963
8325028
8325106
8325380
8325664
8325887
8326446
8326667
8326874
8327027
8327244
8327456
8327511
8327542
8327548
8327572
8327635
8327650
8327740
8327792
8327798
8327822
8327885
8328234
8328276
8328289
8328431
8328931
8329128
8329353
8329420
8330666
8331179
8331312
8331967
8332663
8332691
8332719
8332777
8332933
8333214
8333414
8334001
8334815
8334905
8335368
8336086
8336318
8336634
8336682
8337701
8337776
8338187
8339321
8339353
8339384
8339397
8339492
8339711
8339747
8339990
8340155
8340250
8340506
8340645
8340762
8340793
8340966
8341212
8341371
8341517
8341966
8341997
8343293
8343455
8343531
8343544
8343580
8343753
8343861
8343956
8344170
8344301
8344442
8344537
8344729
8344857
8345076
8345123
8345218
8346204
8346240
8346400
8346520
8346619
8346636
8346746
8346889
8346895
8346911
8347035
8347145
8347240
8347459
8347590
8347698
8347793
8348086
8348215
8348392
8348525
8348539
8348661
8348693
8348778
8348784
8348867
8348914
8349008
8349085
8349321
8349416
8351057
8351094
8351224
8351332
8351427
8353687
8353786
8353823
8353887
8353951
8354069
8354397
8354606
8354757
8354889
8354973
8355015
8355109
8355123
8355178
8355184
8355228
8355251
8355282
8355406
8355516
8355611
8355830
8356005
8356193
8356210
8356241
8356336
8356582
8356738
8356855
8356867
8356879
8356891
8356903
8357034
8357078
8357413
8357497
8357534
8357570
8357606
8357643
8357833
8357957
8358065
8358196
8358321
8358446
8358554
8358649
8358686
8358905
8359065
8359160
8359406
8359568
8359639
8359674
8359836
8359911
8360076
8360207
8360315
8360410
8360629
8360737
8360956
8361017
8361101
8361114
8361280
8361397
8361492
8361738
8361774
8361811
8361922
8362025
8362062
8362179
8362327
8362439
8362595
8363179
8363185
8363209
8363272
8363314
8363320
8363344
8363407
8363464
8363609
8363737
8363845
8363940
8364154
8364260
8364401
8364842
8364985
8365080
8365299
8365478
8365573
8365610
8365727
8365944
8366120
8366237
8366345
8366440
8366686
8366704
8366715
8366745
8366751
8367022
8367041
8367116
8367130
8367142
8367148
8367315
8367334
8367392
8367403
8367433
8367439
8367668
8367687
8367751
8367765
8367776
8367806
8367812
8368008
8368027
8368089
8368107
8368118
8368124
8368141
8368147
8368165
8368176
8368182
8368198
8368254
8368265
8368271
8368326
8368332
8368872
8368924
8368958
8369007
8369018
8369024
8369079
8369085
8369624
8369660
8369709
8369720
8369726
8369781
8369787
8370326
8370363
8370412
8370423
8370429
8370484
8370490
8370854
8370874
8372590
8372605
8372902
8373077
8373178
8373243
8373497
8373503
8373509
8373590
8373680
8373692
8373807
8374859
8375731
8376709
8376715
8376722
8377238
8377651
8377719
8377756
8377793
8377941
8377962
8378017
8378112
8378366
8379227
8379335
8379430
8379930
8379976
8380071
8380290
8380484
8380503
8380511
8380730
8380745
8380782
8381005
8381011
8381105
8381144
8381233
8381239
8381272
8381569
8381598
8381626
8381929
8381960
8382035
8382062
8382171
8382292
8382319
8382479
8382658
8382674
8382769
8382864
8382938
8383006
8383044
8383100
8383106
8383130
8383193
8383208
8383277
8383319
8383632
8383867
8383882
8383943
8383967
8383995
8384025
8384051
8384270
8384348
8384355
8384658
8384826
8384980
8385169
8385200
8385265
8385315
8385387
8385474
8385539
8385661
8385726
8386406
8386614
8386696
8386702
8386726
8386789
8386804
8386995
8387026
8387081
8387137
8387202
8387353
8387359
8387437
8387506
8387522
8387643
8387688
8387783
8387812
8387980
8388124
8388178
8389478
8389576
8389778
8390205
8390474
8390552
8390558
8390564
8390594
8390656
8390708
8390720
8390815
8390923
8390999
8391077
8391172
8391388
8391496
8391591
8391807
8391844
8391951
8391957
8391963
8391993
8392055
8392110
8392140
8392186
8392192
8392254
8392260
8392284
8392347
8392362
8392373
8392502
8392570
8392581
8393422
8393524
8393577
8393625
8393704
8393742
8393888
8393993
8394048
8394158
8394264
8394271
8394278
8394319
8394506
8394521
8395030
8395160
8395188
8395300
8395438
8395587
8395652
8395779
8395809
8395873
8395892
8396146
8396176
8396240
8396351
8396438
8396511
8396576
8396711
8396773
8396792
8397049
8397120
8397170
8397235
8397266
8397278
8397349
8397407
8397472
8397503
8397549
8398579
8398646
8398667
8399066
8399158
8399295
8399348
8399612
8399621
8399978
8400170
8400182
8400194
8400205
8400269
8400355
8400703
8400709
8400715
8400721
8400733
8400739
8400759
8400772
8400778
8400784
8400790
8400802
8400808
8400814
8400933
8401082
8401340
8401505
8401651
8401716
8401727
8401764
8401837
8401913
8401919
8402219
8402261
8402303
8402309
8402357
8402363
8402477
8402542
8402548
8402572
8402637
8402652
8402668
8402849
8402862
8402899
8402910
8403016
8403066
8403072
8403096
8403159
8403217
8403224
8403236
8403243
8403446
8403509
8403571
8403619
8403626
8403633
8403640
8403647
8403654
8403661
8403684
8403691
8403807
8404004
8404085
8404150
8404259
8404327
8404392
8404435
8404510
8404587
8404652
8404761
8404829
8404894
8405984
8405998
8406004
8406022
8406058
8406617
8406623
8406689
8406695
8406780
8406869
8406920
8407044
8407300
8407357
8407509
8407645
8407887
8407973
8408009
8408015
8408093
8408137
8408173
8408179
8408185
8408215
8408264
8408279
8408299
8408341
8408347
8408353
8408383
8408445
8408487
8408555
8408593
8408704
8408758
8408764
8408788
8408794
8408831
8409129
8409157
8409169
8409184
8409199
8409211
8409223
8409398
8409488
8409513
8409576
8409685
8409775
8409840
8410278
8410442
8410448
8410472
8410535
8411085
8411117
8411131
8411216
8411222
8411459
8411465
8411489
8411552
8411619
8411625
8411631
8411644
8411706
8412233
8412362
8413540
8414471
8414484
8414490
8414516
8414570
8414743
8414898
8415285
8415396
8415628
8415828
8415850
8415868
8416183
8416205
8416265
8416271
8416295
8416360
8416375
8416484
8416520
8416706
8416823
8416918
8417174
8417344
8417525
8417575
8417587
8417638
8417653
8417761
8417888
8417938
8417944
8417968
8418019
8418034
8418145
8418349
8418399
8418405
8418429
8418480
8418495
8418603
8418767
8418773
8418797
8418862
8418877
8418985
8419106
8419194
8419244
8419250
8419274
8419325
8419340
8419451
8419625
8419631
8419655
8419661
8419971
8420178
8420207
8420232
8420285
8420312
8420365
8420392
8420447
8420472
8420657
8420718
8420816
8421374
8421392
8421406
8421562
8421581
8421597
8421603
8421624
8421652
8421672
8421681
8421706
8421712
8421719
8421809
8421887
8422141
8422347
8422411
8422588
8422606
8422693
8422721
8422732
8422749
8422777
8423012
8423153
8423371
8423621
8423635
8423646
8423954
8423963
8423972
8423978
8424740
8424763
8424858
8425024
8425452
8425511
8425533
8425548
8425753
8425784
8425851
8425864
8425885
8425898
8425951
8425962
8425975
8426002
8426015
8426051
8426067
8426107
8426219
8426295
8426318
8426514
8426539
8426556
8426564
8426571
8426589
8426629
8426703
8426729
8426766
8426807
8426896
8426946
8426974
8427017
8427067
8427076
8427206
8427585
8427721
8427762
8427849
8428787
8429292
8429332
8429343
8429356
8429407
8429413
8429512
8429687
8429711
8429730
8429818
8429898
8430182
8430350
8430626
8430640
8430812
8430818
8430829
8430873
8430939
8430985
8431180
8431186
8431994
8432158
8432320
8432354
8432377
8432984
8432997
8433022
8433101
8433430
8433511
8433524
8433579
8433775
8433919
8434088
8434153
8434817
8434945
8435231
8435313
8435324
8435337
8435402
8435710
8435902
8436034
8436137
8436147
8436164
8436496
8436506
8436512
8436644
8436983
8437076
8437582
8437806
8437884
8437905
8438898
8439005
8439011
8439216
8439234
8439240
8439570
8439585
8439745
8440008
8440103
8440322
8440354
8440386
8440592
8440659
8440681
8440724
8440775
8440805
8440853
8440859
8440866
8440961
8441069
8441288
8441324
8441441
8441581
8441587
8441688
8441694
8441743
8441873
8441981
8442076
8442295
8442331
8442363
8442446
8442548
8442656
8442940
8443104
8443212
8443668
8443816
8443822
8443828
8443858
8443920
8443962
8443999
8444130
8444238
8444333
8444552
8444719
8444756
8444824
8444972
8445109
8445180
8445186
8445192
8445222
8445285
8445408
8445483
8445577
8445608
8445625
8445819
8445930
8446038
8446157
8447336
8447464
8447526
8447536
8447629
8447665
8447680
8447691
8447702
8447888
8447925
8448000
8448150
8448183
8448238
8448440
8448451
8448462
8448473
8448484
8448495
8448506
8448589
8448600
8448611
8448638
8448660
8448780
8448838
8448852
8448951
8448988
8449011
8449043
8449106
8449400
8449676
8449782
8449903
8450071
8450852
8451138
8451420
8451499
8451636
8451684
8452300
8453176
8453265
8453540
8453879
8454083
8454670
8454843
8455315
8455628
8455995
8456279
8456300
8456489
8456566
8456639
8456673
8456716
8456961
8457140
8457658
8457742
8457759
8458629
8458647
8458665
8458681
8458697
8458709
8458721
8458727
8458733
8458740
8458759
8458793
8458827
8458906
8459473
8459788
8460124
8460165
8460183
8460371
8460377
8460948
8461573
8461839
8463902
8463967
8464451
8464710
8465056
8465146
8465365
8465494
8465767
8466011
8466101
8466177
8466227
8466286
8466301
8466343
8466545
8466566
8466572
8466658
8466671
8466840
8466860
8467487
8467493
8467499
8467505
8467668
8467689
8467754
8467774
8467794
8467892
8468137
8468174
8468396
8468482
8468590
8468685
8468904
8468935
8468967
8468999
8469031
8469063
8469094
8469179
8469274
8469493
8469601
8469629
8469684
8469726
8469760
8469792
8469847
8469853
8469859
8469889
8469951
8469993
8470054
8470060
8470066
8470096
8470158
8470224
8470230
8470236
8470266
8470328
8470370
8470394
8470424
8470472
8470478
8470485
8470541
8470547
8470553
8470583
8470589
8470621
8470636
8470656
8470729
8470759
8470765
8470783
8470827
8470839
8470852
8470926
8470932
8470938
8470968
8471030
8471072
8471117
8471225
8471333
8471428
8471647
8471779
8471887
8471982
8472275
8472491
8472615
8472725
8472820
8473039
8473075
8473124
8473201
8473296
8473515
8473623
8473777
8473971
8474007
8474206
8474243
8474383
8474491
8474586
8474805
8474971
8475104
8475199
8475448
8475497
8475527
8475575
8475581
8475601
8475631
8475679
8475685
8475692
8475867
8475873
8475879
8475965
8476007
8476043
8476103
8476109
8476115
8476145
8476207
8476273
8476279
8476285
8476315
8476377
8476414
8476483
8476520
8476615
8476834
8476870
8477055
8477091
8477171
8477262
8477464
8477597
8477646
8477781
8477811
8478095
8478235
8478265
8478277
8479290
8479391
8479656
8479663
8479690
8479701
8479708
8480281
8480292
8480833
8481896
8482413
8482615
8482628
8482654
8482674
8483087
8483173
8483292
8483316
8484028
8484400
8484562
8484793
8484854
8484860
8484866
8485023
8485502
8485586
8485597
8485609
8485620
8486573
8487540
8487734
8487990
8488027
8488033
8488047
8488177
8488265
8488276
8488316
8488363
8488528
8488564
8488600
8488669
8488959
8489054
8489306
8489751
8489762
8489800
8489818
8489864
8489989
8490058
8490373
8490464
8490975
8491572
8491749
8491913
8491995
8492078
8492414
8492448
8492586
8492613
8492635
8493551
8493575
8493599
8493703
8493865
8494181
8494203
8494289
8494321
8494449
8494504
8494588
8494805
8495126
8495243
8495317
8495391
8495449
8495481
8496776
8497343
8497369
8497419
8497493
8497519
8497576
8497582
8497640
8497646
8497652
8497658
8497664
8497670
8497676
8497682
8497688
8497726
8497732
8497738
8497744
8497750
8497756
8497762
8497768
8497774
8497780
8497845
8502658
8502805
8508751
8509030
8509623
8509901
8511359
8511455
8511461
8511484
8511530
8511679
8511787
8511882
8512101
8512223
8512573
8512609
8512674
8513366
8513396
8513456
8513469
8513532
8513610
8513616
8513637
8513713
8513725
8513731
8513849
8513911
8513922
8514330
8514409
8514838
8514911
8515022
8515202
8515226
8515301
8515374
8515456
8515900
8516366
8516446
8516619
8516667
8517073
8517085
8517099
8517284
8517619
8517780
8517787
8517818
8517924
8518160
8518232
8518391
8518418
8518448
8518473
8518507
8518640
8518674
8518802
8518865
8518920
8518973
8520136
8520226
8520503
8520520
8520564
8520595
8520626
8520633
8520801
8520822
8521398
8521413
8521592
8521753
8521817
8521858
8521943
8522118
8522253
8522514
8522596
8522611
8522666
8522773
8522819
8523003
8523870
8523895
8523939
8524030
8524343
8524354
8524410
8524431
8524887
8525189
8525643
8525671
8525698
8525710
8525718
8525861
8526087
8526118
8526133
8526170
8526286
8526382
8526394
8526493
8526504
8526549
8526556
8526757
8526806
8526913
8526980
8527045
8527279
8527507
8527596
8527670
8527942
8528163
8528500
8528598
8528949
8528990
8529107
8529328
8529574
8529720
8529746
8529800
8529847
8529888
8529920
8529936
8529951
8529964
8530028
8530160
8530196
8530233
8530265
8530389
8530499
8530594
8530845
8530882
8531123
8531164
8531233
8531334
8531371
8531501
8531609
8531704
8531988
8532056
8532221
8532338
8532375
8532408
8532443
8532480
8532516
8532553
8532566
8532666
8532832
8532867
8532969
8533005
8533011
8533017
8533182
8533289
8533307
8533325
8533404
8533410
8533421
8533545
8533583
8533816
8534013
8534163
8534377
8534497
8534749
8534798
8535150
8535314
8535331
8535411
8535513
8535519
8535593
8535611
8535622
8535634
8535728
8536096
8536102
8536108
8536114
8536120
8536132
8536138
8536163
8536296
8536314
8536325
8536538
8536556
8536567
8536609
8536622
8536635
8536641
8536755
8540104
8541363
8541399
8541710
8542040
8542389
8542447
8542894
8543635
8544387
8544410
8544436
8544445
8545022
8545201
8545309
8545345
8545381
8545418
8545439
8545505
8545553
8545630
8545976
8546417
8546586
8546617
8546623
8546820
8546860
8546905
8546911
8546938
8547085
8547136
8547213
8547275
8547312
8547471
8547510
8547551
8547572
8548010
8548047
8548057
8548067
8548140
8548584
8548595
8548792
8548887
8548927
8548940
8548999
8549020
8549109
8549222
8549302
8549308
8549760
8549773
8550887
8550914
8550989
8550995
8551008
8551019
8551072
8551146
8551286
8551382
8551572
8551592
8551698
8551726
8551754
8551824
8551874
8551969
8552151
8552170
8552581
8552953
8553109
8553333
8553377
8553439
8553660
8553848
8553874
8553996
8554059
8554121
8554199
8554205
8554211
8554378
8554698
8554838
8555185
8555682
8555924
8555987
8556056
8556062
8556068
8556148
8556478
8556484
8556540
8556838
8556859
8556936
8556961
8557601
8557659
8558027
8558156
8558277
8558427
8558666
8558701
8558984
8559008
8559093
8559232
8559417
8559956
8560093
8560356
8560617
8560690
8560888
8561201
8561504
8561722
8561753
8561790
8561826
8561857
8562370
8562583
8562615
8562646
8562678
8562710
8563573
8563841
8563960
8563997
8564033
8564164
8564272
8564367
8564676
8564730
8564748
8565245
8565340
8565829
8565987
8566082
8566374
8566949
8567080
8567188
8567283
8567502
8567662
8567770
8567865
8568170
8568327
8568385
8568480
8568699
8568751
8568894
8569002
8569144
8569273
8569381
8569476
8569695
8569769
8569848
8569963
8570071
8570166
8570385
8570553
8570696
8570804
8570899
8570935
8570972
8571078
8571084
8571090
8571120
8571126
8571144
8571202
8571217
8571237
8571289
8571331
8571337
8571343
8571373
8571435
8571520
8571557
8571583
8571650
8571687
8571713
8571770
8571899
8571981
8572116
8572224
8572319
8572626
8572671
8572682
8572693
8573044
8573107
8573164
8573227
8573584
8573606
8573627
8573969
8574075
8574095
8574189
8574288
8574325
8574492
8574517
8574820
8574957
8574963
8575115
8575167
8575208
8575219
8575422
8576585
8576770
8576926
8576964
8577008
8577119
8577343
8577586
8577951
8578200
8578742
8578779
8579494
8579613
8579923
8579969
8580013
8580118
8580229
8580236
8580463
8580543
8580579
8580603
8580621
8580650
8580675
8580700
8580775
8580800
8580825
8580831
8580858
8580898
8580928
8581206
8581220
8581302
8581529
8581546
8582068
8582688
8582769
8582842
8582873
8583292
8583391
8583443
8583534
8583583
8583600
8583906
8584138
8584151
8584175
8584181
8584358
8584364
8584404
8584436
8584468
8584502
8584688
8584720
8584752
8584784
8585021
8585144
8585220
8585296
8585491
8585497
8585524
8585661
8585769
8585864
8586134
8586147
8586284
8586444
8586513
8586519
8586533
8586682
8586790
8586875
8587092
8587105
8587169
8587231
8587244
8587380
8587488
8587721
8587796
8587976
8588040
8588046
8588095
8588101
8588158
8588191
8588227
8588358
8588466
8588561
8588866
8588991
8589101
8589196
8589466
8589530
8589536
8589575
8589593
8589625
8589638
8589916
8589922
8589929
8590016
8590022
8590080
8590086
8590149
8590221
8590285
8590291
8590327
8590363
8590489
8590597
8590953
8590959
8591015
8591070
8591127
8591184
8591241
8591247
8591283
8591319
8591355
8591507
8591556
8591592
8591687
8591906
8591977
8592085
8592180
8592483
8592559
8592726
8592732
8592756
8592782
8592797
8592880
8592893
8593032
8593140
8593235
8593505
8593720
8593757
8593763
8593769
8593799
8593861
8593903
8594027
8594137
8594232
8594451
8595261
8595299
8595685
8595801
8595935
8595976
8596090
8596250
8596261
8596280
8596309
8596475
8596486
8596499
8596992
8597020
8597391
8597539
8597853
8598078
8598281
8598300
8598421
8598431
8598545
8598599
8598615
8598710
8598878
8598976
8599267
8599411
8599495
8599514
8599600
8599648
8599924
8600338
8600545
8600580
8600895
8600908
8600919
8600942
8601023
8601043
8601155
8601243
8601275
8601281
8601290
8601342
8601403
8601535
8601552
8601606
8601646
8601797
8601825
8601831
8603037
8603225
8603233
8603245
8603338
8603362
8603406
8603486
8603561
8603639
8603645
8603657
8603664
8603675
8603696
8603703
8603739
8604040
8604377
8604400
8604633
8604729
8604814
8605158
8605552
8605739
8605998
8606609
8606795
8606801
8606827
8606875
8606920
8606929
8607020
8607106
8607129
8607144
8607155
8607195
8607235
8607339
8607652
8608051
8608069
8608115
8608191
8608217
8608231
8608246
8608265
8608285
8608313
8609097
8609108
8609130
8609245
8609582
8609593
8609611
8609984
8610147
8610484
8610919
8611157
8611168
8611225
8611271
8611725
8611762
8611881
8611917
8612009
8612025
8612079
8612174
8612391
8612493
8612561
8612641
8612747
8612842
8613061
8613130
8613167
8613335
8613371
8613407
8613548
8613581
8613812
8613937
8613986
8614035
8614133
8614177
8615105
8615375
8615381
8615387
8615393
8615414
8615484
8615554
8615562
8615569
8615666
8615690
8615701
8615712
8615723
8615837
8615843
8615970
8616098
8616237
8616311
8616423
8616634
8616640
8616695
8616722
8616770
8616976
8616995
8617091
8617174
8617196
8617211
8617237
8617864
8618535
8619271
8619326
8620141
8620182
8620241
8620273
8620433
8620483
8621253
8621652
8621919
8622276
8622554
8622602
8622869
8622977
8623197
8623211
8623317
8623427
8623482
8623844
8624268
8624330
8624402
8624561
8624595
8625398
8625442
8625455
8625552
8625577
8625651
8625722
8625734
8625867
8625930
8625948
8625966
8625978
8625999
8626043
8626049
8626060
8626067
8626119
8626242
8626313
8626326
8626409
8626495
8626592
8626877
8626884
8626891
8626953
8626992
8626999
8627057
8627154
8627224
8627290
8627357
8627393
8627404
8627411
8627420
8627738
8627762
8627780
8627803
8627812
8627865
8627874
8628063
8628125
8628203
8628209
8628226
8628235
8628298
8628325
8628484
8628507
8628541
8628552
8628563
8628575
8628583
8628590
8628627
8629324
8629481
8629561
8629779
8629819
8629841
8629866
8629888
8630036
8630073
8630105
8630225
8630256
8630288
8630316
8630322
8630328
8630358
8630418
8630996
8631152
8631249
8631397
8631498
8631612
8631644
8631668
8631799
8631907
8632002
8632221
8632257
8632844
8632862
8632940
8633066
8633105
8633298
8633385
8633404
8633415
8633421
8633451
8633548
8633999
8634005
8634036
8634056
8634075
8634212
8634222
8634406
8634441
8634545
8634570
8634649
8634709
8634808
8634827
8634842
8634865
8634871
8634917
8635000
8635024
8635045
8635417
8635565
8635608
8635629
8635648
8636062
8636125
8636149
8636296
8636310
8636324
8636371
8636383
8636427
8636478
8636599
8636620
8636660
8636671
8636864
8636895
8637106
8637223
8637249
8637263
8637335
8637360
8637375
8637534
8637672
8637947
8637959
8638361
8638435
8638498
8638588
8638595
8638602
8638608
8638614
8638621
8638770
8638776
8638782
8638788
8638794
8638800
8638806
8638848
8639030
8639230
8640427
8640584
8640599
8640628
8640706
8641943
8641965
8642069
8642234
8642378
8642624
8642677
8642714
8643144
8643539
8643894
8643910
8643945
8644343
8644354
8644367
8644380
8644395
8644408
8644423
8644432
8644441
8644450
8644459
8644473
8644487
8644501
8645276
8645379
8645443
8645514
8645846
8645892
8646233
8646239
8646494
8646670
8647597
8647722
8647729
8647736
8647743
8647750
8647757
8647764
8647807
8647853
8648132
8648252
8648372
8648393
8648448
8648927
8649832
8649838
8650193
8650509
8650599
8650863
8650887
8650895
8651010
8651026
8651044
8651270
8651413
8651459
8651660
8651666
8651677
8651694
8651704
8651756
8651797
8651803
8652034
8652044
8652434
8652626
8652634
8652694
8652783
8652900
8652924
8652990
8653002
8653014
8653020
8653202
8653208
8653219
8653227
8653246
8653270
8653346
8653354
8653459
8653476
8653542
8654001
8654243
8654266
8654277
8654486
8654497
8654884
8654986
8655145
8655356
8655392
8655536
8655755
8656520
8656567
8656654
8656693
8656800
8657021
8657032
8657080
8657414
8657483
8657530
8657551
8657589
8657799
8657814
8657845
8657865
8657885
8657912
8658172
8658202
8658329
8658598
8658773
8658811
8658908
8658929
8658944
8658978
8659058
8659071
8659235
8659246
8659329
8659345
8659356
8659398
8659463
8659559
8659566
8659572
8659632
8659658
8659690
8659725
8659806
8659830
8660421
8660427
8660433
8660490
8660558
8660849
8661448
8661736
8661799
8661836
8661911
8662211
8662217
8662229
8662241
8662536
8662581
8662929
8662952
8662958
8663204
8664552
8664589
8664655
8664871
8664908
8665483
8665949
8667494
8667629
8667737
8667832
8668406
8668532
8668600
8668708
8668927
8669022
8669242
8669397
8669424
8669535
8669547
8669667
8669925
8669959
8669972
8669978
8669989
8670042
8670068
8670088
8670293
8670359
8670574
8670599
8670758
8671036
8671214
8671271
8671361
8672341
8672444
8672485
8672532
8672550
8672568
8672577
8672656
8672829
8672943
8672972
8673168
8673239
8673291
8673330
8673380
8673407
8673447
8673591
8673667
8673698
8673723
8673802
8673867
8674111
8674121
8674163
8674246
8674286
8674503
8674638
8674662
8674695
8674768
8674833
8674923
8675806
8675914
8676000
8676174
8676445
8676536
8676571
8676809
8676922
8677104
8677143
8677172
8677192
8677384
8677405
8677430
8677442
8677468
8677586
8677960
8678129
8678334
8678397
8678505
8678547
8678812
8679026
8679669
8679714
8680313
8680909
8681063
8681098
8681138
8681263
8681315
8681390
8681444
8681568
8681575
8681618
8681735
8681819
8681930
8681951
8682191
8682258
8682507
8682529
8682544
8682603
8682764
8683024
8683116
8683373
8683464
8683492
8683605
8683686
8683692
8683734
8683759
8684462
8684725
8685702
8685764
8685905
8686036
8686189
8686324
8687186
8687207
8687246
8687348
8687359
8687419
8687529
8687546
8687557
8687743
8687754
8687787
8687803
8687942
8687948
8688090
8688096
8688174
8688886
8688954
8689166
8689369
8689400
8689553
8689589
8689620
8689680
8689686
8689692
8689716
8689778
8689796
8689871
8689907
8690039
8690134
8690353
8690380
8690386
8690392
8690422
8690428
8690445
8690460
8690480
8690519
8690641
8690647
8690653
8690683
8690745
8691005
8691041
8691170
8691213
8691264
8691306
8691401
8691620
8691752
8691837
8691946
8692022
8692156
8692172
8692281
8693061
8693192
8693245
8693252
8693264
8693321
8693345
8693476
8693518
8693639
8693956
8694107
8694125
8694178
8694185
8695015
8695085
8695188
8695716
8695723
8695729
8695779
8696358
8696797
8697284
8697352
8697519
8697549
8697573
8697666
8697672
8697941
8697961
8698124
8698218
8698249
8698261
8698282
8698464
8698537
8698793
8699037
8699046
8699121
8699348
8699363
8699369
8699401
8699529
8699581
8699587
8699599
8699650
8699662
8699695
8699758
8699812
8699909
8699973
8700165
8700201
8700208
8700253
8700288
8700891
8701206
8701312
8701362
8701391
8701630
8702289
8702319
8702382
8702809
8702893
8702936
8702977
8702990
8702996
8703003
8703020
8703211
8703324
8703516
8703561
8703577
8704097
8704154
8704321
8704549
8705084
8705099
8705114
8705129
8705150
8705165
8705502
8705517
8705532
8705547
8705562
8705694
8705715
8705755
8706993
8707362
8707612
8708457
8708516
8708834
8708840
8708846
8708854
8709042
8709058
8709110
8709161
8709181
8709210
8709257
8709299
8709335
8709372
8709447
8709491
8709536
8709674
8709769
8709988
8710024
8710161
8710380
8710526
8710532
8710538
8710568
8710630
8710697
8710703
8710709
8710739
8710783
8710864
8710972
8711080
8711127
8711173
8711216
8711361
8711435
8711496
8711591
8711963
8712299
8712329
8712515
8712537
8712559
8712581
8712597
8712644
8712665
8712685
8712706
8712727
8712747
8712762
8712768
8712832
8712852
8712866
8713282
8713309
8713326
8714948
8714959
8714970
8715291
8715321
8715347
8715746
8715752
8715899
8716110
8716322
8716333
8716344
8716793
8716836
8716898
8716942
8716948
8716978
8717093
8717100
8717118
8717160
8717394
8717429
8717449
8717829
8718227
8718288
8718335
8718738
8718748
8718891
8718904
8718927
8718952
8718973
8719001
8719057
8719069
8719131
8719184
8719196
8719229
8719397
8719568
8719657
8719710
8719780
8719828
8719884
8719980
8719993
8720007
8720022
8720196
8720426
8720437
8720449
8720467
8720478
8721436
8721553
8721615
8721752
8721793
8722643
8722760
8722789
8722814
8722895
8722924
8722949
8723009
8723513
8723541
8723641
8723659
8723686
8723711
8723740
8723762
8723836
8723842
8723848
8723854
8723876
8723903
8723925
8723947
8723969
8723991
8724013
8724035
8724057
8724079
8724101
8724123
8724378
8724478
8724486
8724504
8724510
8724782
8724811
8724841
8725105
8725281
8725314
8725321
8725523
8725649
8725744
8725965
8726017
8726054
8726085
8726228
8726234
8726357
8726363
8726542
8726640
8726918
8727127
8727133
8727157
8727163
8727220
8727235
8727553
8727589
8727720
8727828
8727923
8728144
8728218
8728320
8728396
8728433
8728471
8728546
8728616
8728892
8728961
8729197
8729213
8729237
8729247
8729255
8729279
8729289
8729297
8729338
8729633
8729813
8730046
8730053
8730060
8730067
8730080
8730150
8730197
8730203
8730223
8730356
8730362
8730447
8730518
8730585
8730671
8730903
8730957
8731194
8731255
8731469
8731683
8731949
8732005
8732031
8732256
8732591
8733072
8733078
8733084
8733091
8733098
8733233
8733254
8733298
8733312
8733415
8733465
8733485
8733520
8733736
8734125
8734620
8734692
8734933
8735016
8735034
8735072
8735127
8735149
8736338
8736499
8736627
8737604
8738076
8738095
8739727
8740438
8740747
8740803
8740810
8740911
8741156
8741524
8741538
8741620
8741654
8741977
8742391
8742448
8742471
8742486
8742596
8742723
8742818
8743047
8743069
8743099
8743121
8743141
8743177
8743213
8743282
8743534
8743602
8743672
8743802
8743910
8744005
8744377
8744533
8744628
8744847
8745044
8745168
8745278
8745373
8745592
8745727
8745822
8746041
8746077
8746172
8746423
8746553
8746661
8746730
8746895
8746958
8747084
8747192
8747287
8747554
8747716
8747811
8748031
8748203
8748281
8748361
8748495
8748623
8748731
8748826
8748853
8748913
8748978
8749047
8749122
8749140
8749259
8749350
8751549
8751584
8751654
8751664
8751679
8751694
8751705
8751760
8751771
8751806
8751812
8751897
8752099
8752105
8752149
8752303
8752361
8752391
8752533
8752545
8752642
8753557
8753568
8753648
8754038
8756035
8756458
8756557
8756657
8756765
8756818
8756851
8757307
8757572
8757858
8759213
8759477
8759491
8759962
8760066
8760077
8760106
8760170
8760763
8760837
8761055
8761186
8761199
8761339
8761355
8761431
8761438
8763246
8763472
8763685
8765109
8765853
8766899
8766979
8767039
8767071
8767199
8767307
8767402
8767621
8767661
8767705
8767781
8767841
8767847
8767853
8767883
8767945
8768011
8768017
8768023
8768053
8768115
8768157
8768274
8768450
8768558
8768703
8768811
8768906
8769157
8769193
8769608
8769645
8769651
8769657
8769687
8769749
8769856
8769941
8770197
8770270
8770394
8770504
8770599
8770818
8770935
8771132
8771175
8771253
8771362
8771456
8771486
8771581
8771827
8771989
8772066
8772094
8772329
8772348
8772375
8772381
8772387
8772393
8772399
8772405
8772411
8772459
8772465
8772534
8772553
8772578
8773147
8773321
8773369
8773417
8773475
8773506
8773683
8773694
8773705
8773839
8773845
8774109
8774115
8774161
8774409
8774461
8774476
8774553
8774612
8774621
8774630
8774704
8774716
8774792
8774807
8775058
8775070
8775168
8775239
8775301
8775318
8775391
8775410
8775429
8775481
8775517
8775526
8775699
8775712
8775833
8775853
8775873
8776064
8776073
8776167
8776173
8776335
8776348
8776659
8776665
8776745
8776808
8776814
8776838
8776864
8776879
8776957
8776972
8776993
8777014
8777027
8777040
8777064
8777088
8777141
8777200
8777213
8777446
8777459
8777486
8777540
8777620
8777626
8777656
8777679
8777702
8777724
8777730
8777736
8777749
8777980
8777993
8778104
8778235
8778241
8778247
8778352
8778378
8778406
8778422
8778448
8778476
8778491
8778506
8778532
8778558
8778683
8778703
8778715
8778727
8778740
8779005
8779024
8779157
8779287
8779293
8779305
8779317
8779406
8779494
8779500
8779539
8779578
8779600
8779622
8779660
8779698
8779723
8779748
8779784
8779820
8779950
8780008
8780033
8780047
8780053
8780138
8780151
8780164
8780270
8780388
8780436
8780498
8780609
8780641
8780647
8780677
8780722
8780767
8780782
8780842
8780858
8780883
8780889
8780907
8780988
8781038
8781186
8781369
8781375
8781381
8781567
8781902
8781954
8781969
8782061
8782165
8782205
8782338
8782529
8782802
8782810
8782911
8783193
8783366
8783373
8783427
8783445
8783466
8783497
8783515
8783681
8783800
8783832
8784219
8784306
8784317
8784643
8784675
8784851
8784919
8784955
8784961
8784972
8785492
8785548
8785592
8785727
8785755
8785929
8785965
8786144
8786188
8786290
8786411
8786506
8786601
8786820
8786915
8787134
8787210
8787309
8787408
8787582
8787594
8787768
8787905
8788013
8788110
8788143
8788239
8788268
8788345
8789308
8789404
8789433
8789510
8790446
8790553
8790721
8790732
8790760
8790804
8791108
8791141
8791165
8791222
8791329
8791699
8791765
8791800
8791835
8791900
8791918
8791936
8791954
8791972
8792021
8792119
8792147
8792158
8792169
8792180
8792191
8792220
8792518
8792615
8792889
8793128
8793157
8793290
8793297
8793478
8793485
8793511
8794005
8794629
8794807
8794881
8795007
8795241
8795247
8795253
8795259
8795265
8795271
8795277
8795283
8795329
8796773
8796848
8796883
8797411
8797782
8797788
8798031
8798486
8798503
8798531
8798558
8798569
8798637
8798764
8798881
8798913
8798930
8798981
8799001
8799018
8799027
8799054
8799090
8799104
8799218
8799247
8799574
8799596
8799609
8799620
8799628
8799705
8799756
8799766
8799989
8800011
8800231
8800323
8800348
8800463
8800485
8800540
8800566
8800640
8800714
8800736
8800791
8800942
8800970
8801187
8801209
8801371
8801433
8801458
8801478
8801484
8801496
8802601
8802670
8802735
8802812
8802843
8802849
8802855
8802891
8802927
8802938
8802984
8802995
8803041
8803052
8803098
8803109
8803155
8803166
8803505
8803511
8803535
8803561
8803576
8803621
8803627
8803651
8803716
8803760
8803766
8803790
8803855
8803870
8803915
8803921
8803945
8804010
8804025
8804074
8804149
8804186
8804359
8804467
8804562
8804778
8804864
8804959
8805756
8805762
8805768
8805798
8805858
8805998
8806004
8806010
8806040
8806102
8806144
8806222
8806390
8806594
8806919
8807201
8807675
8807693
8807711
8807740
8808500
8808545
8808578
8808611
8808721
8808832
8808844
8808910
8808929
8809031
8809080
8809129
8809187
8809211
8809239
8809255
8809461
8809473
8809493
8809500
8809566
8809639
8809906
8810053
8810059
8810065
8810093
8810113
8810144
8810150
8810231
8810263
8810519
8810873
8810924
8811189
8811207
8811216
8811410
8811431
8811470
8811509
8811515
8811521
8811550
8811649
8811700
8811857
8811868
8812299
8812421
8812448
8812628
8812749
8812755
8812770
8812960
8812977
8813208
8813311
8813411
8813513
8813631
8813746
8813756
8813933
8813944
8813964
8814011
8814090
8814141
8814191
8814245
8814257
8814271
8814291
8814311
8814385
8814479
8815115
8815154
8815353
8815395
8815501
8815691
8816082
8816358
8816427
8816865
8817310
8817498
8817684
8817706
8817804
8818007
8818634
8818705
8818786
8819054
8819073
8819106
8819140
8819174
8819180
8819186
8819231
8819370
8819383
8819495
8819527
8819583
8819704
8820487
8820493
8820499
8820621
8820642
8820655
8820666
8820677
8820744
8820764
8820770
8820935
8820952
8820990
8820997
8821222
8821229
8821250
8821276
8821348
